SMILES,AW_ST_CMC,Molecular_Weight,InChI,source_doi,reference_doi
CCCCCCCC[N+](C)(C)CCCCCCCC.[Br-],23.0,350.4289999999999,"InChI=1S/C18H40N.BrH/c1-5-7-9-11-13-15-17-19(3,4)18-16-14-12-10-8-6-2;/h5-18H2,1-4H3;1H/q+1;/p-1",10.1016/j.ces.2022.118208,10.1201/9780203911518
CCCCCCCCCC[N+](C)(C)CCCCCCCCCC.[Br-],24.0,406.5370000000001,"InChI=1S/C22H48N.BrH/c1-5-7-9-11-13-15-17-19-21-23(3,4)22-20-18-16-14-12-10-8-6-2;/h5-22H2,1-4H3;1H/q+1;/p-1",10.1016/j.ces.2022.118208,10.1201/9780203911518
CCCCCCCCCCCC[N+](C)(C)CCCCCCCCCCCC.[Br-],25.0,462.64500000000027,"InChI=1S/C26H56N.BrH/c1-5-7-9-11-13-15-17-19-21-23-25-27(3,4)26-24-22-20-18-16-14-12-10-8-6-2;/h5-26H2,1-4H3;1H/q+1;/p-1",10.1016/j.ces.2022.118208,10.1201/9780203911518
CCCCCCCCCCCC[N+](C)CC(C)O.[I-],28.1,384.36599999999993,"InChI=1S/C16H35NO.HI/c1-4-5-6-7-8-9-10-11-12-13-14-17(3)15-16(2)18;/h16,18H,4-15H2,1-3H3;1H/q+1;/p-1",10.1016/j.ces.2022.118208,10.1007/s11743-015-1762-y
CCCCCCCCCCCC[N+]CC(C)O.[Br-],26.1,322.33099999999996,"InChI=1S/C15H32NO.BrH/c1-3-4-5-6-7-8-9-10-11-12-13-16-14-15(2)17;/h15,17H,3-14H2,1-2H3;1H/q+1;/p-1",10.1016/j.ces.2022.118208,10.1007/s11743-015-1762-y
CCCCCCCCCCCC[N+]CC(C)O.[Cl-],26.4,277.88,"InChI=1S/C15H32NO.ClH/c1-3-4-5-6-7-8-9-10-11-12-13-16-14-15(2)17;/h15,17H,3-14H2,1-2H3;1H/q+1;/p-1",10.1016/j.ces.2022.118208,10.1007/s11743-015-1762-y
CCCCCCCCCCCC[N+](CC)CC(C)O.[Br-],27.4,351.393,"InChI=1S/C17H37NO.BrH/c1-4-6-7-8-9-10-11-12-13-14-15-18(5-2)16-17(3)19;/h17,19H,4-16H2,1-3H3;1H/q+1;/p-1",10.1016/j.ces.2022.118208,10.1007/s11743-015-1762-y
CCCCCCCCCCCC[N+](CCC)CC(C)O.[Br-],26.2,365.42,"InChI=1S/C18H39NO.BrH/c1-4-6-7-8-9-10-11-12-13-14-16-19(15-5-2)17-18(3)20;/h18,20H,4-17H2,1-3H3;1H/q+1;/p-1",10.1016/j.ces.2022.118208,10.1007/s11743-015-1762-y
CCCCCCCCC(CCCCCC)C[N+](C)(C)C.[Cl-],26.2,320.005,"InChI=1S/C19H42N.ClH/c1-6-8-10-12-13-15-17-19(18-20(3,4)5)16-14-11-9-7-2;/h19H,6-18H2,1-5H3;1H/q+1;/p-1",10.1016/j.ces.2022.118208,10.1007/s00396-015-3771-9
CCCCCCCCCCCC[N+].[Cl-],29.0,218.79199999999997,"InChI=1S/C12H25N.ClH/c1-2-3-4-5-6-7-8-9-10-11-12-13;/h2-12H2,1H3;1H/q+1;/p-1",10.1016/j.ces.2022.118208,10.1006/jcis.1994.1186
CCCCCCCCCCCC[N+]C.[Cl-],34.0,233.82699999999997,"InChI=1S/C13H28N.ClH/c1-3-4-5-6-7-8-9-10-11-12-13-14-2;/h3-13H2,1-2H3;1H/q+1;/p-1",10.1016/j.ces.2022.118208,10.1006/jcis.1994.1186
CCCCCC[N+](C)(C)CCSCC[N+](C)(C)CCCCCC.[Br-].[Br-],28.7,506.47700000000015,"InChI=1S/C20H46N2S.2BrH/c1-7-9-11-13-15-21(3,4)17-19-23-20-18-22(5,6)16-14-12-10-8-2;;/h7-20H2,1-6H3;2*1H/q+2;;/p-2",10.1016/j.ces.2022.118208,10.1016/0021-9797(86)90417-0
CCCCCCCCCCCC[N+](C)(C)CCSCC[N+](C)(C)CCCCCCCCCCCC.[Br-].[Br-],34.5,674.8010000000005,"InChI=1S/C32H70N2S.2BrH/c1-7-9-11-13-15-17-19-21-23-25-27-33(3,4)29-31-35-32-30-34(5,6)28-26-24-22-20-18-16-14-12-10-8-2;;/h7-32H2,1-6H3;2*1H/q+2;;/p-2",10.1016/j.ces.2022.118208,10.1016/0021-9797(86)90417-0
CCCCCCCCCCCCCC[N+](C)(C)CCSCC[N+](C)(C)CCCCCCCCCCCCCC.[Br-].[Br-],33.9,730.9090000000004,"InChI=1S/C36H78N2S.2BrH/c1-7-9-11-13-15-17-19-21-23-25-27-29-31-37(3,4)33-35-39-36-34-38(5,6)32-30-28-26-24-22-20-18-16-14-12-10-8-2;;/h7-36H2,1-6H3;2*1H/q+2;;/p-2",10.1016/j.ces.2022.118208,10.1016/0021-9797(86)90417-0
CCCCCCCCCC[N+](C)(C)CCSCC[N+](C)(C)CCCCCCCCCC.[Br-].[Br-],35.0,618.6930000000004,"InChI=1S/C28H62N2S.2BrH/c1-7-9-11-13-15-17-19-21-23-29(3,4)25-27-31-28-26-30(5,6)24-22-20-18-16-14-12-10-8-2;;/h7-28H2,1-6H3;2*1H/q+2;;/p-2",10.1016/j.ces.2022.118208,10.1016/0021-9797(86)90417-0
CCCCCCCC[N+](C)(C)CCN(C)CC[N+](C)(C)CCCCCCCC.[Br-].[Br-],37.1,559.5600000000004,"InChI=1S/C25H57N3.2BrH/c1-8-10-12-14-16-18-22-27(4,5)24-20-26(3)21-25-28(6,7)23-19-17-15-13-11-9-2;;/h8-25H2,1-7H3;2*1H/q+2;;/p-2",10.1016/j.ces.2022.118208,10.1016/0021-9797(86)90417-0
CCCCCCCCC[N+](C)(C)CCN(C)CC[N+](C)(C)CCCCCCCCC.[Br-].[Br-],38.0,587.6140000000004,"InChI=1S/C27H61N3.2BrH/c1-8-10-12-14-16-18-20-24-29(4,5)26-22-28(3)23-27-30(6,7)25-21-19-17-15-13-11-9-2;;/h8-27H2,1-7H3;2*1H/q+2;;/p-2",10.1016/j.ces.2022.118208,10.1016/0021-9797(86)90417-0
CCCCCCCCCCC[N+](C)(C)CCN(C)CC[N+](C)(C)CCCCCCCCCCC.[Br-].[Br-],37.5,643.7220000000005,"InChI=1S/C31H69N3.2BrH/c1-8-10-12-14-16-18-20-22-24-28-33(4,5)30-26-32(3)27-31-34(6,7)29-25-23-21-19-17-15-13-11-9-2;;/h8-31H2,1-7H3;2*1H/q+2;;/p-2",10.1016/j.ces.2022.118208,10.1016/0021-9797(86)90417-0
CCCCCCCCCCCCC[N+](C)(C)CCN(C)CC[N+](C)(C)CCCCCCCCCCCCC.[Br-].[Br-],38.0,699.8300000000005,"InChI=1S/C35H77N3.2BrH/c1-8-10-12-14-16-18-20-22-24-26-28-32-37(4,5)34-30-36(3)31-35-38(6,7)33-29-27-25-23-21-19-17-15-13-11-9-2;;/h8-35H2,1-7H3;2*1H/q+2;;/p-2",10.1016/j.ces.2022.118208,10.1016/0021-9797(86)90417-0
CCCCCCCCCCCCCC[N+](C)(C)CCN(C)CC[N+](C)(C)CCCCCCCCCCCCCC.[Br-].[Br-],38.0,727.8840000000005,"InChI=1S/C37H81N3.2BrH/c1-8-10-12-14-16-18-20-22-24-26-28-30-34-39(4,5)36-32-38(3)33-37-40(6,7)35-31-29-27-25-23-21-19-17-15-13-11-9-2;;/h8-37H2,1-7H3;2*1H/q+2;;/p-2",10.1016/j.ces.2022.118208,10.1016/0021-9797(86)90417-0
CCCCCCCCC[N+](C)(C)CCCCC[N+](C)(C)CCCCCCCCC.[Br-].[Br-],39.7,572.5990000000004,"InChI=1S/C27H60N2.2BrH/c1-7-9-11-13-15-17-20-24-28(3,4)26-22-19-23-27-29(5,6)25-21-18-16-14-12-10-8-2;;/h7-27H2,1-6H3;2*1H/q+2;;/p-2",10.1016/j.ces.2022.118208,10.1016/0021-9797(86)90417-0
CCCCCCCCCC[N+](C)(C)CCCCC[N+](C)(C)CCCCCCCCCC.[Br-].[Br-],39.5,600.6530000000004,"InChI=1S/C29H64N2.2BrH/c1-7-9-11-13-15-17-19-22-26-30(3,4)28-24-21-25-29-31(5,6)27-23-20-18-16-14-12-10-8-2;;/h7-29H2,1-6H3;2*1H/q+2;;/p-2",10.1016/j.ces.2022.118208,10.1016/0021-9797(86)90417-0
CCCCCCCCCCCCC[N+](C)(C)CCCCC[N+](C)(C)CCCCCCCCCCCCC.[Br-].[Br-],39.7,684.8150000000006,"InChI=1S/C35H76N2.2BrH/c1-7-9-11-13-15-17-19-21-23-25-28-32-36(3,4)34-30-27-31-35-37(5,6)33-29-26-24-22-20-18-16-14-12-10-8-2;;/h7-35H2,1-6H3;2*1H/q+2;;/p-2",10.1016/j.ces.2022.118208,10.1016/0021-9797(86)90417-0
CCCCCCCCCCCCCC[N+](C)(C)CCCCC[N+](C)(C)CCCCCCCCCCCCCC.[Br-].[Br-],39.6,712.8690000000006,"InChI=1S/C37H80N2.2BrH/c1-7-9-11-13-15-17-19-21-23-25-27-30-34-38(3,4)36-32-29-33-37-39(5,6)35-31-28-26-24-22-20-18-16-14-12-10-8-2;;/h7-37H2,1-6H3;2*1H/q+2;;/p-2",10.1016/j.ces.2022.118208,10.1016/0021-9797(86)90417-0
CCCCCCCCCCC[N+](C)(C)CCOCC[N+](C)(C)CCCCCCCCCCC.[Br-].[Br-],39.1,630.6790000000005,"InChI=1S/C30H66N2O.2BrH/c1-7-9-11-13-15-17-19-21-23-25-31(3,4)27-29-33-30-28-32(5,6)26-24-22-20-18-16-14-12-10-8-2;;/h7-30H2,1-6H3;2*1H/q+2;;/p-2",10.1016/j.ces.2022.118208,10.1016/0021-9797(86)90417-0
CCCCCCCCCCCCC[N+](C)(C)CCOCC[N+](C)(C)CCCCCCCCCCCCC.[Br-].[Br-],39.7,686.7870000000006,"InChI=1S/C34H74N2O.2BrH/c1-7-9-11-13-15-17-19-21-23-25-27-29-35(3,4)31-33-37-34-32-36(5,6)30-28-26-24-22-20-18-16-14-12-10-8-2;;/h7-34H2,1-6H3;2*1H/q+2;;/p-2",10.1016/j.ces.2022.118208,10.1016/0021-9797(86)90417-0
CCCCCCCC[N+](C)(C)CCCCC[N+](C)(C)CCCCCCCC.[Br-].[Br-],40.3,544.5450000000003,"InChI=1S/C25H56N2.2BrH/c1-7-9-11-13-15-18-22-26(3,4)24-20-17-21-25-27(5,6)23-19-16-14-12-10-8-2;;/h7-25H2,1-6H3;2*1H/q+2;;/p-2",10.1016/j.ces.2022.118208,10.1016/0021-9797(86)90417-0
CCCCCCCCCCC[N+](C)(C)CCCCC[N+](C)(C)CCCCCCCCCCC.[Br-].[Br-],40.0,628.7070000000004,"InChI=1S/C31H68N2.2BrH/c1-7-9-11-13-15-17-19-21-24-28-32(3,4)30-26-23-27-31-33(5,6)29-25-22-20-18-16-14-12-10-8-2;;/h7-31H2,1-6H3;2*1H/q+2;;/p-2",10.1016/j.ces.2022.118208,10.1016/0021-9797(86)90417-0
CCCCCCCCCCCC[N+](C)(C)CCCCC[N+](C)(C)CCCCCCCCCCCC.[Br-].[Br-],40.1,656.7610000000005,"InChI=1S/C33H72N2.2BrH/c1-7-9-11-13-15-17-19-21-23-26-30-34(3,4)32-28-25-29-33-35(5,6)31-27-24-22-20-18-16-14-12-10-8-2;;/h7-33H2,1-6H3;2*1H/q+2;;/p-2",10.1016/j.ces.2022.118208,10.1016/0021-9797(86)90417-0
CCCCCCCCCCCCCCC[N+](C)(C)CCN(C)CC[N+](C)(C)CCCCCCCCCCCCCCC.[Br-].[Br-],40.1,755.9380000000003,"InChI=1S/C39H85N3.2BrH/c1-8-10-12-14-16-18-20-22-24-26-28-30-32-36-41(4,5)38-34-40(3)35-39-42(6,7)37-33-31-29-27-25-23-21-19-17-15-13-11-9-2;;/h8-39H2,1-7H3;2*1H/q+2;;/p-2",10.1016/j.ces.2022.118208,10.1016/0021-9797(86)90417-0
CCCCCCCCC[N+](C)(C)CCOCC[N+](C)(C)CCCCCCCCC.[Br-].[Br-],40.4,574.5710000000004,"InChI=1S/C26H58N2O.2BrH/c1-7-9-11-13-15-17-19-21-27(3,4)23-25-29-26-24-28(5,6)22-20-18-16-14-12-10-8-2;;/h7-26H2,1-6H3;2*1H/q+2;;/p-2",10.1016/j.ces.2022.118208,10.1016/0021-9797(86)90417-0
CCCCCCCCCC[N+](C)(C)CCOCC[N+](C)(C)CCCCCCCCCC.[Br-].[Br-],40.8,602.6250000000005,"InChI=1S/C28H62N2O.2BrH/c1-7-9-11-13-15-17-19-21-23-29(3,4)25-27-31-28-26-30(5,6)24-22-20-18-16-14-12-10-8-2;;/h7-28H2,1-6H3;2*1H/q+2;;/p-2",10.1016/j.ces.2022.118208,10.1016/0021-9797(86)90417-0
CCCCCCCCCCCCCCCCCC[N+](C)(C)CCSCC[N+](C)(C)CCCCCCCCCCCCCCCCCC.[Br-].[Br-],40.9,843.1249999999998,"InChI=1S/C44H94N2S.2BrH/c1-7-9-11-13-15-17-19-21-23-25-27-29-31-33-35-37-39-45(3,4)41-43-47-44-42-46(5,6)40-38-36-34-32-30-28-26-24-22-20-18-16-14-12-10-8-2;;/h7-44H2,1-6H3;2*1H/q+2;;/p-2",10.1016/j.ces.2022.118208,10.1016/0021-9797(86)90417-0
CCCCCCCCCCCCCCCC[N+](C)(C)CCN(C)CC[N+](C)(C)CCCCCCCCCCCCCCCC.[Br-].[Br-],42.9,783.9920000000002,"InChI=1S/C41H89N3.2BrH/c1-8-10-12-14-16-18-20-22-24-26-28-30-32-34-38-43(4,5)40-36-42(3)37-41-44(6,7)39-35-33-31-29-27-25-23-21-19-17-15-13-11-9-2;;/h8-41H2,1-7H3;2*1H/q+2;;/p-2",10.1016/j.ces.2022.118208,10.1016/0021-9797(86)90417-0
CCCCCCCCCCCCCCCC[N+](C)(C)CCSCC[N+](C)(C)CCCCCCCCCCCCCCCC.[Br-].[Br-],41.9,787.0170000000002,"InChI=1S/C40H86N2S.2BrH/c1-7-9-11-13-15-17-19-21-23-25-27-29-31-33-35-41(3,4)37-39-43-40-38-42(5,6)36-34-32-30-28-26-24-22-20-18-16-14-12-10-8-2;;/h7-40H2,1-6H3;2*1H/q+2;;/p-2",10.1016/j.ces.2022.118208,10.1016/0021-9797(86)90417-0
CCCCCCCCCCCC[N+](C)(C)CC(O)C[N+](CCCCCC)(CCCCCC)CC(O)C[N+](C)(C)CCCCCCCCCCCC.[Cl-].[Cl-].[Cl-],30.0,833.6839999999995,"InChI=1S/C46H100N3O2.3ClH/c1-9-13-17-21-23-25-27-29-31-33-37-47(5,6)41-45(50)43-49(39-35-19-15-11-3,40-36-20-16-12-4)44-46(51)42-48(7,8)38-34-32-30-28-26-24-22-18-14-10-2;;;/h45-46,50-51H,9-44H2,1-8H3;3*1H/q+3;;;/p-3",10.1016/j.ces.2022.118208,10.1021/la702619a
CCCCCCCCCCCC[N+](C)(C)CC(O)C[N+](CC)(CC)CC(O)C[N+](C)(C)CCCCCCCCCCCC.[Cl-].[Cl-].[Cl-],34.0,721.4679999999998,"InChI=1S/C38H84N3O2.3ClH/c1-9-13-15-17-19-21-23-25-27-29-31-39(5,6)33-37(42)35-41(11-3,12-4)36-38(43)34-40(7,8)32-30-28-26-24-22-20-18-16-14-10-2;;;/h37-38,42-43H,9-36H2,1-8H3;3*1H/q+3;;;/p-3",10.1016/j.ces.2022.118208,10.1021/la702619a
CCCCCCCCCCCC[N+](C)(C)CC(O)CN(CCCCCC)CC(O)C[N+](C)(C)CCCCCCCCCCCC.[Cl-].[Cl-],35.0,713.0609999999998,"InChI=1S/C40H87N3O2.2ClH/c1-8-11-14-17-19-21-23-25-27-30-33-42(4,5)37-39(44)35-41(32-29-16-13-10-3)36-40(45)38-43(6,7)34-31-28-26-24-22-20-18-15-12-9-2;;/h39-40,44-45H,8-38H2,1-7H3;2*1H/q+2;;/p-2",10.1016/j.ces.2022.118208,10.1021/la702619a
CCCCCCCCCCCC[N+](C)(C)CC(O)CN(CC)CC(O)C[N+](C)(C)CCCCCCCCCCCC.[Cl-].[Cl-],38.0,656.9530000000001,"InChI=1S/C36H79N3O2.2ClH/c1-8-11-13-15-17-19-21-23-25-27-29-38(4,5)33-35(40)31-37(10-3)32-36(41)34-39(6,7)30-28-26-24-22-20-18-16-14-12-9-2;;/h35-36,40-41H,8-34H2,1-7H3;2*1H/q+2;;/p-2",10.1016/j.ces.2022.118208,10.1021/la702619a
CCCCCCCCCCCCCCCC[N+](C)(C)CC(=O)Nc1ccccc1.[Cl-],32.4,439.1280000000004,"InChI=1S/C26H46N2O.ClH/c1-4-5-6-7-8-9-10-11-12-13-14-15-16-20-23-28(2,3)24-26(29)27-25-21-18-17-19-22-25;/h17-19,21-22H,4-16,20,23-24H2,1-3H3;1H",10.1016/j.ces.2022.118208,10.1021/acsomega.0c00294
CCCCCCCCCCCCCCCC[N+](C)(C)Cc1ccccc1.[Cl-],40.5,396.1030000000002,"InChI=1S/C25H46N.ClH/c1-4-5-6-7-8-9-10-11-12-13-14-15-16-20-23-26(2,3)24-25-21-18-17-19-22-25;/h17-19,21-22H,4-16,20,23-24H2,1-3H3;1H/q+1;/p-1",10.1016/j.ces.2022.118208,10.1021/acsomega.0c00294
CCCCCCCCCC[N+](C)(C)CC[N+](C)(C)CCCCCCCCCC.[Br-].[Br-],32.0,558.5720000000003,"InChI=1S/C26H58N2.2BrH/c1-7-9-11-13-15-17-19-21-23-27(3,4)25-26-28(5,6)24-22-20-18-16-14-12-10-8-2;;/h7-26H2,1-6H3;2*1H/q+2;;/p-2",10.1016/j.ces.2022.118208,10.1016/0927-7757(95)03383-1
CCCCCCCCCCCC[N+](C)(C)CCCCCCCCCC[N+](C)(C)CCCCCCCCCCCC.[Br-].[Br-],43.0,726.8960000000005,"InChI=1S/C38H82N2.2BrH/c1-7-9-11-13-15-17-19-23-27-31-35-39(3,4)37-33-29-25-21-22-26-30-34-38-40(5,6)36-32-28-24-20-18-16-14-12-10-8-2;;/h7-38H2,1-6H3;2*1H/q+2;;/p-2",10.1016/j.ces.2022.118208,10.1016/0927-7757(95)03383-1
CCCCCCCCCCCC[N+](C)(C)CCCCCC[N+](C)(C)CCCCCCCCCCCC.[Br-].[Br-],41.0,670.7880000000006,"InChI=1S/C34H74N2.2BrH/c1-7-9-11-13-15-17-19-21-23-27-31-35(3,4)33-29-25-26-30-34-36(5,6)32-28-24-22-20-18-16-14-12-10-8-2;;/h7-34H2,1-6H3;2*1H/q+2;;/p-2",10.1016/j.ces.2022.118208,10.1016/0927-7757(95)03383-1
CCCCCCCCCCCC(=O)NC(CCCNC([N+])N)C(=O)OC.[Cl-],32.0,405.9910000000003,"InChI=1S/C19H38N4O3.ClH/c1-3-4-5-6-7-8-9-10-11-14-17(24)23-16(18(25)26-2)13-12-15-22-19(20)21;/h16,19,22H,3-15,20H2,1-2H3,(H,23,24);1H/q+1;/p-1",10.1016/j.ces.2022.118208,10.1016/j.crci.2004.02.009
CCCCCCCCCCCCCC(=O)NC(CCCNC([N+])N)C(=O)OC.[Cl-],32.0,434.0450000000004,"InChI=1S/C21H42N4O3.ClH/c1-3-4-5-6-7-8-9-10-11-12-13-16-19(26)25-18(20(27)28-2)15-14-17-24-21(22)23;/h18,21,24H,3-17,22H2,1-2H3,(H,25,26);1H/q+1;/p-1",10.1016/j.ces.2022.118208,10.1016/j.crci.2004.02.009
CCCCCCCCCCNC(=O)C([N+])CCCNC([N+])N.[Cl-].[Cl-],35.0,382.38,"InChI=1S/C16H33N5O.2ClH/c1-2-3-4-5-6-7-8-9-12-20-15(22)14(17)11-10-13-21-16(18)19;;/h14,16,21H,2-13,18H2,1H3,(H,20,22);2*1H/q+2;;/p-2",10.1016/j.ces.2022.118208,10.1016/j.crci.2004.02.009
CCCCCCCCOC(=O)C([N+])CCCNC([N+])N.[Cl-].[Cl-],35.0,355.30999999999983,"InChI=1S/C14H28N4O2.2ClH/c1-2-3-4-5-6-7-11-20-13(19)12(15)9-8-10-18-14(16)17;;/h12,14,18H,2-11,16H2,1H3;2*1H/q+2;;/p-2",10.1016/j.ces.2022.118208,10.1016/j.crci.2004.02.009
CCCCCCCCCCCCCCNC(=O)C([N+])CCCNC([N+])N.[Cl-].[Cl-],33.0,438.48800000000017,"InChI=1S/C20H41N5O.2ClH/c1-2-3-4-5-6-7-8-9-10-11-12-13-16-24-19(26)18(21)15-14-17-25-20(22)23;;/h18,20,25H,2-17,22H2,1H3,(H,24,26);2*1H/q+2;;/p-2",10.1016/j.ces.2022.118208,10.1016/j.crci.2004.02.009
CCCCCCCCCCOC(=O)C([N+])CCCNC([N+])N.[Cl-].[Cl-],34.0,383.3639999999999,"InChI=1S/C16H32N4O2.2ClH/c1-2-3-4-5-6-7-8-9-13-22-15(21)14(17)11-10-12-20-16(18)19;;/h14,16,20H,2-13,18H2,1H3;2*1H/q+2;;/p-2",10.1016/j.ces.2022.118208,10.1016/j.crci.2004.02.009
CCCCCCCCCC(=O)NC(CCCNC([N+])N)C(=O)OC.[Cl-],40.0,377.93700000000024,"InChI=1S/C17H34N4O3.ClH/c1-3-4-5-6-7-8-9-12-15(22)21-14(16(23)24-2)11-10-13-20-17(18)19;/h14,17,20H,3-13,18H2,1-2H3,(H,21,22);1H/q+1;/p-1",10.1016/j.ces.2022.118208,10.1016/j.crci.2004.02.009
CCCCCCCCCCCCCC[N+]CC(O)COCC(C)(COCC(O)C[N+]CCCCCCCCCCCCCC)COCC(O)C[N+]CCCCCCCCCCCCCC.[Cl-].[Cl-].[Cl-],34.0,1031.9019999999991,"InChI=1S/C56H114N3O6.3ClH/c1-5-8-11-14-17-20-23-26-29-32-35-38-41-57-44-53(60)47-63-50-56(4,51-64-48-54(61)45-58-42-39-36-33-30-27-24-21-18-15-12-9-6-2)52-65-49-55(62)46-59-43-40-37-34-31-28-25-22-19-16-13-10-7-3;;;/h53-55,60-62H,5-52H2,1-4H3;3*1H/q+3;;;/p-3",10.1016/j.ces.2022.118208,10.1007/s11743-007-1052-4
CCCCCCCCCC[N+]CC(O)COCC(C)(COCC(O)C[N+]CCCCCCCCCC)COCC(O)C[N+]CCCCCCCCCC.[Cl-].[Cl-].[Cl-],34.8,863.5779999999996,"InChI=1S/C44H90N3O6.3ClH/c1-5-8-11-14-17-20-23-26-29-45-32-41(48)35-51-38-44(4,39-52-36-42(49)33-46-30-27-24-21-18-15-12-9-6-2)40-53-37-43(50)34-47-31-28-25-22-19-16-13-10-7-3;;;/h41-43,48-50H,5-40H2,1-4H3;3*1H/q+3;;;/p-3",10.1016/j.ces.2022.118208,10.1007/s11743-007-1052-4
CCCCCCCCCCCC[N+](C)(C)CC(=O)Nc1ccccc1.[Cl-],33.3,383.0200000000002,"InChI=1S/C22H38N2O.ClH/c1-4-5-6-7-8-9-10-11-12-16-19-24(2,3)20-22(25)23-21-17-14-13-15-18-21;/h13-15,17-18H,4-12,16,19-20H2,1-3H3;1H",10.1016/j.ces.2022.118208,10.1002/jsde.12221
CCCCCCCCCCCC[N+](C)(C)CC(=O)Nc1nccs1.[Cl-],35.1,390.03700000000015,"InChI=1S/C19H35N3OS.ClH/c1-4-5-6-7-8-9-10-11-12-13-15-22(2,3)17-18(23)21-19-20-14-16-24-19;/h14,16H,4-13,15,17H2,1-3H3;1H",10.1016/j.ces.2022.118208,10.1002/jsde.12221
CCCCCCCCn1cc[n+](C)c1.[I-],34.5,322.23400000000004,"InChI=1S/C12H23N2.HI/c1-3-4-5-6-7-8-9-14-11-10-13(2)12-14;/h10-12H,3-9H2,1-2H3;1H/q+1;/p-1",10.1016/j.ces.2022.118208,10.1021/la035940m
CCCCCCCCn1cc[n+](C)c1.[Cl-],37.0,230.78300000000004,"InChI=1S/C12H23N2.ClH/c1-3-4-5-6-7-8-9-14-11-10-13(2)12-14;/h10-12H,3-9H2,1-2H3;1H/q+1;/p-1",10.1016/j.ces.2022.118208,10.1021/la035940m
CCCCCCCCCCCC[N+](C)(C)CCC[N+](C)(C)CCCCCCCCCCCC.[Br-].[Br-],34.0,628.7070000000004,"InChI=1S/C31H68N2.2BrH/c1-7-9-11-13-15-17-19-21-23-25-28-32(3,4)30-27-31-33(5,6)29-26-24-22-20-18-16-14-12-10-8-2;;/h7-31H2,1-6H3;2*1H/q+2;;/p-2",10.1016/j.ces.2022.118208,10.1016/j.colsurfa.2010.02.004
CCCCCCCCCCCC[N+](CCCC)(CCCC)CCCC.[Br-],35.5,434.5910000000002,"InChI=1S/C24H52N.BrH/c1-5-9-13-14-15-16-17-18-19-20-24-25(21-10-6-2,22-11-7-3)23-12-8-4;/h5-24H2,1-4H3;1H/q+1;/p-1",10.1016/j.ces.2022.118208,10.1016/j.colsurfa.2010.02.004
CCCCCCCCCCCC[N+](C)(C)CCCC[N+](C)(C)CCCCCCCCCCCC.[Br-].[Br-],38.0,642.7340000000005,"InChI=1S/C32H70N2.2BrH/c1-7-9-11-13-15-17-19-21-23-25-29-33(3,4)31-27-28-32-34(5,6)30-26-24-22-20-18-16-14-12-10-8-2;;/h7-32H2,1-6H3;2*1H/q+2;;/p-2",10.1016/j.ces.2022.118208,10.1016/j.colsurfa.2010.02.004
CCCCCCCCCCCC[N+](CC)(CC)CC.[Br-],39.0,350.4289999999999,"InChI=1S/C18H40N.BrH/c1-5-9-10-11-12-13-14-15-16-17-18-19(6-2,7-3)8-4;/h5-18H2,1-4H3;1H/q+1;/p-1",10.1016/j.ces.2022.118208,10.1016/j.colsurfa.2010.02.004
CCCCCCCCCCCC[N+](CCC)(CCC)CCC.[Br-],39.0,392.51000000000005,"InChI=1S/C21H46N.BrH/c1-5-9-10-11-12-13-14-15-16-17-21-22(18-6-2,19-7-3)20-8-4;/h5-21H2,1-4H3;1H/q+1;/p-1",10.1016/j.ces.2022.118208,10.1016/j.colsurfa.2010.02.004
CCCCCCCCCCCC(=O)NC(CCCNC(=[N+])N)C(=O)NCCCCCCNC(=O)C(CCCNC(=[N+])N)NC(=O)CCCCCCCCCCC.[Cl-].[Cl-],34.0,862.0899999999992,"InChI=1S/C42H82N10O4.2ClH/c1-3-5-7-9-11-13-15-17-21-29-37(53)51-35(27-25-33-49-41(43)44)39(55)47-31-23-19-20-24-32-48-40(56)36(28-26-34-50-42(45)46)52-38(54)30-22-18-16-14-12-10-8-6-4-2;;/h35-36,49-50H,3-34,43,45H2,1-2H3,(H,47,55)(H,48,56)(H,51,53)(H,52,54);2*1H/q+2;;/p-2",10.1016/j.ces.2022.118208,10.1021/la960301f
CCCCCCCCCCCC(=O)NC(CCCNC(=[N+])N)C(=O)NCCCNC(=O)C(CCCNC(=[N+])N)NC(=O)CCCCCCCCCCC.[Cl-].[Cl-],36.0,820.0089999999994,"InChI=1S/C39H76N10O4.2ClH/c1-3-5-7-9-11-13-15-17-19-26-34(50)48-32(24-21-28-46-38(40)41)36(52)44-30-23-31-45-37(53)33(25-22-29-47-39(42)43)49-35(51)27-20-18-16-14-12-10-8-6-4-2;;/h32-33,46-47H,3-31,40,42H2,1-2H3,(H,44,52)(H,45,53)(H,48,50)(H,49,51);2*1H/q+2;;/p-2",10.1016/j.ces.2022.118208,10.1021/la960301f
CCCCCCCCCCCC(=O)NC(CCCNC(=[N+])N)C(=O)NCCCCCCCCCNC(=O)C(CCCNC(=[N+])N)NC(=O)CCCCCCCCCCC.[Cl-].[Cl-],36.0,904.1709999999993,"InChI=1S/C45H88N10O4.2ClH/c1-3-5-7-9-11-13-16-20-24-32-40(56)54-38(30-28-36-52-44(46)47)42(58)50-34-26-22-18-15-19-23-27-35-51-43(59)39(31-29-37-53-45(48)49)55-41(57)33-25-21-17-14-12-10-8-6-4-2;;/h38-39,52-53H,3-37,46,48H2,1-2H3,(H,50,58)(H,51,59)(H,54,56)(H,55,57);2*1H/q+2;;/p-2",10.1016/j.ces.2022.118208,10.1021/la960301f
CCCCCCCC[N+](C)(C)CC[N+](C)(CCCCCCCC)CC[N+](C)(C)CCCCCCCC.[Br-].[Br-].[Br-],35.1,752.6880000000006,"InChI=1S/C33H74N3.3BrH/c1-9-12-15-18-21-24-27-34(4,5)30-32-36(8,29-26-23-20-17-14-11-3)33-31-35(6,7)28-25-22-19-16-13-10-2;;;/h9-33H2,1-8H3;3*1H/q+3;;;/p-3",10.1016/j.ces.2022.118208,10.1016/j.jcis.2003.12.021
CCCCCCCCCC[N+](C)(C)CC[N+](C)(CCCCCCCCCC)CC[N+](C)(C)CCCCCCCCCC.[Br-].[Br-].[Br-],25.8,836.8500000000004,"InChI=1S/C39H86N3.3BrH/c1-9-12-15-18-21-24-27-30-33-40(4,5)36-38-42(8,35-32-29-26-23-20-17-14-11-3)39-37-41(6,7)34-31-28-25-22-19-16-13-10-2;;;/h9-39H2,1-8H3;3*1H/q+3;;;/p-3",10.1016/j.ces.2022.118208,10.1016/j.jcis.2003.12.021
CCCCCCCCCCCC[N+](C)(C)CC[N+](C)(CCCCCCCCCCCC)CC[N+](C)(C)CCCCCCCCCCCC.[Br-].[Br-].[Br-],36.4,921.012,"InChI=1S/C45H98N3.3BrH/c1-9-12-15-18-21-24-27-30-33-36-39-46(4,5)42-44-48(8,41-38-35-32-29-26-23-20-17-14-11-3)45-43-47(6,7)40-37-34-31-28-25-22-19-16-13-10-2;;;/h9-45H2,1-8H3;3*1H/q+3;;;/p-3",10.1016/j.ces.2022.118208,10.1016/j.jcis.2003.12.021
CCCCCCCCCCCC[N+](C)(C)CC[N+](C)(C)CCCCCCCCCCCC.[Br-].[Br-],40.0,614.6800000000005,"InChI=1S/C30H66N2.2BrH/c1-7-9-11-13-15-17-19-21-23-25-27-31(3,4)29-30-32(5,6)28-26-24-22-20-18-16-14-12-10-8-2;;/h7-30H2,1-6H3;2*1H/q+2;;/p-2",10.1016/j.ces.2022.118208,10.1016/j.jcis.2003.12.021
CCCCCCCCCC[N+](C)(C)C.[Br-],36.2,280.294,"InChI=1S/C13H30N.BrH/c1-5-6-7-8-9-10-11-12-13-14(2,3)4;/h5-13H2,1-4H3;1H/q+1;/p-1",10.1016/j.ces.2022.118208,10.1021/je201107a
CCCCCCCCCC[N+]1(Cc2ccc(-c3ccc(C[N+]4(CCCCCCCCCC)CCOCC4)cc3)cc2)CCOCC1.[Cl-].[Cl-],36.0,705.9399999999997,"InChI=1S/C42H70N2O2.2ClH/c1-3-5-7-9-11-13-15-17-27-43(29-33-45-34-30-43)37-39-19-23-41(24-20-39)42-25-21-40(22-26-42)38-44(31-35-46-36-32-44)28-18-16-14-12-10-8-6-4-2;;/h19-26H,3-18,27-38H2,1-2H3;2*1H/q+2;;/p-2",10.1016/j.ces.2022.118208,10.1016/j.molliq.2021.115781
CCCCCCCCCCCC[N+]1(Cc2ccc(-c3ccc(C[N+]4(CCCCCCCCCCCC)CCOCC4)cc3)cc2)CCOCC1.[Cl-].[Cl-],35.4,762.0479999999993,"InChI=1S/C46H78N2O2.2ClH/c1-3-5-7-9-11-13-15-17-19-21-31-47(33-37-49-38-34-47)41-43-23-27-45(28-24-43)46-29-25-44(26-30-46)42-48(35-39-50-40-36-48)32-22-20-18-16-14-12-10-8-6-4-2;;/h23-30H,3-22,31-42H2,1-2H3;2*1H/q+2;;/p-2",10.1016/j.ces.2022.118208,10.1016/j.molliq.2021.115781
CCCCCCCCCCCCCCCC[N+]1(Cc2ccc(-c3ccc(C[N+]4(CCCCCCCCCCCCCCCC)CCOCC4)cc3)cc2)CCOCC1.[Cl-].[Cl-],36.0,874.2639999999989,"InChI=1S/C54H94N2O2.2ClH/c1-3-5-7-9-11-13-15-17-19-21-23-25-27-29-39-55(41-45-57-46-42-55)49-51-31-35-53(36-32-51)54-37-33-52(34-38-54)50-56(43-47-58-48-44-56)40-30-28-26-24-22-20-18-16-14-12-10-8-6-4-2;;/h31-38H,3-30,39-50H2,1-2H3;2*1H/q+2;;/p-2",10.1016/j.ces.2022.118208,10.1016/j.molliq.2021.115781
CCCCCCCCCCCC[N+]1(Cc2ccc(C[N+]3(CCCCCCCCCCCC)CCOCC3)cc2)CCOCC1.[Cl-].[Cl-],38.2,685.9500000000002,"InChI=1S/C40H74N2O2.2ClH/c1-3-5-7-9-11-13-15-17-19-21-27-41(29-33-43-34-30-41)37-39-23-25-40(26-24-39)38-42(31-35-44-36-32-42)28-22-20-18-16-14-12-10-8-6-4-2;;/h23-26H,3-22,27-38H2,1-2H3;2*1H/q+2;;/p-2",10.1016/j.ces.2022.118208,10.1016/j.molliq.2021.115781
CCCCCCCCCC[N+]1(Cc2ccc(C[N+]3(CCCCCCCCCC)CCOCC3)cc2)CCOCC1.[Cl-].[Cl-],39.9,629.8420000000004,"InChI=1S/C36H66N2O2.2ClH/c1-3-5-7-9-11-13-15-17-23-37(25-29-39-30-26-37)33-35-19-21-36(22-20-35)34-38(27-31-40-32-28-38)24-18-16-14-12-10-8-6-4-2;;/h19-22H,3-18,23-34H2,1-2H3;2*1H/q+2;;/p-2",10.1016/j.ces.2022.118208,10.1016/j.molliq.2021.115781
CCCCCCCCCCCCCC[N+]1(Cc2ccc(C[N+]3(CCCCCCCCCCCCCC)CCOCC3)cc2)CCOCC1.[Cl-].[Cl-],42.5,742.0579999999999,"InChI=1S/C44H82N2O2.2ClH/c1-3-5-7-9-11-13-15-17-19-21-23-25-31-45(33-37-47-38-34-45)41-43-27-29-44(30-28-43)42-46(35-39-48-40-36-46)32-26-24-22-20-18-16-14-12-10-8-6-4-2;;/h27-30H,3-26,31-42H2,1-2H3;2*1H/q+2;;/p-2",10.1016/j.ces.2022.118208,10.1016/j.molliq.2021.115781
CCCCCCCCCCCCCCCC[N+]1(Cc2ccc(C[N+]3(CCCCCCCCCCCCCCCC)CCOCC3)cc2)CCOCC1.[Cl-].[Cl-],49.1,798.1659999999996,"InChI=1S/C48H90N2O2.2ClH/c1-3-5-7-9-11-13-15-17-19-21-23-25-27-29-35-49(37-41-51-42-38-49)45-47-31-33-48(34-32-47)46-50(39-43-52-44-40-50)36-30-28-26-24-22-20-18-16-14-12-10-8-6-4-2;;/h31-34H,3-30,35-46H2,1-2H3;2*1H/q+2;;/p-2",10.1016/j.ces.2022.118208,10.1016/j.molliq.2021.115781
CCCCCCCCCCCCC(C[N+](C)(C)C)C(CCCCCCCCCCCC)C[N+](C)(C)C.[Br-].[Br-],35.3,670.7880000000005,"InChI=1S/C34H74N2.2BrH/c1-9-11-13-15-17-19-21-23-25-27-29-33(31-35(3,4)5)34(32-36(6,7)8)30-28-26-24-22-20-18-16-14-12-10-2;;/h33-34H,9-32H2,1-8H3;2*1H/q+2;;/p-2",10.1016/j.ces.2022.118208,10.5650/jos.51.715
CCCCCCCCCCCC[N+](CCO)(CCO)CCO.[Cl-],37.8,353.975,"InChI=1S/C18H40NO3.ClH/c1-2-3-4-5-6-7-8-9-10-11-12-19(13-16-20,14-17-21)15-18-22;/h20-22H,2-18H2,1H3;1H/q+1;/p-1",10.1016/j.ces.2022.118208,10.1002/0471670561
CCCCCCCCCCCC[n+]1ccccc1.[Br-],38.9,328.33799999999997,"InChI=1S/C17H30N.BrH/c1-2-3-4-5-6-7-8-9-10-12-15-18-16-13-11-14-17-18;/h11,13-14,16-17H,2-10,12,15H2,1H3;1H/q+1;/p-1",10.1016/j.ces.2022.118208,10.1002/0471670561
CCCCCCCCCCCC[N+](C)(C)C.COS(=O)(=O)[O-],38.3,339.54200000000003,"InChI=1S/C15H34N.CH4O4S/c1-5-6-7-8-9-10-11-12-13-14-15-16(2,3)4;1-5-6(2,3)4/h5-15H2,1-4H3;1H3,(H,2,3,4)/q+1;/p-1",10.1016/j.ces.2022.118208,10.1002/0471670561
CCCCCCCCCCCCCC[N+](C)(C)C.[Br-],40.4,336.40199999999993,"InChI=1S/C17H38N.BrH/c1-5-6-7-8-9-10-11-12-13-14-15-16-17-18(2,3)4;/h5-17H2,1-4H3;1H/q+1;/p-1",10.1016/j.ces.2022.118208,10.1002/0471670561
CCCCCCCCCC[n+]1ccccc1.[Br-],40.1,300.284,"InChI=1S/C15H26N.BrH/c1-2-3-4-5-6-7-8-10-13-16-14-11-9-12-15-16;/h9,11-12,14-15H,2-8,10,13H2,1H3;1H/q+1;/p-1",10.1016/j.ces.2022.118208,10.1002/0471670561
CCCCCCCCCCCCCC[n+]1ccccc1.[Br-],40.8,356.39199999999994,"InChI=1S/C19H34N.BrH/c1-2-3-4-5-6-7-8-9-10-11-12-14-17-20-18-15-13-16-19-20;/h13,15-16,18-19H,2-12,14,17H2,1H3;1H/q+1;/p-1",10.1016/j.ces.2022.118208,10.1002/0471670561
CCCCCCCCCCCC[NH2+]CCO.[Cl-],40.8,265.8689999999999,"InChI=1S/C14H31NO.ClH/c1-2-3-4-5-6-7-8-9-10-11-12-15-13-14-16;/h15-16H,2-14H2,1H3;1H",10.1016/j.ces.2022.118208,10.1002/0471670561
CCCCCCCCCCCC[NH+](CCO)CCO.[Cl-],39.8,309.9219999999999,"InChI=1S/C16H35NO2.ClH/c1-2-3-4-5-6-7-8-9-10-11-12-17(13-15-18)14-16-19;/h18-19H,2-16H2,1H3;1H",10.1016/j.ces.2022.118208,10.1002/0471670561
CCCCCCCCCCCCCC[N+](CCC)(CCC)CCC.[Br-],42.8,420.56400000000014,"InChI=1S/C23H50N.BrH/c1-5-9-10-11-12-13-14-15-16-17-18-19-23-24(20-6-2,21-7-3)22-8-4;/h5-23H2,1-4H3;1H/q+1;/p-1",10.1016/j.ces.2022.118208,10.1002/0471670561
CCCCCCCCCCCCCCCC[N+](C)(C)C.[Br-],37.0,364.45599999999996,"InChI=1S/C19H42N.BrH/c1-5-6-7-8-9-10-11-12-13-14-15-16-17-18-19-20(2,3)4;/h5-19H2,1-4H3;1H/q+1;/p-1",10.1016/j.ces.2022.118208,10.1016/S0144-8617(01)00299-5
CCCCCCCCCCCCCCCCCC[N+](C)(C)C.[Cl-],37.2,348.05899999999997,"InChI=1S/C21H46N.ClH/c1-5-6-7-8-9-10-11-12-13-14-15-16-17-18-19-20-21-22(2,3)4;/h5-21H2,1-4H3;1H/q+1;/p-1",10.1016/j.ces.2022.118208,10.1016/j.crci.2018.11.009
CCCCCCCCCCCC[N+](C)(C)Cc1ccccc1.[Cl-],38.0,339.995,"InChI=1S/C21H38N.ClH/c1-4-5-6-7-8-9-10-11-12-16-19-22(2,3)20-21-17-14-13-15-18-21;/h13-15,17-18H,4-12,16,19-20H2,1-3H3;1H/q+1;/p-1",10.1016/j.ces.2022.118208,10.1039/C4RA07363K
CCCCCCCCCCCCCC[N+](C)(C)Cc1ccccc1.[Cl-],39.2,368.0490000000001,"InChI=1S/C23H42N.ClH/c1-4-5-6-7-8-9-10-11-12-13-14-18-21-24(2,3)22-23-19-16-15-17-20-23;/h15-17,19-20H,4-14,18,21-22H2,1-3H3;1H/q+1;/p-1",10.1016/j.ces.2022.118208,10.1039/C4RA07363K
CCCCCCCCCCCC[N+](C)(C)Cc1cccc(OC)c1.[Cl-],40.7,370.0210000000001,"InChI=1S/C22H40NO.ClH/c1-5-6-7-8-9-10-11-12-13-14-18-23(2,3)20-21-16-15-17-22(19-21)24-4;/h15-17,19H,5-14,18,20H2,1-4H3;1H/q+1;/p-1",10.1016/j.ces.2022.118208,10.1039/C4RA07363K
CCCCCCCCCCCCCCCCCC[N+](C)(C)Cc1ccccc1.[Cl-],40.3,424.15700000000027,"InChI=1S/C27H50N.ClH/c1-4-5-6-7-8-9-10-11-12-13-14-15-16-17-18-22-25-28(2,3)26-27-23-20-19-21-24-27;/h19-21,23-24H,4-18,22,25-26H2,1-3H3;1H/q+1;/p-1",10.1016/j.ces.2022.118208,10.1039/C4RA07363K
CCCCCCCCCCCCCC[N+](C)(C)Cc1cccc(OC)c1.[Cl-],41.8,398.07500000000016,"InChI=1S/C24H44NO.ClH/c1-5-6-7-8-9-10-11-12-13-14-15-16-20-25(2,3)22-23-18-17-19-24(21-23)26-4;/h17-19,21H,5-16,20,22H2,1-4H3;1H/q+1;/p-1",10.1016/j.ces.2022.118208,10.1039/C4RA07363K
CCCCCCCCCCCCCCCC[N+](C)(C)Cc1cccc(OC)c1.[Cl-],42.1,426.12900000000025,"InChI=1S/C26H48NO.ClH/c1-5-6-7-8-9-10-11-12-13-14-15-16-17-18-22-27(2,3)24-25-20-19-21-26(23-25)28-4;/h19-21,23H,5-18,22,24H2,1-4H3;1H/q+1;/p-1",10.1016/j.ces.2022.118208,10.1039/C4RA07363K
CCCCCCCCCCCCCCCCCC[N+](C)(C)Cc1cccc(OC)c1.[Cl-],42.5,454.18300000000033,"InChI=1S/C28H52NO.ClH/c1-5-6-7-8-9-10-11-12-13-14-15-16-17-18-19-20-24-29(2,3)26-27-22-21-23-28(25-27)30-4;/h21-23,25H,5-20,24,26H2,1-4H3;1H/q+1;/p-1",10.1016/j.ces.2022.118208,10.1039/C4RA07363K
CCCCCCCCCCCCCCCC[N+](C)(C)CCOCC[N+](C)(C)CCCCCCCCCCCCCCCC.[Br-].[Br-],37.0,770.9490000000001,"InChI=1S/C40H86N2O.2BrH/c1-7-9-11-13-15-17-19-21-23-25-27-29-31-33-35-41(3,4)37-39-43-40-38-42(5,6)36-34-32-30-28-26-24-22-20-18-16-14-12-10-8-2;;/h7-40H2,1-6H3;2*1H/q+2;;/p-2",10.1016/j.ces.2022.118208,10.1021/la9904096
CCCCCCCCCCCCCC[N+](C)(C)CCOCC[N+](C)(C)CCCCCCCCCCCCCC.[Br-].[Br-],39.0,714.8410000000005,"InChI=1S/C36H78N2O.2BrH/c1-7-9-11-13-15-17-19-21-23-25-27-29-31-37(3,4)33-35-39-36-34-38(5,6)32-30-28-26-24-22-20-18-16-14-12-10-8-2;;/h7-36H2,1-6H3;2*1H/q+2;;/p-2",10.1016/j.ces.2022.118208,10.1021/la9904096
CCCCCCCCCCCC[N+](C)(C)CCOCC[N+](C)(C)CCCCCCCCCCCC.[Br-].[Br-],40.0,658.7330000000006,"InChI=1S/C32H70N2O.2BrH/c1-7-9-11-13-15-17-19-21-23-25-27-33(3,4)29-31-35-32-30-34(5,6)28-26-24-22-20-18-16-14-12-10-8-2;;/h7-32H2,1-6H3;2*1H/q+2;;/p-2",10.1016/j.ces.2022.118208,10.1021/la9904096
CCCCCCCCCCCCCCCCCC[N+](C)(C)CCOCC[N+](C)(C)CCCCCCCCCCCCCCCCCC.[Br-].[Br-],40.0,827.0569999999998,"InChI=1S/C44H94N2O.2BrH/c1-7-9-11-13-15-17-19-21-23-25-27-29-31-33-35-37-39-45(3,4)41-43-47-44-42-46(5,6)40-38-36-34-32-30-28-26-24-22-20-18-16-14-12-10-8-2;;/h7-44H2,1-6H3;2*1H/q+2;;/p-2",10.1016/j.ces.2022.118208,10.1021/la9904096
CCCCCCCCCCCCCCn1cc[n+](C)c1.[Cl-],37.5,314.94499999999994,"InChI=1S/C18H35N2.ClH/c1-3-4-5-6-7-8-9-10-11-12-13-14-15-20-17-16-19(2)18-20;/h16-18H,3-15H2,1-2H3;1H/q+1;/p-1",10.1016/j.ces.2022.118208,10.1021/je400861g
CCCCCCCCCCCCCCCCn1cc[n+](C)c1.[Cl-],37.0,342.9989999999999,"InChI=1S/C20H39N2.ClH/c1-3-4-5-6-7-8-9-10-11-12-13-14-15-16-17-22-19-18-21(2)20-22;/h18-20H,3-17H2,1-2H3;1H/q+1;/p-1",10.1016/j.ces.2022.118208,10.1021/je400861g
CCCCCCCCCCCCCCn1cc[n+](C)c1.[Br-],39.2,359.39599999999996,"InChI=1S/C18H35N2.BrH/c1-3-4-5-6-7-8-9-10-11-12-13-14-15-20-17-16-19(2)18-20;/h16-18H,3-15H2,1-2H3;1H/q+1;/p-1",10.1016/j.ces.2022.118208,10.1021/je400861g
CCCCCCCCCCCCCCCCn1cc[n+](C)c1.[Br-],39.1,387.44999999999993,"InChI=1S/C20H39N2.BrH/c1-3-4-5-6-7-8-9-10-11-12-13-14-15-16-17-22-19-18-21(2)20-22;/h18-20H,3-17H2,1-2H3;1H/q+1;/p-1",10.1016/j.ces.2022.118208,10.1021/je400861g
CCCCCCCCCCCCn1cc[n+](C)c1.[Cl-],38.7,286.89099999999996,"InChI=1S/C16H31N2.ClH/c1-3-4-5-6-7-8-9-10-11-12-13-18-15-14-17(2)16-18;/h14-16H,3-13H2,1-2H3;1H/q+1;/p-1",10.1016/j.ces.2022.118208,10.1021/je400861g
CCCCCCCCCCCCOc1ccc[n+](CCCCC[n+]2cccc(OCCCCCCCCCCCC)c2)c1.[Br-].[Br-],37.3,756.7930000000003,"InChI=1S/C39H68N2O2.2BrH/c1-3-5-7-9-11-13-15-17-19-24-34-42-38-28-26-32-40(36-38)30-22-21-23-31-41-33-27-29-39(37-41)43-35-25-20-18-16-14-12-10-8-6-4-2;;/h26-29,32-33,36-37H,3-25,30-31,34-35H2,1-2H3;2*1H/q+2;;/p-2",10.1016/j.ces.2022.118208,10.1016/j.jcis.2013.11.059
CCCCCCCCCCCCOc1ccc[n+](CCCCCC[n+]2cccc(OCCCCCCCCCCCC)c2)c1.[Br-].[Br-],37.8,770.8200000000003,"InChI=1S/C40H70N2O2.2BrH/c1-3-5-7-9-11-13-15-17-21-25-35-43-39-29-27-33-41(37-39)31-23-19-20-24-32-42-34-28-30-40(38-42)44-36-26-22-18-16-14-12-10-8-6-4-2;;/h27-30,33-34,37-38H,3-26,31-32,35-36H2,1-2H3;2*1H/q+2;;/p-2",10.1016/j.ces.2022.118208,10.1016/j.jcis.2013.11.059
CCCCCCCCCCCCOc1ccc[n+](CCCC[n+]2cccc(OCCCCCCCCCCCC)c2)c1.[Br-].[Br-],38.8,742.7660000000004,"InChI=1S/C38H66N2O2.2BrH/c1-3-5-7-9-11-13-15-17-19-23-33-41-37-27-25-31-39(35-37)29-21-22-30-40-32-26-28-38(36-40)42-34-24-20-18-16-14-12-10-8-6-4-2;;/h25-28,31-32,35-36H,3-24,29-30,33-34H2,1-2H3;2*1H/q+2;;/p-2",10.1016/j.ces.2022.118208,10.1016/j.jcis.2013.11.059
CCCCCCCCCCCCCCOc1ccc[n+](CCCCC[n+]2cccc(OCCCCCCCCCCCCCC)c2)c1.[Br-].[Br-],39.6,812.9010000000001,"InChI=1S/C43H76N2O2.2BrH/c1-3-5-7-9-11-13-15-17-19-21-23-28-38-46-42-32-30-36-44(40-42)34-26-25-27-35-45-37-31-33-43(41-45)47-39-29-24-22-20-18-16-14-12-10-8-6-4-2;;/h30-33,36-37,40-41H,3-29,34-35,38-39H2,1-2H3;2*1H/q+2;;/p-2",10.1016/j.ces.2022.118208,10.1016/j.jcis.2013.11.059
CCCCCCCCCCCCCCOc1ccc[n+](CCCCCC[n+]2cccc(OCCCCCCCCCCCCCC)c2)c1.[Br-].[Br-],40.5,826.928,"InChI=1S/C44H78N2O2.2BrH/c1-3-5-7-9-11-13-15-17-19-21-25-29-39-47-43-33-31-37-45(41-43)35-27-23-24-28-36-46-38-32-34-44(42-46)48-40-30-26-22-20-18-16-14-12-10-8-6-4-2;;/h31-34,37-38,41-42H,3-30,35-36,39-40H2,1-2H3;2*1H/q+2;;/p-2",10.1016/j.ces.2022.118208,10.1016/j.jcis.2013.11.059
CCCCCCCCCCCCCCOc1ccc[n+](CCCC[n+]2cccc(OCCCCCCCCCCCCCC)c2)c1.[Br-].[Br-],41.6,798.8740000000001,"InChI=1S/C42H74N2O2.2BrH/c1-3-5-7-9-11-13-15-17-19-21-23-27-37-45-41-31-29-35-43(39-41)33-25-26-34-44-36-30-32-42(40-44)46-38-28-24-22-20-18-16-14-12-10-8-6-4-2;;/h29-32,35-36,39-40H,3-28,33-34,37-38H2,1-2H3;2*1H/q+2;;/p-2",10.1016/j.ces.2022.118208,10.1016/j.jcis.2013.11.059
CCCCCCCCCCCCCCCC[N+](CC)(CC)CCO.[Br-],38.6,422.53600000000006,"InChI=1S/C22H48NO.BrH/c1-4-7-8-9-10-11-12-13-14-15-16-17-18-19-20-23(5-2,6-3)21-22-24;/h24H,4-22H2,1-3H3;1H/q+1;/p-1",10.1016/j.ces.2022.118208,10.1007/s11743-010-1237-0
CCCCCCCCCCCCn1cc[n+](C)c1.[Br-],39.5,331.342,"InChI=1S/C16H31N2.BrH/c1-3-4-5-6-7-8-9-10-11-12-13-18-15-14-17(2)16-18;/h14-16H,3-13H2,1-2H3;1H/q+1;/p-1",10.1016/j.ces.2022.118208,10.1021/la0633029
CCCCCCCCCCn1cc[n+](C)c1.[Br-],40.0,303.288,"InChI=1S/C14H27N2.BrH/c1-3-4-5-6-7-8-9-10-11-16-13-12-15(2)14-16;/h12-14H,3-11H2,1-2H3;1H/q+1;/p-1",10.1016/j.ces.2022.118208,10.1021/la0633029
CCCCCCCCCCCCc1cc[n+](C2OC(CO)C(O)C(O)C2O)cc1.[Br-],39.2,490.479,"InChI=1S/C23H40NO5.BrH/c1-2-3-4-5-6-7-8-9-10-11-12-18-13-15-24(16-14-18)23-22(28)21(27)20(26)19(17-25)29-23;/h13-16,19-23,25-28H,2-12,17H2,1H3;1H/q+1;/p-1",10.1016/j.ces.2022.118208,10.1021/jo0006425
CCCCCCCCCCCCc1cc[n+](C)cc1.[Br-],39.7,342.3649999999999,"InChI=1S/C18H32N.BrH/c1-3-4-5-6-7-8-9-10-11-12-13-18-14-16-19(2)17-15-18;/h14-17H,3-13H2,1-2H3;1H/q+1;/p-1",10.1016/j.ces.2022.118208,10.1021/jo0006425
CCCCCCCCCCCC[n+]1ccc(C)cc1.[Br-],40.7,342.3649999999999,"InChI=1S/C18H32N.BrH/c1-3-4-5-6-7-8-9-10-11-12-15-19-16-13-18(2)14-17-19;/h13-14,16-17H,3-12,15H2,1-2H3;1H/q+1;/p-1",10.1016/j.ces.2022.118208,10.1021/jo0006425
CCCCCCCCCCCC[n+]1ccc(C)c2ccccc21.[Br-],42.3,392.425,"InChI=1S/C22H34N.BrH/c1-3-4-5-6-7-8-9-10-11-14-18-23-19-17-20(2)21-15-12-13-16-22(21)23;/h12-13,15-17,19H,3-11,14,18H2,1-2H3;1H/q+1;/p-1",10.1016/j.ces.2022.118208,10.1021/jo0006425
CCCCCCCCCCCC(=O)NCCC[N+](C)(C)CC(O)CO.[Cl-],40.0,395.02800000000013,"InChI=1S/C20H42N2O3.ClH/c1-4-5-6-7-8-9-10-11-12-14-20(25)21-15-13-16-22(2,3)17-19(24)18-23;/h19,23-24H,4-18H2,1-3H3;1H",10.1016/j.ces.2022.118208,10.1007/s11743-013-1436-6
CCCCCCCCCCCCCCCC[N+](C)(C)C.[Cl-],41.0,320.005,"InChI=1S/C19H42N.ClH/c1-5-6-7-8-9-10-11-12-13-14-15-16-17-18-19-20(2,3)4;/h5-19H2,1-4H3;1H/q+1;/p-1",10.1016/j.ces.2022.118208,10.1016/j.tca.2004.11.009
CCCCCCCCCCCCCCCC[n+]1ccccc1.[Cl-],42.0,339.9949999999999,"InChI=1S/C21H38N.ClH/c1-2-3-4-5-6-7-8-9-10-11-12-13-14-16-19-22-20-17-15-18-21-22;/h15,17-18,20-21H,2-14,16,19H2,1H3;1H/q+1;/p-1",10.1016/j.ces.2022.118208,10.1016/j.colsurfa.2005.02.018
CCCCCCCCCCCCCC[n+]1ccc(C(=O)NCCCCCCNC(=O)c2cc[n+](CCCCCCCCCCCCCC)cc2)cc1.[Br-].[Br-],43.0,880.9799999999994,"InChI=1S/C46H78N4O2.2BrH/c1-3-5-7-9-11-13-15-17-19-21-25-29-37-49-39-31-43(32-40-49)45(51)47-35-27-23-24-28-36-48-46(52)44-33-41-50(42-34-44)38-30-26-22-20-18-16-14-12-10-8-6-4-2;;/h31-34,39-42H,3-30,35-38H2,1-2H3;2*1H",10.1016/j.ces.2022.118208,10.1016/j.cclet.2011.01.030
CCCCCCCCCCCC[n+]1ccc(C(=O)NCCCCCCNC(=O)c2cc[n+](CCCCCCCCCCCC)cc2)cc1.[Br-].[Br-],44.5,824.8719999999997,"InChI=1S/C42H70N4O2.2BrH/c1-3-5-7-9-11-13-15-17-21-25-33-45-35-27-39(28-36-45)41(47)43-31-23-19-20-24-32-44-42(48)40-29-37-46(38-30-40)34-26-22-18-16-14-12-10-8-6-4-2;;/h27-30,35-38H,3-26,31-34H2,1-2H3;2*1H",10.1016/j.ces.2022.118208,10.1016/j.cclet.2011.01.030
CCCCCCCCCCCC[N+](C)(C)Cc1ccccc1CO.[Cl-],42.0,370.0210000000002,"InChI=1S/C22H40NO.ClH/c1-4-5-6-7-8-9-10-11-12-15-18-23(2,3)19-21-16-13-14-17-22(21)20-24;/h13-14,16-17,24H,4-12,15,18-20H2,1-3H3;1H/q+1;/p-1",10.1016/j.ces.2022.118208,10.1007/s11743-015-1706-6
CCCCCCCCCCCCCC[N+](C)(C)Cc1ccccc1CO.[Cl-],42.0,398.0750000000003,"InChI=1S/C24H44NO.ClH/c1-4-5-6-7-8-9-10-11-12-13-14-17-20-25(2,3)21-23-18-15-16-19-24(23)22-26;/h15-16,18-19,26H,4-14,17,20-22H2,1-3H3;1H/q+1;/p-1",10.1016/j.ces.2022.118208,10.1007/s11743-015-1706-6
CCCCCCCCCCCCCCCC[N+](C)(C)Cc1ccccc1CO.[Cl-],42.3,426.12900000000036,"InChI=1S/C26H48NO.ClH/c1-4-5-6-7-8-9-10-11-12-13-14-15-16-19-22-27(2,3)23-25-20-17-18-21-26(25)24-28;/h17-18,20-21,28H,4-16,19,22-24H2,1-3H3;1H/q+1;/p-1",10.1016/j.ces.2022.118208,10.1007/s11743-015-1706-6
CCCCCCCCCCCCCCCCCC[N+](C)(C)Cc1ccccc1CO.[Cl-],43.2,454.18300000000045,"InChI=1S/C28H52NO.ClH/c1-4-5-6-7-8-9-10-11-12-13-14-15-16-17-18-21-24-29(2,3)25-27-22-19-20-23-28(27)26-30;/h19-20,22-23,30H,4-18,21,24-26H2,1-3H3;1H/q+1;/p-1",10.1016/j.ces.2022.118208,10.1007/s11743-015-1706-6
CCCCCCCCCCCCCCCC[N+](CCC)(CCC)CCC.[Br-],43.5,448.6180000000002,"InChI=1S/C25H54N.BrH/c1-5-9-10-11-12-13-14-15-16-17-18-19-20-21-25-26(22-6-2,23-7-3)24-8-4;/h5-25H2,1-4H3;1H/q+1;/p-1",10.1016/j.ces.2022.118208,10.1021/j100794a010
CCCCCCCCCC[N+](CC)(CC)CC(=O)NCCNC(=O)C[N+](CC)(CC)CCCCCCCCCC.[Cl-].[Cl-],45.6,639.8820000000004,"InChI=1S/C34H70N4O2.2ClH/c1-7-13-15-17-19-21-23-25-29-37(9-3,10-4)31-33(39)35-27-28-36-34(40)32-38(11-5,12-6)30-26-24-22-20-18-16-14-8-2;;/h7-32H2,1-6H3;2*1H",10.1016/j.ces.2022.118208,10.1021/la3011212
CCCCCCCCCCCC[N+](CC)(CC)CC(=O)NCCNC(=O)C[N+](CC)(CC)CCCCCCCCCCCC.[Cl-].[Cl-],46.1,695.9900000000001,"InChI=1S/C38H78N4O2.2ClH/c1-7-13-15-17-19-21-23-25-27-29-33-41(9-3,10-4)35-37(43)39-31-32-40-38(44)36-42(11-5,12-6)34-30-28-26-24-22-20-18-16-14-8-2;;/h7-36H2,1-6H3;2*1H",10.1016/j.ces.2022.118208,10.1021/la3011212
CCCCCCCCCCCCCC[N+](CC)(CC)CC(=O)NCCNC(=O)C[N+](CC)(CC)CCCCCCCCCCCCCC.[Cl-].[Cl-],47.2,752.0979999999998,"InChI=1S/C42H86N4O2.2ClH/c1-7-13-15-17-19-21-23-25-27-29-31-33-37-45(9-3,10-4)39-41(47)43-35-36-44-42(48)40-46(11-5,12-6)38-34-32-30-28-26-24-22-20-18-16-14-8-2;;/h7-40H2,1-6H3;2*1H",10.1016/j.ces.2022.118208,10.1021/la3011212
CCCCCCCCCCCC[n+]1ccc(C)c2ccccc21.[Cl-],47.2,347.97400000000005,"InChI=1S/C22H34N.ClH/c1-3-4-5-6-7-8-9-10-11-14-18-23-19-17-20(2)21-15-12-13-16-22(21)23;/h12-13,15-17,19H,3-11,14,18H2,1-2H3;1H/q+1;/p-1",10.1016/j.ces.2022.118208,10.1016/j.jcis.2009.09.009
CCCCCCCCCC[N+](C)(C)CC(O)C[N+](C)(C)CCCCCCCCCC.[Cl-].[Cl-],36.5,499.69600000000037,"InChI=1S/C27H60N2O.2ClH/c1-7-9-11-13-15-17-19-21-23-28(3,4)25-27(30)26-29(5,6)24-22-20-18-16-14-12-10-8-2;;/h27,30H,7-26H2,1-6H3;2*1H/q+2;;/p-2",10.1016/j.ces.2022.118208,10.1007/BF02517994
CCCCCCCCCCCC[N+](C)(C)CC(O)C[N+](C)(C)CCCCCCCCCCCC.[Cl-].[Cl-],37.0,555.8040000000004,"InChI=1S/C31H68N2O.2ClH/c1-7-9-11-13-15-17-19-21-23-25-27-32(3,4)29-31(34)30-33(5,6)28-26-24-22-20-18-16-14-12-10-8-2;;/h31,34H,7-30H2,1-6H3;2*1H/q+2;;/p-2",10.1016/j.ces.2022.118208,10.1007/BF02517994
CCCCCCCCCCCCCC[N+](C)(C)CC(O)C[N+](C)(C)CCCCCCCCCCCCCC.[Cl-].[Cl-],39.0,611.9120000000005,"InChI=1S/C35H76N2O.2ClH/c1-7-9-11-13-15-17-19-21-23-25-27-29-31-36(3,4)33-35(38)34-37(5,6)32-30-28-26-24-22-20-18-16-14-12-10-8-2;;/h35,38H,7-34H2,1-6H3;2*1H/q+2;;/p-2",10.1016/j.ces.2022.118208,10.1007/BF02517994
CCCCCCCCCCCCCCCC[N+](C)(C)CC(O)C[N+](C)(C)CCCCCCCCCCCCCCCC.[Cl-].[Cl-],42.2,668.0200000000002,"InChI=1S/C39H84N2O.2ClH/c1-7-9-11-13-15-17-19-21-23-25-27-29-31-33-35-40(3,4)37-39(42)38-41(5,6)36-34-32-30-28-26-24-22-20-18-16-14-12-10-8-2;;/h39,42H,7-38H2,1-6H3;2*1H/q+2;;/p-2",10.1016/j.ces.2022.118208,10.1007/BF02517994
CCCCCCCCCCCCCC[N+](C)(C)CCC[N+](C)(C)CCCCCCCCCCCCCC.[Cl-].[Cl-],41.8,595.9130000000005,"InChI=1S/C35H76N2.2ClH/c1-7-9-11-13-15-17-19-21-23-25-27-29-32-36(3,4)34-31-35-37(5,6)33-30-28-26-24-22-20-18-16-14-12-10-8-2;;/h7-35H2,1-6H3;2*1H/q+2;;/p-2",10.1016/j.ces.2022.118208,10.1007/BF02517994
CCCCCCCCCCCCCCCC[N+](C)(C)CCC[N+](C)(C)CCCCCCCCCCCCCCCC.[Cl-].[Cl-],42.0,652.0210000000002,"InChI=1S/C39H84N2.2ClH/c1-7-9-11-13-15-17-19-21-23-25-27-29-31-33-36-40(3,4)38-35-39-41(5,6)37-34-32-30-28-26-24-22-20-18-16-14-12-10-8-2;;/h7-39H2,1-6H3;2*1H/q+2;;/p-2",10.1016/j.ces.2022.118208,10.1007/BF02517994
CCCCCCCCCCCC[N+](C)(C)CCC(O)C[N+](C)(C)CCCCCCCCCCCC.[Cl-].[Cl-],40.9,569.8310000000005,"InChI=1S/C32H70N2O.2ClH/c1-7-9-11-13-15-17-19-21-23-25-28-33(3,4)30-27-32(35)31-34(5,6)29-26-24-22-20-18-16-14-12-10-8-2;;/h32,35H,7-31H2,1-6H3;2*1H/q+2;;/p-2",10.1016/j.ces.2022.118208,10.1007/BF02517994
CCCCCCCCCCCC[N+](CCCCCCCCCCCC)CC[N+](CCCCCCCCCCCC)CCCCCCCCCCCC.[Br-].[Br-],33.9,893.2039999999996,"InChI=1S/C50H104N2.2BrH/c1-5-9-13-17-21-25-29-33-37-41-45-51(46-42-38-34-30-26-22-18-14-10-6-2)49-50-52(47-43-39-35-31-27-23-19-15-11-7-3)48-44-40-36-32-28-24-20-16-12-8-4;;/h5-50H2,1-4H3;2*1H/q+2;;/p-2",10.1016/j.ces.2022.118208,10.1016/j.molliq.2015.05.054
CCCCCCCCCCCC[N+](CCCCCCCCCCCC)CCC[N+](CCCCCCCCCCCC)CCCCCCCCCCCC.[Br-].[Br-],32.9,907.2309999999995,"InChI=1S/C51H106N2.2BrH/c1-5-9-13-17-21-25-29-33-37-41-46-52(47-42-38-34-30-26-22-18-14-10-6-2)50-45-51-53(48-43-39-35-31-27-23-19-15-11-7-3)49-44-40-36-32-28-24-20-16-12-8-4;;/h5-51H2,1-4H3;2*1H/q+2;;/p-2",10.1016/j.ces.2022.118208,10.1016/j.molliq.2015.05.054
CCCCCCCCCCCC[N+](CCCCCCCCCCCC)CCCCCC[N+](CCCCCCCCCCCC)CCCCCCCCCCCC.[Br-].[Br-],30.9,949.3119999999993,"InChI=1S/C54H112N2.2BrH/c1-5-9-13-17-21-25-29-33-37-43-49-55(50-44-38-34-30-26-22-18-14-10-6-2)53-47-41-42-48-54-56(51-45-39-35-31-27-23-19-15-11-7-3)52-46-40-36-32-28-24-20-16-12-8-4;;/h5-54H2,1-4H3;2*1H/q+2;;/p-2",10.1016/j.ces.2022.118208,10.1016/j.molliq.2015.05.054
CCCCCCCCC[N+]CCO.[Br-],30.0,266.22299999999996,"InChI=1S/C11H24NO.BrH/c1-2-3-4-5-6-7-8-9-12-10-11-13;/h13H,2-11H2,1H3;1H/q+1;/p-1",10.1016/j.ces.2022.118208,10.1016/j.molliq.2016.11.105
CCCCCCCCC[N+](CCO)CCO.[Br-],27.9,311.284,"InChI=1S/C13H29NO2.BrH/c1-2-3-4-5-6-7-8-9-14(10-12-15)11-13-16;/h15-16H,2-13H2,1H3;1H/q+1;/p-1",10.1016/j.ces.2022.118208,10.1016/j.molliq.2016.11.105
CCCCCCCCC[N+](CCO)(CCO)CCO.[Br-],24.1,356.34499999999997,"InChI=1S/C15H34NO3.BrH/c1-2-3-4-5-6-7-8-9-16(10-13-17,11-14-18)12-15-19;/h17-19H,2-15H2,1H3;1H/q+1;/p-1",10.1016/j.ces.2022.118208,10.1016/j.molliq.2016.11.105
CCCCCCCCC[N+]CCO.[I-],30.6,313.22299999999996,"InChI=1S/C11H24NO.HI/c1-2-3-4-5-6-7-8-9-12-10-11-13;/h13H,2-11H2,1H3;1H/q+1;/p-1",10.1016/j.ces.2022.118208,10.1016/j.molliq.2016.11.105
CCCCCCCCC[N+](CCO)CCO.[I-],28.8,358.284,"InChI=1S/C13H29NO2.HI/c1-2-3-4-5-6-7-8-9-14(10-12-15)11-13-16;/h15-16H,2-13H2,1H3;1H/q+1;/p-1",10.1016/j.ces.2022.118208,10.1016/j.molliq.2016.11.105
CCCCCCCCC[N+](CCO)(CCO)CCO.[I-],28.4,403.34499999999997,"InChI=1S/C15H34NO3.HI/c1-2-3-4-5-6-7-8-9-16(10-13-17,11-14-18)12-15-19;/h17-19H,2-15H2,1H3;1H/q+1;/p-1",10.1016/j.ces.2022.118208,10.1016/j.molliq.2016.11.105
CCCCCCCCCCCC[N+](C)(C)CC(=O)OCCCOC(=O)C[N+](C)(C)CCCCCCCCCCCC.[Cl-].[Cl-],47.9,655.8770000000004,"InChI=1S/C35H72N2O4.2ClH/c1-7-9-11-13-15-17-19-21-23-25-28-36(3,4)32-34(38)40-30-27-31-41-35(39)33-37(5,6)29-26-24-22-20-18-16-14-12-10-8-2;;/h7-33H2,1-6H3;2*1H/q+2;;/p-2",10.1016/j.ces.2022.118208,10.1016/j.molliq.2017.05.092
CCCCCCCCCCCCCC[N+](C)(C)CC(=O)OCCCOC(=O)C[N+](C)(C)CCCCCCCCCCCCCC.[Cl-].[Cl-],45.5,711.9850000000001,"InChI=1S/C39H80N2O4.2ClH/c1-7-9-11-13-15-17-19-21-23-25-27-29-32-40(3,4)36-38(42)44-34-31-35-45-39(43)37-41(5,6)33-30-28-26-24-22-20-18-16-14-12-10-8-2;;/h7-37H2,1-6H3;2*1H/q+2;;/p-2",10.1016/j.ces.2022.118208,10.1016/j.molliq.2017.05.092
CCCCCCCCCCCCCCCC[N+](C)(C)CC(=O)OCCCOC(=O)C[N+](C)(C)CCCCCCCCCCCCCCCC.[Cl-].[Cl-],43.2,768.0929999999997,"InChI=1S/C43H88N2O4.2ClH/c1-7-9-11-13-15-17-19-21-23-25-27-29-31-33-36-44(3,4)40-42(46)48-38-35-39-49-43(47)41-45(5,6)37-34-32-30-28-26-24-22-20-18-16-14-12-10-8-2;;/h7-41H2,1-6H3;2*1H/q+2;;/p-2",10.1016/j.ces.2022.118208,10.1016/j.molliq.2017.05.092
C=CC(=O)OC(C[N+](C)(C)CCCCCCCCCCCC)C[N+](C)(C)CCCCCCCCCCCC.[Br-].[Br-],33.4,698.7540000000005,"InChI=1S/C34H70N2O2.2BrH/c1-8-11-13-15-17-19-21-23-25-27-29-35(4,5)31-33(38-34(37)10-3)32-36(6,7)30-28-26-24-22-20-18-16-14-12-9-2;;/h10,33H,3,8-9,11-32H2,1-2,4-7H3;2*1H/q+2;;/p-2",10.1016/j.ces.2022.118208,10.1016/j.colsurfa.2013.12.079
C=CC(=O)OC(C[N+](C)(C)CCCCCCCCCCCCCC)C[N+](C)(C)CCCCCCCCCCCCCC.[Br-].[Br-],31.3,754.8620000000004,"InChI=1S/C38H78N2O2.2BrH/c1-8-11-13-15-17-19-21-23-25-27-29-31-33-39(4,5)35-37(42-38(41)10-3)36-40(6,7)34-32-30-28-26-24-22-20-18-16-14-12-9-2;;/h10,37H,3,8-9,11-36H2,1-2,4-7H3;2*1H/q+2;;/p-2",10.1016/j.ces.2022.118208,10.1016/j.colsurfa.2013.12.079
C=CC(=O)OC(C[N+](C)(C)CCCCCCCCCCCCCCCC)C[N+](C)(C)CCCCCCCCCCCCCCCC.[Br-].[Br-],32.5,810.9700000000004,"InChI=1S/C42H86N2O2.2BrH/c1-8-11-13-15-17-19-21-23-25-27-29-31-33-35-37-43(4,5)39-41(46-42(45)10-3)40-44(6,7)38-36-34-32-30-28-26-24-22-20-18-16-14-12-9-2;;/h10,41H,3,8-9,11-40H2,1-2,4-7H3;2*1H/q+2;;/p-2",10.1016/j.ces.2022.118208,10.1016/j.colsurfa.2013.12.079
C=CC(=O)OCC[N+](C)(C)CCCCCCCCCCCC.[Br-],43.1,392.422,"InChI=1S/C19H38NO2.BrH/c1-5-7-8-9-10-11-12-13-14-15-16-20(3,4)17-18-22-19(21)6-2;/h6H,2,5,7-18H2,1,3-4H3;1H/q+1;/p-1",10.1016/j.ces.2022.118208,10.1016/j.colsurfa.2013.12.079
C=CC(=O)OCC[N+](C)(C)CCCCCCCCCCCCCC.[Br-],42.8,420.47600000000006,"InChI=1S/C21H42NO2.BrH/c1-5-7-8-9-10-11-12-13-14-15-16-17-18-22(3,4)19-20-24-21(23)6-2;/h6H,2,5,7-20H2,1,3-4H3;1H/q+1;/p-1",10.1016/j.ces.2022.118208,10.1016/j.colsurfa.2013.12.079
C=CC(=O)OCC[N+](C)(C)CCCCCCCCCCCCCCCC.[Br-],43.2,448.5300000000001,"InChI=1S/C23H46NO2.BrH/c1-5-7-8-9-10-11-12-13-14-15-16-17-18-19-20-24(3,4)21-22-26-23(25)6-2;/h6H,2,5,7-22H2,1,3-4H3;1H/q+1;/p-1",10.1016/j.ces.2022.118208,10.1016/j.colsurfa.2013.12.079
CCCCCCCCCCC(=O)OCC[N+](C)(C)CC(O)C[N+](C)(C)CCOC(=O)CCCCCCCCCC.[Cl-].[Cl-],30.0,643.8220000000003,"InChI=1S/C33H68N2O5.2ClH/c1-7-9-11-13-15-17-19-21-23-32(37)39-27-25-34(3,4)29-31(36)30-35(5,6)26-28-40-33(38)24-22-20-18-16-14-12-10-8-2;;/h31,36H,7-30H2,1-6H3;2*1H/q+2;;/p-2",10.1016/j.ces.2022.118208,10.1007/s11743-000-0121-4
CCCCCCCCCCCCC(=O)OCC[N+](C)(C)CC(O)C[N+](C)(C)CCOC(=O)CCCCCCCCCCCC.[Cl-].[Cl-],32.0,699.9300000000002,"InChI=1S/C37H76N2O5.2ClH/c1-7-9-11-13-15-17-19-21-23-25-27-36(41)43-31-29-38(3,4)33-35(40)34-39(5,6)30-32-44-37(42)28-26-24-22-20-18-16-14-12-10-8-2;;/h35,40H,7-34H2,1-6H3;2*1H/q+2;;/p-2",10.1016/j.ces.2022.118208,10.1007/s11743-000-0121-4
CCCCCCCCCCCCCCC(=O)OCC[N+](C)(C)CC(O)C[N+](C)(C)CCOC(=O)CCCCCCCCCCCCCC.[Cl-].[Cl-],30.0,756.0379999999998,"InChI=1S/C41H84N2O5.2ClH/c1-7-9-11-13-15-17-19-21-23-25-27-29-31-40(45)47-35-33-42(3,4)37-39(44)38-43(5,6)34-36-48-41(46)32-30-28-26-24-22-20-18-16-14-12-10-8-2;;/h39,44H,7-38H2,1-6H3;2*1H/q+2;;/p-2",10.1016/j.ces.2022.118208,10.1007/s11743-000-0121-4
CCCCCCCCCCC(=O)OCCCC[N+](C)(C)CC(O)C[N+](C)(C)CCCCOC(=O)CCCCCCCCCC.[Cl-].[Cl-],34.0,699.9300000000002,"InChI=1S/C37H76N2O5.2ClH/c1-7-9-11-13-15-17-19-21-27-36(41)43-31-25-23-29-38(3,4)33-35(40)34-39(5,6)30-24-26-32-44-37(42)28-22-20-18-16-14-12-10-8-2;;/h35,40H,7-34H2,1-6H3;2*1H/q+2;;/p-2",10.1016/j.ces.2022.118208,10.1007/s11743-000-0121-4
CCCCCCCCC(=O)OCCCCCC[N+](C)(C)CC(O)C[N+](C)(C)CCCCCCOC(=O)CCCCCCCC.[Cl-].[Cl-],34.0,699.9300000000002,"InChI=1S/C37H76N2O5.2ClH/c1-7-9-11-13-15-21-27-36(41)43-31-25-19-17-23-29-38(3,4)33-35(40)34-39(5,6)30-24-18-20-26-32-44-37(42)28-22-16-14-12-10-8-2;;/h35,40H,7-34H2,1-6H3;2*1H/q+2;;/p-2",10.1016/j.ces.2022.118208,10.1007/s11743-000-0121-4
CCCCCCCCCCCCC(=O)OCC[N+](C)(C)C.[Cl-],30.0,335.96000000000004,"InChI=1S/C18H38NO2.ClH/c1-5-6-7-8-9-10-11-12-13-14-15-18(20)21-17-16-19(2,3)4;/h5-17H2,1-4H3;1H/q+1;/p-1",10.1016/j.ces.2022.118208,10.1007/s11743-000-0121-4
CCCCCCCCCCCCC(=O)NCC[N+](C)(C)CC(O)C[N+](C)(C)CCNC(=O)CCCCCCCCCCCC.[Cl-].[Cl-],33.0,697.9620000000001,"InChI=1S/C37H76N4O3.2ClH/c1-7-9-11-13-15-17-19-21-23-25-27-36(43)38-29-31-40(3,4)33-35(42)34-41(5,6)32-30-39-37(44)28-26-24-22-20-18-16-14-12-10-8-2;;/h35,42H,7-34H2,1-6H3;2*1H",10.1016/j.ces.2022.118208,10.1007/s11743-000-0121-4
CCCCCCCCCCCCC(=O)NCC[N+](C)(C)C.[Cl-],35.0,334.976,"InChI=1S/C18H38N2O.ClH/c1-5-6-7-8-9-10-11-12-13-14-15-18(21)19-16-17-20(2,3)4;/h5-17H2,1-4H3;1H",10.1016/j.ces.2022.118208,10.1007/s11743-000-0121-4
CCCCCCCCCc1ccc(OCC(O)C[N+](C)(C)C)cc1.[Br-],29.5,416.44400000000013,"InChI=1S/C21H38NO2.BrH/c1-5-6-7-8-9-10-11-12-19-13-15-21(16-14-19)24-18-20(23)17-22(2,3)4;/h13-16,20,23H,5-12,17-18H2,1-4H3;1H/q+1;/p-1",10.1016/j.ces.2022.118208,10.1002/cjoc.200590957
CCCCCCCCCCCC[N+](C)(C)CC[N+](C)(C)CCCCCCCCCCCC.[Br-].[Br-],31.5,614.6800000000005,"InChI=1S/C30H66N2.2BrH/c1-7-9-11-13-15-17-19-21-23-25-27-31(3,4)29-30-32(5,6)28-26-24-22-20-18-16-14-12-10-8-2;;/h7-30H2,1-6H3;2*1H/q+2;;/p-2",10.1016/j.ces.2022.118208,10.1016/j.colsurfa.2011.01.007
CCCCCCCCCCCC[N+](C)(C)CCNC(=O)CCN(CCC(=O)NCC[N+](C)(C)CCCCCCCCCCCC)CCN(CCC(=O)NCC[N+](C)(C)CCCCCCCCCCCC)CCC(=O)NCC[N+](C)(C)CCCCCCCCCCCC.[Br-].[Br-].[Br-].[Br-],47.6,1625.851999999999,"InChI=1S/C78H160N10O4.4BrH/c1-13-17-21-25-29-33-37-41-45-49-67-85(5,6)71-57-79-75(89)53-61-83(62-54-76(90)80-58-72-86(7,8)68-50-46-42-38-34-30-26-22-18-14-2)65-66-84(63-55-77(91)81-59-73-87(9,10)69-51-47-43-39-35-31-27-23-19-15-3)64-56-78(92)82-60-74-88(11,12)70-52-48-44-40-36-32-28-24-20-16-4;;;;/h13-74H2,1-12H3;4*1H",10.1016/j.ces.2022.118208,10.1021/la903672r
CCCCCCCCCCCCOCC(O)Cn1cc[n+](CC[n+]2ccn(CC(O)COCCCCCCCCCCCC)c2)c1.[Br-].[Br-],30.0,808.826,"InChI=1S/C38H72N4O4.2BrH/c1-3-5-7-9-11-13-15-17-19-21-29-45-33-37(43)31-41-27-25-39(35-41)23-24-40-26-28-42(36-40)32-38(44)34-46-30-22-20-18-16-14-12-10-8-6-4-2;;/h25-28,35-38,43-44H,3-24,29-34H2,1-2H3;2*1H/q+2;;/p-2",10.1016/j.ces.2022.118208,10.1007/s11743-013-1472-2
CCCCCCCCCCCCOCC(O)Cn1cc[n+](CCC[n+]2ccn(CC(O)COCCCCCCCCCCCC)c2)c1.[Br-].[Br-],36.1,822.853,"InChI=1S/C39H74N4O4.2BrH/c1-3-5-7-9-11-13-15-17-19-21-30-46-34-38(44)32-42-28-26-40(36-42)24-23-25-41-27-29-43(37-41)33-39(45)35-47-31-22-20-18-16-14-12-10-8-6-4-2;;/h26-29,36-39,44-45H,3-25,30-35H2,1-2H3;2*1H/q+2;;/p-2",10.1016/j.ces.2022.118208,10.1007/s11743-013-1472-2
CCCCCCCCCCCCCCOCC(O)Cn1cc[n+](CC[n+]2ccn(CC(O)COCCCCCCCCCCCCCC)c2)c1.[Br-].[Br-],43.5,864.9339999999997,"InChI=1S/C42H80N4O4.2BrH/c1-3-5-7-9-11-13-15-17-19-21-23-25-33-49-37-41(47)35-45-31-29-43(39-45)27-28-44-30-32-46(40-44)36-42(48)38-50-34-26-24-22-20-18-16-14-12-10-8-6-4-2;;/h29-32,39-42,47-48H,3-28,33-38H2,1-2H3;2*1H/q+2;;/p-2",10.1016/j.ces.2022.118208,10.1007/s11743-013-1472-2
CCCCCCCCCCCCCCOCC(O)Cn1cc[n+](CCC[n+]2ccn(CC(O)COCCCCCCCCCCCCCC)c2)c1.[Br-].[Br-],44.5,878.9609999999997,"InChI=1S/C43H82N4O4.2BrH/c1-3-5-7-9-11-13-15-17-19-21-23-25-34-50-38-42(48)36-46-32-30-44(40-46)28-27-29-45-31-33-47(41-45)37-43(49)39-51-35-26-24-22-20-18-16-14-12-10-8-6-4-2;;/h30-33,40-43,48-49H,3-29,34-39H2,1-2H3;2*1H/q+2;;/p-2",10.1016/j.ces.2022.118208,10.1007/s11743-013-1472-2
CCCCCCCCCCCCCCCCOCC(O)Cn1cc[n+](CC[n+]2ccn(CC(O)COCCCCCCCCCCCCCCCC)c2)c1.[Br-].[Br-],48.1,921.0419999999993,"InChI=1S/C46H88N4O4.2BrH/c1-3-5-7-9-11-13-15-17-19-21-23-25-27-29-37-53-41-45(51)39-49-35-33-47(43-49)31-32-48-34-36-50(44-48)40-46(52)42-54-38-30-28-26-24-22-20-18-16-14-12-10-8-6-4-2;;/h33-36,43-46,51-52H,3-32,37-42H2,1-2H3;2*1H/q+2;;/p-2",10.1016/j.ces.2022.118208,10.1007/s11743-013-1472-2
CCCCCCCCCCCCCCCCOCC(O)Cn1cc[n+](CCC[n+]2ccn(CC(O)COCCCCCCCCCCCCCCCC)c2)c1.[Br-].[Br-],50.1,935.0689999999993,"InChI=1S/C47H90N4O4.2BrH/c1-3-5-7-9-11-13-15-17-19-21-23-25-27-29-38-54-42-46(52)40-50-36-34-48(44-50)32-31-33-49-35-37-51(45-49)41-47(53)43-55-39-30-28-26-24-22-20-18-16-14-12-10-8-6-4-2;;/h34-37,44-47,52-53H,3-33,38-43H2,1-2H3;2*1H/q+2;;/p-2",10.1016/j.ces.2022.118208,10.1007/s11743-013-1472-2
CCCCCCCCCCCC[N+](C)(C)CC(O)COc1ccc(OCC(O)C[N+](C)(C)CCCCCCCCCCCC)cc1.[Cl-].[Cl-],40.2,721.9799999999999,"InChI=1S/C40H78N2O4.2ClH/c1-7-9-11-13-15-17-19-21-23-25-31-41(3,4)33-37(43)35-45-39-27-29-40(30-28-39)46-36-38(44)34-42(5,6)32-26-24-22-20-18-16-14-12-10-8-2;;/h27-30,37-38,43-44H,7-26,31-36H2,1-6H3;2*1H/q+2;;/p-2",10.1016/j.ces.2022.118208,10.1080/01932690903192580
CCCCCCCCCCCCCC[N+](C)(C)CC(O)COc1ccc(OCC(O)C[N+](C)(C)CCCCCCCCCCCCCC)cc1.[Cl-].[Cl-],41.1,778.0879999999995,"InChI=1S/C44H86N2O4.2ClH/c1-7-9-11-13-15-17-19-21-23-25-27-29-35-45(3,4)37-41(47)39-49-43-31-33-44(34-32-43)50-40-42(48)38-46(5,6)36-30-28-26-24-22-20-18-16-14-12-10-8-2;;/h31-34,41-42,47-48H,7-30,35-40H2,1-6H3;2*1H/q+2;;/p-2",10.1016/j.ces.2022.118208,10.1080/01932690903192580
CCCCCCCCCCCCCCCC[N+](C)(C)CC(O)COc1ccc(OCC(O)C[N+](C)(C)CCCCCCCCCCCCCCCC)cc1.[Cl-].[Cl-],43.3,834.1959999999992,"InChI=1S/C48H94N2O4.2ClH/c1-7-9-11-13-15-17-19-21-23-25-27-29-31-33-39-49(3,4)41-45(51)43-53-47-35-37-48(38-36-47)54-44-46(52)42-50(5,6)40-34-32-30-28-26-24-22-20-18-16-14-12-10-8-2;;/h35-38,45-46,51-52H,7-34,39-44H2,1-6H3;2*1H/q+2;;/p-2",10.1016/j.ces.2022.118208,10.1080/01932690903192580
CCCCCCCCCCCC[N+](CCO)(CCO)CCCC[N+](CCO)(CCO)CCCCCCCCCCCC.[Br-].[Br-],35.6,762.8380000000001,"InChI=1S/C36H78N2O4.2BrH/c1-3-5-7-9-11-13-15-17-19-21-25-37(29-33-39,30-34-40)27-23-24-28-38(31-35-41,32-36-42)26-22-20-18-16-14-12-10-8-6-4-2;;/h39-42H,3-36H2,1-2H3;2*1H/q+2;;/p-2",10.1016/j.ces.2022.118208,10.1016/j.colsurfa.2008.04.028
CCCCCCCCCCCC[N+](CCO)(CCO)CCCCCC[N+](CCO)(CCO)CCCCCCCCCCCC.[Br-].[Br-],36.3,790.8919999999999,"InChI=1S/C38H82N2O4.2BrH/c1-3-5-7-9-11-13-15-17-19-23-27-39(31-35-41,32-36-42)29-25-21-22-26-30-40(33-37-43,34-38-44)28-24-20-18-16-14-12-10-8-6-4-2;;/h41-44H,3-38H2,1-2H3;2*1H/q+2;;/p-2",10.1016/j.ces.2022.118208,10.1016/j.colsurfa.2008.04.028
CCCCCCCCCCCC[N+](CCO)(CCO)CCCCCCCC[N+](CCO)(CCO)CCCCCCCCCCCC.[Br-].[Br-],36.0,818.9459999999998,"InChI=1S/C40H86N2O4.2BrH/c1-3-5-7-9-11-13-15-17-21-25-29-41(33-37-43,34-38-44)31-27-23-19-20-24-28-32-42(35-39-45,36-40-46)30-26-22-18-16-14-12-10-8-6-4-2;;/h43-46H,3-40H2,1-2H3;2*1H/q+2;;/p-2",10.1016/j.ces.2022.118208,10.1016/j.colsurfa.2008.04.028
CCCCCCCCCCCC[N+](CCO)(CCO)CCCCCCCCCC[N+](CCO)(CCO)CCCCCCCCCCCC.[Br-].[Br-],36.3,846.9999999999998,"InChI=1S/C42H90N2O4.2BrH/c1-3-5-7-9-11-13-15-19-23-27-31-43(35-39-45,36-40-46)33-29-25-21-17-18-22-26-30-34-44(37-41-47,38-42-48)32-28-24-20-16-14-12-10-8-6-4-2;;/h45-48H,3-42H2,1-2H3;2*1H/q+2;;/p-2",10.1016/j.ces.2022.118208,10.1016/j.colsurfa.2008.04.028
CCCCCCCCCCCC[N+]1(C)CCCC1=NCCc1ccccc1.[Br-],33.1,451.5370000000001,"InChI=1S/C25H43N2.BrH/c1-3-4-5-6-7-8-9-10-11-15-22-27(2)23-16-19-25(27)26-21-20-24-17-13-12-14-18-24;/h12-14,17-18H,3-11,15-16,19-23H2,1-2H3;1H/q+1;/p-1",10.1016/j.ces.2022.118208,10.1016/j.molliq.2015.11.047
CCCCCCCCCCCC[N+]1(C)CCCC1=NCCO.[Br-],33.9,391.43800000000005,"InChI=1S/C19H39N2O.BrH/c1-3-4-5-6-7-8-9-10-11-12-16-21(2)17-13-14-19(21)20-15-18-22;/h22H,3-18H2,1-2H3;1H/q+1;/p-1",10.1016/j.ces.2022.118208,10.1016/j.molliq.2015.11.047
CCCCCCCCCCCC[N+]1(C)CCCC1=Nc1ccc(O)cc1.[Br-],29.0,439.482,"InChI=1S/C23H38N2O.BrH/c1-3-4-5-6-7-8-9-10-11-12-19-25(2)20-13-14-23(25)24-21-15-17-22(26)18-16-21;/h15-18H,3-14,19-20H2,1-2H3;1H",10.1016/j.ces.2022.118208,10.1016/j.molliq.2015.11.047
CCCCCCCCCC[N+](CCC)(CCC)CCCC[N+](CCC)(CCC)CCCCCCCCCC.[Br-].[Br-],38.5,698.8420000000006,"InChI=1S/C36H78N2.2BrH/c1-7-13-15-17-19-21-23-25-33-37(29-9-3,30-10-4)35-27-28-36-38(31-11-5,32-12-6)34-26-24-22-20-18-16-14-8-2;;/h7-36H2,1-6H3;2*1H/q+2;;/p-2",10.1016/j.ces.2022.118208,10.1016/j.colsurfa.2015.02.005
CCCCCCCCCCCC[N+](CCC)(CCC)CCCC[N+](CCC)(CCC)CCCCCCCCCCCC.[Br-].[Br-],38.6,754.9500000000003,"InChI=1S/C40H86N2.2BrH/c1-7-13-15-17-19-21-23-25-27-29-37-41(33-9-3,34-10-4)39-31-32-40-42(35-11-5,36-12-6)38-30-28-26-24-22-20-18-16-14-8-2;;/h7-40H2,1-6H3;2*1H/q+2;;/p-2",10.1016/j.ces.2022.118208,10.1016/j.colsurfa.2015.02.005
CCCCCCCCCCCCCC[N+](CCC)(CCC)CCCC[N+](CCC)(CCC)CCCCCCCCCCCCCC.[Br-].[Br-],41.0,811.058,"InChI=1S/C44H94N2.2BrH/c1-7-13-15-17-19-21-23-25-27-29-31-33-41-45(37-9-3,38-10-4)43-35-36-44-46(39-11-5,40-12-6)42-34-32-30-28-26-24-22-20-18-16-14-8-2;;/h7-44H2,1-6H3;2*1H/q+2;;/p-2",10.1016/j.ces.2022.118208,10.1016/j.colsurfa.2015.02.005
CCCCCCCCCCCCCCCC[N+](CCC)(CCC)CCCC[N+](CCC)(CCC)CCCCCCCCCCCCCCCC.[Br-].[Br-],48.5,867.1659999999996,"InChI=1S/C48H102N2.2BrH/c1-7-13-15-17-19-21-23-25-27-29-31-33-35-37-45-49(41-9-3,42-10-4)47-39-40-48-50(43-11-5,44-12-6)46-38-36-34-32-30-28-26-24-22-20-18-16-14-8-2;;/h7-48H2,1-6H3;2*1H/q+2;;/p-2",10.1016/j.ces.2022.118208,10.1016/j.colsurfa.2015.02.005
CCCCCCCCCCCCOC(=O)C[n+]1cccc2ccc(CN3CCCCC3)c(O)c21.[Br-],43.0,549.5940000000004,"InChI=1S/C29H44N2O3.BrH/c1-2-3-4-5-6-7-8-9-10-14-22-34-27(32)24-31-21-15-16-25-17-18-26(29(33)28(25)31)23-30-19-12-11-13-20-30;/h15-18,21H,2-14,19-20,22-24H2,1H3;1H",10.1016/j.ces.2022.118208,10.1016/j.bmc.2005.07.031
CCCCCCCCCCCCCCCCOC(=O)C[n+]1cccc2ccc(CN3CCCCC3)c(O)c21.[Br-],42.5,605.7020000000005,"InChI=1S/C33H52N2O3.BrH/c1-2-3-4-5-6-7-8-9-10-11-12-13-14-18-26-38-31(36)28-35-25-19-20-29-21-22-30(33(37)32(29)35)27-34-23-16-15-17-24-34;/h19-22,25H,2-18,23-24,26-28H2,1H3;1H",10.1016/j.ces.2022.118208,10.1016/j.bmc.2005.07.031
CCCCCCCCCCCCCCCCCCOC(=O)C[n+]1cccc2ccc(CN3CCCCC3)c(O)c21.[Br-],39.0,633.7560000000003,"InChI=1S/C35H56N2O3.BrH/c1-2-3-4-5-6-7-8-9-10-11-12-13-14-15-16-20-28-40-33(38)30-37-27-21-22-31-23-24-32(35(39)34(31)37)29-36-25-18-17-19-26-36;/h21-24,27H,2-20,25-26,28-30H2,1H3;1H",10.1016/j.ces.2022.118208,10.1016/j.bmc.2005.07.031
CCCCCCCCCCCCOC(=O)C[n+]1cccc2ccc(CN3CCOCC3)c(O)c21.[Br-],43.5,551.5660000000004,"InChI=1S/C28H42N2O4.BrH/c1-2-3-4-5-6-7-8-9-10-11-19-34-26(31)23-30-16-12-13-24-14-15-25(28(32)27(24)30)22-29-17-20-33-21-18-29;/h12-16H,2-11,17-23H2,1H3;1H",10.1016/j.ces.2022.118208,10.1016/j.bmc.2005.07.031
CCCCCCCCCCCCCCCCOC(=O)C[n+]1cccc2ccc(CN3CCOCC3)c(O)c21.[Br-],45.0,607.6740000000004,"InChI=1S/C32H50N2O4.BrH/c1-2-3-4-5-6-7-8-9-10-11-12-13-14-15-23-38-30(35)27-34-20-16-17-28-18-19-29(32(36)31(28)34)26-33-21-24-37-25-22-33;/h16-20H,2-15,21-27H2,1H3;1H",10.1016/j.ces.2022.118208,10.1016/j.bmc.2005.07.031
CCCCCCCCCCCCCCCCCCOC(=O)C[n+]1cccc2ccc(CN3CCOCC3)c(O)c21.[Br-],47.5,635.7280000000004,"InChI=1S/C34H54N2O4.BrH/c1-2-3-4-5-6-7-8-9-10-11-12-13-14-15-16-17-25-40-32(37)29-36-22-18-19-30-20-21-31(34(38)33(30)36)28-35-23-26-39-27-24-35;/h18-22H,2-17,23-29H2,1H3;1H",10.1016/j.ces.2022.118208,10.1016/j.bmc.2005.07.031
CCCCCCCCC(=O)NCCC[N+](C)(C)CC(O)C[N+](C)(C)CCCNC(=O)CCCCCCCC.[Cl-].[Cl-],32.3,613.8000000000003,"InChI=1S/C31H64N4O3.2ClH/c1-7-9-11-13-15-17-21-30(37)32-23-19-25-34(3,4)27-29(36)28-35(5,6)26-20-24-33-31(38)22-18-16-14-12-10-8-2;;/h29,36H,7-28H2,1-6H3;2*1H",10.1016/j.ces.2022.118208,10.1016/j.colsurfa.2018.11.061
CCCCCCCCCCCCC(=O)NCCC[N+](C)(C)CC(O)C[N+](C)(C)CCCNC(=O)CCCCCCCCCCCC.[Cl-].[Cl-],34.8,726.0159999999996,"InChI=1S/C39H80N4O3.2ClH/c1-7-9-11-13-15-17-19-21-23-25-29-38(45)40-31-27-33-42(3,4)35-37(44)36-43(5,6)34-28-32-41-39(46)30-26-24-22-20-18-16-14-12-10-8-2;;/h37,44H,7-36H2,1-6H3;2*1H",10.1016/j.ces.2022.118208,10.1016/j.colsurfa.2018.11.061
CCCCCCCCCCCCCCCCC(=O)NCCC[N+](C)(C)CC(O)C[N+](C)(C)CCCNC(=O)CCCCCCCCCCCCCCCC.[Cl-].[Cl-],37.5,838.2319999999992,"InChI=1S/C47H96N4O3.2ClH/c1-7-9-11-13-15-17-19-21-23-25-27-29-31-33-37-46(53)48-39-35-41-50(3,4)43-45(52)44-51(5,6)42-36-40-49-47(54)38-34-32-30-28-26-24-22-20-18-16-14-12-10-8-2;;/h45,52H,7-44H2,1-6H3;2*1H",10.1016/j.ces.2022.118208,10.1016/j.colsurfa.2018.11.061
CCCCCCCCCCCCOCC(O)C[N+](C)(C)CC(O)COCCCCCCCCCCCC.COS(=O)(=O)[O-],28.9,641.9970000000005,"InChI=1S/C32H68NO4.CH4O4S/c1-5-7-9-11-13-15-17-19-21-23-25-36-29-31(34)27-33(3,4)28-32(35)30-37-26-24-22-20-18-16-14-12-10-8-6-2;1-5-6(2,3)4/h31-32,34-35H,5-30H2,1-4H3;1H3,(H,2,3,4)/q+1;/p-1",10.1016/j.ces.2022.118208,10.1016/j.jiec.2012.01.040
CCCCCCCCCCCCOCC(O)C[N+](C)(C)CC(O)C[N+](C)(C)CC(O)COCCCCCCCCCCCC.[Cl-].[Cl-],31.3,703.962,"InChI=1S/C37H80N2O5.2ClH/c1-7-9-11-13-15-17-19-21-23-25-27-43-33-36(41)31-38(3,4)29-35(40)30-39(5,6)32-37(42)34-44-28-26-24-22-20-18-16-14-12-10-8-2;;/h35-37,40-42H,7-34H2,1-6H3;2*1H/q+2;;/p-2",10.1016/j.ces.2022.118208,10.1016/j.jiec.2012.01.040
CCCCCCCCCCCCOCC(O)C[N+](C)(C)CC(O)C[N+](C)(C)CC(O)C[N+](C)(C)CC(O)COCCCCCCCCCCCC.COS(=O)(=O)[O-].[Cl-].[Cl-],32.6,917.2169999999995,"InChI=1S/C42H92N3O6.CH4O4S.2ClH/c1-9-11-13-15-17-19-21-23-25-27-29-50-37-41(48)35-44(5,6)33-39(46)31-43(3,4)32-40(47)34-45(7,8)36-42(49)38-51-30-28-26-24-22-20-18-16-14-12-10-2;1-5-6(2,3)4;;/h39-42,46-49H,9-38H2,1-8H3;1H3,(H,2,3,4);2*1H/q+3;;;/p-3",10.1016/j.ces.2022.118208,10.1016/j.jiec.2012.01.040
CCCCCCCCCCCCOC(=O)C[n+]1c(N=Cc2ccccc2)sc2ccccc21.[Br-],44.4,545.5870000000002,"InChI=1S/C28H37N2O2S.BrH/c1-2-3-4-5-6-7-8-9-10-16-21-32-27(31)23-30-25-19-14-15-20-26(25)33-28(30)29-22-24-17-12-11-13-18-24;/h11-15,17-20,22H,2-10,16,21,23H2,1H3;1H/q+1;/p-1",10.1016/j.ces.2022.118208,10.1080/01932691003756902
CCCCCCCCCCCCCCOC(=O)C[n+]1c(N=Cc2ccccc2)sc2ccccc21.[Br-],42.3,573.6410000000003,"InChI=1S/C30H41N2O2S.BrH/c1-2-3-4-5-6-7-8-9-10-11-12-18-23-34-29(33)25-32-27-21-16-17-22-28(27)35-30(32)31-24-26-19-14-13-15-20-26;/h13-17,19-22,24H,2-12,18,23,25H2,1H3;1H/q+1;/p-1",10.1016/j.ces.2022.118208,10.1080/01932691003756902
CCCCCCCCCCCCCCCCOC(=O)C[n+]1c(N=Cc2ccccc2)sc2ccccc21.[Br-],40.4,601.6950000000005,"InChI=1S/C32H45N2O2S.BrH/c1-2-3-4-5-6-7-8-9-10-11-12-13-14-20-25-36-31(35)27-34-29-23-18-19-24-30(29)37-32(34)33-26-28-21-16-15-17-22-28;/h15-19,21-24,26H,2-14,20,25,27H2,1H3;1H/q+1;/p-1",10.1016/j.ces.2022.118208,10.1080/01932691003756902
CCCCCCCCCCCCCCCCCCOC(=O)C[n+]1c(N=Cc2ccccc2)sc2ccccc21.[Br-],36.7,629.7490000000006,"InChI=1S/C34H49N2O2S.BrH/c1-2-3-4-5-6-7-8-9-10-11-12-13-14-15-16-22-27-38-33(37)29-36-31-25-20-21-26-32(31)39-34(36)35-28-30-23-18-17-19-24-30;/h17-21,23-26,28H,2-16,22,27,29H2,1H3;1H/q+1;/p-1",10.1016/j.ces.2022.118208,10.1080/01932691003756902
CCCCCCCCCCCCOC(=O)C[n+]1c(N=Cc2ccc(OC)cc2)sc2ccccc21.[Br-],45.2,575.6130000000003,"InChI=1S/C29H39N2O3S.BrH/c1-3-4-5-6-7-8-9-10-11-14-21-34-28(32)23-31-26-15-12-13-16-27(26)35-29(31)30-22-24-17-19-25(33-2)20-18-24;/h12-13,15-20,22H,3-11,14,21,23H2,1-2H3;1H/q+1;/p-1",10.1016/j.ces.2022.118208,10.1080/01932691003756902
CCCCCCCCCCCCCCOC(=O)C[n+]1c(N=Cc2ccc(OC)cc2)sc2ccccc21.[Br-],42.1,603.6670000000004,"InChI=1S/C31H43N2O3S.BrH/c1-3-4-5-6-7-8-9-10-11-12-13-16-23-36-30(34)25-33-28-17-14-15-18-29(28)37-31(33)32-24-26-19-21-27(35-2)22-20-26;/h14-15,17-22,24H,3-13,16,23,25H2,1-2H3;1H/q+1;/p-1",10.1016/j.ces.2022.118208,10.1080/01932691003756902
CCCCCCCCCCCCCCCCOC(=O)C[n+]1c(N=Cc2ccc(OC)cc2)sc2ccccc21.[Br-],39.2,631.7210000000005,"InChI=1S/C33H47N2O3S.BrH/c1-3-4-5-6-7-8-9-10-11-12-13-14-15-18-25-38-32(36)27-35-30-19-16-17-20-31(30)39-33(35)34-26-28-21-23-29(37-2)24-22-28;/h16-17,19-24,26H,3-15,18,25,27H2,1-2H3;1H/q+1;/p-1",10.1016/j.ces.2022.118208,10.1080/01932691003756902
CCCCCCCCCCCCCCCCCCOC(=O)C[n+]1c(N=Cc2ccc(OC)cc2)sc2ccccc21.[Br-],39.1,659.7750000000005,"InChI=1S/C35H51N2O3S.BrH/c1-3-4-5-6-7-8-9-10-11-12-13-14-15-16-17-20-27-40-34(38)29-37-32-21-18-19-22-33(32)41-35(37)36-28-30-23-25-31(39-2)26-24-30;/h18-19,21-26,28H,3-17,20,27,29H2,1-2H3;1H/q+1;/p-1",10.1016/j.ces.2022.118208,10.1080/01932691003756902
CCCCCCCCCCCC(=O)NCCC[N+](C)(C)Cc1ccccc1.[Cl-],29.2,411.07400000000007,"InChI=1S/C24H42N2O.ClH/c1-4-5-6-7-8-9-10-11-15-19-24(27)25-20-16-21-26(2,3)22-23-17-13-12-14-18-23;/h12-14,17-18H,4-11,15-16,19-22H2,1-3H3;1H",10.1016/j.ces.2022.118208,10.1007/s11743-016-1795-x
CCCCCCCCCCCCCC(=O)NCCC[N+](C)(C)Cc1ccccc1.[Cl-],32.3,439.12800000000016,"InChI=1S/C26H46N2O.ClH/c1-4-5-6-7-8-9-10-11-12-13-17-21-26(29)27-22-18-23-28(2,3)24-25-19-15-14-16-20-25;/h14-16,19-20H,4-13,17-18,21-24H2,1-3H3;1H",10.1016/j.ces.2022.118208,10.1007/s11743-016-1795-x
CCCCCCCCCCCCCCCC(=O)NCCC[N+](C)(C)Cc1ccccc1.[Cl-],41.5,467.18200000000024,"InChI=1S/C28H50N2O.ClH/c1-4-5-6-7-8-9-10-11-12-13-14-15-19-23-28(31)29-24-20-25-30(2,3)26-27-21-17-16-18-22-27;/h16-18,21-22H,4-15,19-20,23-26H2,1-3H3;1H",10.1016/j.ces.2022.118208,10.1007/s11743-016-1795-x
CCCCCCCCCCOC(=O)C[N+](C)(C)CCOCCO.[Cl-],31.4,367.9580000000001,"InChI=1S/C18H38NO4.ClH/c1-4-5-6-7-8-9-10-11-14-23-18(21)17-19(2,3)12-15-22-16-13-20;/h20H,4-17H2,1-3H3;1H/q+1;/p-1",10.1016/j.ces.2022.118208,10.1016/j.molliq.2017.12.105
CCCCCCCCCCCCOC(=O)C[N+](C)(C)CCOCCO.[Cl-],30.0,396.01200000000017,"InChI=1S/C20H42NO4.ClH/c1-4-5-6-7-8-9-10-11-12-13-16-25-20(23)19-21(2,3)14-17-24-18-15-22;/h22H,4-19H2,1-3H3;1H/q+1;/p-1",10.1016/j.ces.2022.118208,10.1016/j.molliq.2017.12.105
CCCCCCCCCCCCCCCCOC(=O)C[N+](C)(C)CCOCCO.[Cl-],27.7,452.12000000000023,"InChI=1S/C24H50NO4.ClH/c1-4-5-6-7-8-9-10-11-12-13-14-15-16-17-20-29-24(27)23-25(2,3)18-21-28-22-19-26;/h26H,4-23H2,1-3H3;1H/q+1;/p-1",10.1016/j.ces.2022.118208,10.1016/j.molliq.2017.12.105
CCCCCCCCCCCCCCCCOCC(O)Cn1cc[n+](CCC)c1.[Cl-],54.2,445.13200000000006,"InChI=1S/C25H49N2O2.ClH/c1-3-5-6-7-8-9-10-11-12-13-14-15-16-17-21-29-23-25(28)22-27-20-19-26(24-27)18-4-2;/h19-20,24-25,28H,3-18,21-23H2,1-2H3;1H/q+1;/p-1",10.1016/j.ces.2022.118208,10.1016/j.jiec.2014.01.032
CCCCCCCCCCCCCCOCC(O)Cn1cc[n+](CCC)c1.[Cl-],31.5,417.0780000000001,"InChI=1S/C23H45N2O2.ClH/c1-3-5-6-7-8-9-10-11-12-13-14-15-19-27-21-23(26)20-25-18-17-24(22-25)16-4-2;/h17-18,22-23,26H,3-16,19-21H2,1-2H3;1H/q+1;/p-1",10.1016/j.ces.2022.118208,10.1016/j.jiec.2014.01.032
CCCCCCCCCCCCOCC(O)Cn1cc[n+](CCC)c1.[Cl-],34.9,389.0240000000001,"InChI=1S/C21H41N2O2.ClH/c1-3-5-6-7-8-9-10-11-12-13-17-25-19-21(24)18-23-16-15-22(20-23)14-4-2;/h15-16,20-21,24H,3-14,17-19H2,1-2H3;1H/q+1;/p-1",10.1016/j.ces.2022.118208,10.1016/j.jiec.2014.01.032
CCCCCCCCCCCCCCCCOCC(O)Cn1cc[n+](CCC)c1.[Br-],50.5,489.5830000000001,"InChI=1S/C25H49N2O2.BrH/c1-3-5-6-7-8-9-10-11-12-13-14-15-16-17-21-29-23-25(28)22-27-20-19-26(24-27)18-4-2;/h19-20,24-25,28H,3-18,21-23H2,1-2H3;1H/q+1;/p-1",10.1016/j.ces.2022.118208,10.1016/j.jiec.2014.01.032
CCCCCCCCCCCCCCOCC(O)Cn1cc[n+](CCC)c1.[Br-],35.9,461.5290000000001,"InChI=1S/C23H45N2O2.BrH/c1-3-5-6-7-8-9-10-11-12-13-14-15-19-27-21-23(26)20-25-18-17-24(22-25)16-4-2;/h17-18,22-23,26H,3-16,19-21H2,1-2H3;1H/q+1;/p-1",10.1016/j.ces.2022.118208,10.1016/j.jiec.2014.01.032
CCCCCCCCCCCCOCC(O)Cn1cc[n+](CCC)c1.[Br-],27.7,433.4750000000001,"InChI=1S/C21H41N2O2.BrH/c1-3-5-6-7-8-9-10-11-12-13-17-25-19-21(24)18-23-16-15-22(20-23)14-4-2;/h15-16,20-21,24H,3-14,17-19H2,1-2H3;1H/q+1;/p-1",10.1016/j.ces.2022.118208,10.1016/j.jiec.2014.01.032
CCCCCCCCOC(=O)C[n+]1cccc(N=Cc2ccc(O)c(OC)c2)c1.[Br-],41.3,479.41500000000025,"InChI=1S/C23H30N2O4.BrH/c1-3-4-5-6-7-8-14-29-23(27)18-25-13-9-10-20(17-25)24-16-19-11-12-21(26)22(15-19)28-2;/h9-13,15-17H,3-8,14,18H2,1-2H3;1H",10.1016/j.ces.2022.118208,10.1016/j.colsurfa.2011.09.032
CCCCCCCCCCCCOC(=O)C[n+]1cccc(N=Cc2ccc(O)c(OC)c2)c1.[Br-],37.8,535.5230000000004,"InChI=1S/C27H38N2O4.BrH/c1-3-4-5-6-7-8-9-10-11-12-18-33-27(31)22-29-17-13-14-24(21-29)28-20-23-15-16-25(30)26(19-23)32-2;/h13-17,19-21H,3-12,18,22H2,1-2H3;1H",10.1016/j.ces.2022.118208,10.1016/j.colsurfa.2011.09.032
CCCCCCCCCCCCCCCCOC(=O)C[n+]1cccc(N=Cc2ccc(O)c(OC)c2)c1.[Br-],29.8,591.6310000000005,"InChI=1S/C31H46N2O4.BrH/c1-3-4-5-6-7-8-9-10-11-12-13-14-15-16-22-37-31(35)26-33-21-17-18-28(25-33)32-24-27-19-20-29(34)30(23-27)36-2;/h17-21,23-25H,3-16,22,26H2,1-2H3;1H",10.1016/j.ces.2022.118208,10.1016/j.colsurfa.2011.09.032
CCCCCCCCCCCC[n+]1cccc(CO)c1.[Br-],29.5,358.3639999999999,"InChI=1S/C18H32NO.BrH/c1-2-3-4-5-6-7-8-9-10-11-14-19-15-12-13-18(16-19)17-20;/h12-13,15-16,20H,2-11,14,17H2,1H3;1H/q+1;/p-1",10.1016/j.ces.2022.118208,10.1016/j.molliq.2019.111480
CCCCCCCCC=CCCCCCCCC(=O)NCCC[N+](C)(C)CCCC[N+](C)(C)CCCNC(=O)CCCCCCCC=CCCCCCCCC.[Br-].[Br-],32.9,949.1839999999995,"InChI=1S/C50H98N4O2.2BrH/c1-7-9-11-13-15-17-19-21-23-25-27-29-31-33-35-41-49(55)51-43-39-47-53(3,4)45-37-38-46-54(5,6)48-40-44-52-50(56)42-36-34-32-30-28-26-24-22-20-18-16-14-12-10-8-2;;/h21-24H,7-20,25-48H2,1-6H3;2*1H",10.1016/j.ces.2022.118208,10.1007/s11743-017-1969-1
CCCCCCCCC=CCCCCCCCC(=O)NCCC[N+](C)(C)CCCCCC[N+](C)(C)CCCNC(=O)CCCCCCCC=CCCCCCCCC.[Br-].[Br-],30.3,977.2379999999994,"InChI=1S/C52H102N4O2.2BrH/c1-7-9-11-13-15-17-19-21-23-25-27-29-31-33-37-43-51(57)53-45-41-49-55(3,4)47-39-35-36-40-48-56(5,6)50-42-46-54-52(58)44-38-34-32-30-28-26-24-22-20-18-16-14-12-10-8-2;;/h21-24H,7-20,25-50H2,1-6H3;2*1H",10.1016/j.ces.2022.118208,10.1007/s11743-017-1969-1
CCCCCCCC[N+](CCCCC[N+](CCCCCCCC)CC(C)O)CC(C)O.[Br-].[Br-],29.9,602.5810000000004,"InChI=1S/C27H58N2O2.2BrH/c1-5-7-9-11-13-16-20-28(24-26(3)30)22-18-15-19-23-29(25-27(4)31)21-17-14-12-10-8-6-2;;/h26-27,30-31H,5-25H2,1-4H3;2*1H/q+2;;/p-2",10.1016/j.ces.2022.118208,10.1016/j.colsurfa.2019.05.019
CCCCCCCCC[N+](CCCCC[N+](CCCCCCCCC)CC(C)O)CC(C)O.[Br-].[Br-],25.7,630.6350000000004,"InChI=1S/C29H62N2O2.2BrH/c1-5-7-9-11-13-15-18-22-30(26-28(3)32)24-20-17-21-25-31(27-29(4)33)23-19-16-14-12-10-8-6-2;;/h28-29,32-33H,5-27H2,1-4H3;2*1H/q+2;;/p-2",10.1016/j.ces.2022.118208,10.1016/j.colsurfa.2019.05.019
CCCCCCCCCCCC[N+](CCCCC[N+](CCCCCCCCCCCC)CC(C)O)CC(C)O.[Br-].[Br-],30.7,714.7970000000004,"InChI=1S/C35H74N2O2.2BrH/c1-5-7-9-11-13-15-17-19-21-24-28-36(32-34(3)38)30-26-23-27-31-37(33-35(4)39)29-25-22-20-18-16-14-12-10-8-6-2;;/h34-35,38-39H,5-33H2,1-4H3;2*1H/q+2;;/p-2",10.1016/j.ces.2022.118208,10.1016/j.colsurfa.2019.05.019
CCCCCCCCCCCCCCCC[N+](CCCCC[N+](CCCCCCCCCCCCCCCC)CC(C)O)CC(C)O.[Br-].[Br-],30.0,827.0129999999998,"InChI=1S/C43H90N2O2.2BrH/c1-5-7-9-11-13-15-17-19-21-23-25-27-29-32-36-44(40-42(3)46)38-34-31-35-39-45(41-43(4)47)37-33-30-28-26-24-22-20-18-16-14-12-10-8-6-2;;/h42-43,46-47H,5-41H2,1-4H3;2*1H/q+2;;/p-2",10.1016/j.ces.2022.118208,10.1016/j.colsurfa.2019.05.019
CCCCCCCC[N+](CCCCC[N+](CCCCCCCC)(CC(C)O)CC(C)O)(CC(C)O)CC(C)O.[Br-].[Br-],29.0,720.7570000000004,"InChI=1S/C33H72N2O4.2BrH/c1-7-9-11-13-15-18-22-34(26-30(3)36,27-31(4)37)24-20-17-21-25-35(28-32(5)38,29-33(6)39)23-19-16-14-12-10-8-2;;/h30-33,36-39H,7-29H2,1-6H3;2*1H/q+2;;/p-2",10.1016/j.ces.2022.118208,10.1016/j.colsurfa.2019.05.019
CCCCCCCCC[N+](CCCCC[N+](CCCCCCCCC)(CC(C)O)CC(C)O)(CC(C)O)CC(C)O.[Br-].[Br-],28.0,748.8110000000005,"InChI=1S/C35H76N2O4.2BrH/c1-7-9-11-13-15-17-20-24-36(28-32(3)38,29-33(4)39)26-22-19-23-27-37(30-34(5)40,31-35(6)41)25-21-18-16-14-12-10-8-2;;/h32-35,38-41H,7-31H2,1-6H3;2*1H/q+2;;/p-2",10.1016/j.ces.2022.118208,10.1016/j.colsurfa.2019.05.019
CCCCCCCCCCCC[N+](CCCCC[N+](CCCCCCCCCCCC)(CC(C)O)CC(C)O)(CC(C)O)CC(C)O.[Br-].[Br-],27.9,832.9730000000003,"InChI=1S/C41H88N2O4.2BrH/c1-7-9-11-13-15-17-19-21-23-26-30-42(34-38(3)44,35-39(4)45)32-28-25-29-33-43(36-40(5)46,37-41(6)47)31-27-24-22-20-18-16-14-12-10-8-2;;/h38-41,44-47H,7-37H2,1-6H3;2*1H/q+2;;/p-2",10.1016/j.ces.2022.118208,10.1016/j.colsurfa.2019.05.019
CCCCCCCCCCCCCCCC[N+](CCCCC[N+](CCCCCCCCCCCCCCCC)(CC(C)O)CC(C)O)(CC(C)O)CC(C)O.[Br-].[Br-],27.9,945.1889999999997,"InChI=1S/C49H104N2O4.2BrH/c1-7-9-11-13-15-17-19-21-23-25-27-29-31-34-38-50(42-46(3)52,43-47(4)53)40-36-33-37-41-51(44-48(5)54,45-49(6)55)39-35-32-30-28-26-24-22-20-18-16-14-12-10-8-2;;/h46-49,52-55H,7-45H2,1-6H3;2*1H/q+2;;/p-2",10.1016/j.ces.2022.118208,10.1016/j.colsurfa.2019.05.019
CCCCCCCCCCCC[N+]1(C)CC[N+](C)(CCCCCCCCCCCC)CC1.[Br-].[Br-],36.0,612.6640000000004,"InChI=1S/C30H64N2.2BrH/c1-5-7-9-11-13-15-17-19-21-23-25-31(3)27-29-32(4,30-28-31)26-24-22-20-18-16-14-12-10-8-6-2;;/h5-30H2,1-4H3;2*1H/q+2;;/p-2",10.1016/j.ces.2022.118208,10.1080/01932691.2017.1381916
CCCCCCCCCCCCCC[N+]1(C)CC[N+](C)(CCCCCCCCCCCCCC)CC1.[Br-].[Br-],35.0,668.7720000000006,"InChI=1S/C34H72N2.2BrH/c1-5-7-9-11-13-15-17-19-21-23-25-27-29-35(3)31-33-36(4,34-32-35)30-28-26-24-22-20-18-16-14-12-10-8-6-2;;/h5-34H2,1-4H3;2*1H/q+2;;/p-2",10.1016/j.ces.2022.118208,10.1080/01932691.2017.1381916
CCCCCCCCCCCCCCCC[N+]1(C)CC[N+](C)(CCCCCCCCCCCCCCCC)CC1.[Br-].[Br-],38.0,724.8800000000005,"InChI=1S/C38H80N2.2BrH/c1-5-7-9-11-13-15-17-19-21-23-25-27-29-31-33-39(3)35-37-40(4,38-36-39)34-32-30-28-26-24-22-20-18-16-14-12-10-8-6-2;;/h5-38H2,1-4H3;2*1H/q+2;;/p-2",10.1016/j.ces.2022.118208,10.1080/01932691.2017.1381916
CCCCCCCCCC(CCCCCCCC[N+](C)(C)CCC[N+](C)(C)CCCCCCCCC(CCCCCCCCC)c1cc(C)cc(C)c1)c1cc(C)cc(C)c1.[Br-].[Br-],45.8,1005.3349999999991,"InChI=1S/C59H108N2.2BrH/c1-11-13-15-17-19-25-31-38-56(58-48-52(3)46-53(4)49-58)40-33-27-21-23-29-35-42-60(7,8)44-37-45-61(9,10)43-36-30-24-22-28-34-41-57(39-32-26-20-18-16-14-12-2)59-50-54(5)47-55(6)51-59;;/h46-51,56-57H,11-45H2,1-10H3;2*1H/q+2;;/p-2",10.1016/j.ces.2022.118208,10.1039/c9sm01086f
CCCCCCCCCC(CCCCCCCC[N+](C)(C)CCCCCC[N+](C)(C)CCCCCCCCC(CCCCCCCCC)c1cc(C)cc(C)c1)c1cc(C)cc(C)c1.[Br-].[Br-],44.7,1047.4159999999993,"InChI=1S/C62H114N2.2BrH/c1-11-13-15-17-19-25-33-41-59(61-51-55(3)49-56(4)52-61)43-35-27-21-23-29-37-45-63(7,8)47-39-31-32-40-48-64(9,10)46-38-30-24-22-28-36-44-60(42-34-26-20-18-16-14-12-2)62-53-57(5)50-58(6)54-62;;/h49-54,59-60H,11-48H2,1-10H3;2*1H/q+2;;/p-2",10.1016/j.ces.2022.118208,10.1039/c9sm01086f
CCCCCCCCCC(=O)N[N+](C)(C)CCC[N+](C)(C)NC(=O)CCCCCCCCC.[Br-].[Br-],33.2,630.5950000000005,"InChI=1S/C27H56N4O2.2BrH/c1-7-9-11-13-15-17-19-22-26(32)28-30(3,4)24-21-25-31(5,6)29-27(33)23-20-18-16-14-12-10-8-2;;/h7-25H2,1-6H3;2*1H",10.1016/j.ces.2022.118208,10.5650/jos.59.647
CCCCCCCCCCCC(=O)N[N+](C)(C)CCC[N+](C)(C)NC(=O)CCCCCCCCCCC.[Br-].[Br-],34.0,686.7030000000005,"InChI=1S/C31H64N4O2.2BrH/c1-7-9-11-13-15-17-19-21-23-26-30(36)32-34(3,4)28-25-29-35(5,6)33-31(37)27-24-22-20-18-16-14-12-10-8-2;;/h7-29H2,1-6H3;2*1H",10.1016/j.ces.2022.118208,10.5650/jos.59.647
CCCCCCCCCCCCCC(=O)N[N+](C)(C)CCC[N+](C)(C)NC(=O)CCCCCCCCCCCCC.[Br-].[Br-],37.5,742.8110000000003,"InChI=1S/C35H72N4O2.2BrH/c1-7-9-11-13-15-17-19-21-23-25-27-30-34(40)36-38(3,4)32-29-33-39(5,6)37-35(41)31-28-26-24-22-20-18-16-14-12-10-8-2;;/h7-33H2,1-6H3;2*1H",10.1016/j.ces.2022.118208,10.5650/jos.59.647
CCCCCCCCCCCCCCCC(=O)N[N+](C)(C)CCC[N+](C)(C)NC(=O)CCCCCCCCCCCCCCC.[Br-].[Br-],38.2,798.9189999999999,"InChI=1S/C39H80N4O2.2BrH/c1-7-9-11-13-15-17-19-21-23-25-27-29-31-34-38(44)40-42(3,4)36-33-37-43(5,6)41-39(45)35-32-30-28-26-24-22-20-18-16-14-12-10-8-2;;/h7-37H2,1-6H3;2*1H",10.1016/j.ces.2022.118208,10.5650/jos.59.647
CCCCCCCCCCCCCC(=O)OCC[N+](C)(CCO)CC[N+](C)(CCO)CCOC(=O)CCCCCCCCCCCCC.[Br-].[Br-],31.5,846.9119999999996,"InChI=1S/C40H82N2O6.2BrH/c1-5-7-9-11-13-15-17-19-21-23-25-27-39(45)47-37-33-41(3,31-35-43)29-30-42(4,32-36-44)34-38-48-40(46)28-26-24-22-20-18-16-14-12-10-8-6-2;;/h43-44H,5-38H2,1-4H3;2*1H/q+2;;/p-2",10.1016/j.ces.2022.118208,10.1016/j.jiec.2015.02.011
CCCCCCCCCCCCCC(=O)OCC[N+](C)(CCO)CCCCCC[N+](C)(CCO)CCOC(=O)CCCCCCCCCCCCC.[Br-].[Br-],30.0,903.0199999999995,"InChI=1S/C44H90N2O6.2BrH/c1-5-7-9-11-13-15-17-19-21-23-27-31-43(49)51-41-37-45(3,35-39-47)33-29-25-26-30-34-46(4,36-40-48)38-42-52-44(50)32-28-24-22-20-18-16-14-12-10-8-6-2;;/h47-48H,5-42H2,1-4H3;2*1H/q+2;;/p-2",10.1016/j.ces.2022.118208,10.1016/j.jiec.2015.02.011
CCCCCCCCCCCCCC(=O)OCC[N+](C)(CCO)CCCCCCCCCCCC[N+](C)(CCO)CCOC(=O)CCCCCCCCCCCCC.[Br-].[Br-],29.2,987.1819999999994,"InChI=1S/C50H102N2O6.2BrH/c1-5-7-9-11-13-15-17-21-25-29-33-37-49(55)57-47-43-51(3,41-45-53)39-35-31-27-23-19-20-24-28-32-36-40-52(4,42-46-54)44-48-58-50(56)38-34-30-26-22-18-16-14-12-10-8-6-2;;/h53-54H,5-48H2,1-4H3;2*1H/q+2;;/p-2",10.1016/j.ces.2022.118208,10.1016/j.jiec.2015.02.011
CCCCCCCCCCCC[N+](C)(C)CC(=O)Oc1ccc(OC(=O)C[N+](C)(C)CCCCCCCCCCCC)cc1.[Cl-].[Cl-],37.8,689.894,"InChI=1S/C38H70N2O4.2ClH/c1-7-9-11-13-15-17-19-21-23-25-31-39(3,4)33-37(41)43-35-27-29-36(30-28-35)44-38(42)34-40(5,6)32-26-24-22-20-18-16-14-12-10-8-2;;/h27-30H,7-26,31-34H2,1-6H3;2*1H/q+2;;/p-2",10.1016/j.ces.2022.118208,10.1007/s11743-015-1777-4
CCCCCCCCCCCCCC[N+](C)(C)CC(=O)Oc1ccc(OC(=O)C[N+](C)(C)CCCCCCCCCCCCCC)cc1.[Cl-].[Cl-],37.7,746.0019999999997,"InChI=1S/C42H78N2O4.2ClH/c1-7-9-11-13-15-17-19-21-23-25-27-29-35-43(3,4)37-41(45)47-39-31-33-40(34-32-39)48-42(46)38-44(5,6)36-30-28-26-24-22-20-18-16-14-12-10-8-2;;/h31-34H,7-30,35-38H2,1-6H3;2*1H/q+2;;/p-2",10.1016/j.ces.2022.118208,10.1007/s11743-015-1777-4
CCCCCCCCCCCC[N+](C)(C)CC(=O)OCc1ccc(COC(=O)C[N+](C)(C)CCCCCCCCCCCC)cc1.[Cl-].[Cl-],41.1,717.9479999999999,"InChI=1S/C40H74N2O4.2ClH/c1-7-9-11-13-15-17-19-21-23-25-31-41(3,4)33-39(43)45-35-37-27-29-38(30-28-37)36-46-40(44)34-42(5,6)32-26-24-22-20-18-16-14-12-10-8-2;;/h27-30H,7-26,31-36H2,1-6H3;2*1H/q+2;;/p-2",10.1016/j.ces.2022.118208,10.1007/s11743-015-1777-4
CCCCCCCCCCCCCC[N+](C)(C)CC(=O)OCc1ccc(COC(=O)C[N+](C)(C)CCCCCCCCCCCCCC)cc1.[Cl-].[Cl-],40.9,774.0559999999996,"InChI=1S/C44H82N2O4.2ClH/c1-7-9-11-13-15-17-19-21-23-25-27-29-35-45(3,4)37-43(47)49-39-41-31-33-42(34-32-41)40-50-44(48)38-46(5,6)36-30-28-26-24-22-20-18-16-14-12-10-8-2;;/h31-34H,7-30,35-40H2,1-6H3;2*1H/q+2;;/p-2",10.1016/j.ces.2022.118208,10.1007/s11743-015-1777-4
CCCCCCCCCCCCCCCCCC(=O)OCC[N+](C)(CCO)CCOC(=O)CCCCCCCCCCCCCCCCC.COS(=O)(=O)[O-],30.0,808.2609999999996,"InChI=1S/C43H86NO5.CH4O4S/c1-4-6-8-10-12-14-16-18-20-22-24-26-28-30-32-34-42(46)48-40-37-44(3,36-39-45)38-41-49-43(47)35-33-31-29-27-25-23-21-19-17-15-13-11-9-7-5-2;1-5-6(2,3)4/h45H,4-41H2,1-3H3;1H3,(H,2,3,4)/q+1;/p-1",10.1016/j.ces.2022.118208,10.1108/00368791011064437
CCCCCCCC[N+](C)(C)CCN=Cc1ccc(OC)c(OC)c1.[Br-],34.7,429.4430000000001,"InChI=1S/C21H37N2O2.BrH/c1-6-7-8-9-10-11-15-23(2,3)16-14-22-18-19-12-13-20(24-4)21(17-19)25-5;/h12-13,17-18H,6-11,14-16H2,1-5H3;1H/q+1;/p-1",10.1016/j.ces.2022.118208,10.1002/jsde.12318
CCCCCCCCCCCC[N+](C)(C)CCN=Cc1ccc(OC)c(OC)c1.[Br-],32.8,485.5510000000003,"InChI=1S/C25H45N2O2.BrH/c1-6-7-8-9-10-11-12-13-14-15-19-27(2,3)20-18-26-22-23-16-17-24(28-4)25(21-23)29-5;/h16-17,21-22H,6-15,18-20H2,1-5H3;1H/q+1;/p-1",10.1016/j.ces.2022.118208,10.1002/jsde.12318
CCCCCCCCCCCCCCCC[N+](C)(C)CCN=Cc1ccc(OC)c(OC)c1.[Br-],36.7,541.6590000000004,"InChI=1S/C29H53N2O2.BrH/c1-6-7-8-9-10-11-12-13-14-15-16-17-18-19-23-31(2,3)24-22-30-26-27-20-21-28(32-4)29(25-27)33-5;/h20-21,25-26H,6-19,22-24H2,1-5H3;1H/q+1;/p-1",10.1016/j.ces.2022.118208,10.1002/jsde.12318
CCCCCCCCCCCCNC(=O)C[N+](C)(C)CCNC(=O)COc1ccccc1.[Cl-],35.8,484.12500000000045,"InChI=1S/C26H45N3O3.ClH/c1-4-5-6-7-8-9-10-11-12-16-19-27-25(30)22-29(2,3)21-20-28-26(31)23-32-24-17-14-13-15-18-24;/h13-15,17-18H,4-12,16,19-23H2,1-3H3,(H-,27,28,30,31);1H",10.1016/j.ces.2022.118208,10.1039/C4RA14645J
CCCCCCCCCCCCCCNC(=O)C[N+](C)(C)CCNC(=O)COc1ccccc1.[Cl-],37.8,512.1790000000005,"InChI=1S/C28H49N3O3.ClH/c1-4-5-6-7-8-9-10-11-12-13-14-18-21-29-27(32)24-31(2,3)23-22-30-28(33)25-34-26-19-16-15-17-20-26;/h15-17,19-20H,4-14,18,21-25H2,1-3H3,(H-,29,30,32,33);1H",10.1016/j.ces.2022.118208,10.1039/C4RA14645J
CCCCCCCCCCCCCCCCNC(=O)C[N+](C)(C)CCNC(=O)COc1ccccc1.[Cl-],39.8,540.2330000000006,"InChI=1S/C30H53N3O3.ClH/c1-4-5-6-7-8-9-10-11-12-13-14-15-16-20-23-31-29(34)26-33(2,3)25-24-32-30(35)27-36-28-21-18-17-19-22-28;/h17-19,21-22H,4-16,20,23-27H2,1-3H3,(H-,31,32,34,35);1H",10.1016/j.ces.2022.118208,10.1039/C4RA14645J
CCCCCCCCCCC(=O)NCC[N+](C)(C)Cc1ccccc1.[Cl-],39.0,383.0200000000002,"InChI=1S/C22H38N2O.ClH/c1-4-5-6-7-8-9-10-14-17-22(25)23-18-19-24(2,3)20-21-15-12-11-13-16-21;/h11-13,15-16H,4-10,14,17-20H2,1-3H3;1H",10.1016/j.ces.2022.118208,10.1021/la026286y
CCCCCCCCCCCCC(=O)NCC[N+](C)(C)Cc1ccccc1.[Cl-],39.6,411.0740000000003,"InChI=1S/C24H42N2O.ClH/c1-4-5-6-7-8-9-10-11-12-16-19-24(27)25-20-21-26(2,3)22-23-17-14-13-15-18-23;/h13-15,17-18H,4-12,16,19-22H2,1-3H3;1H",10.1016/j.ces.2022.118208,10.1021/la026286y
CCCCCCCCCCCCCCC(=O)NCC[N+](C)(C)Cc1ccccc1.[Cl-],39.9,439.1280000000004,"InChI=1S/C26H46N2O.ClH/c1-4-5-6-7-8-9-10-11-12-13-14-18-21-26(29)27-22-23-28(2,3)24-25-19-16-15-17-20-25;/h15-17,19-20H,4-14,18,21-24H2,1-3H3;1H",10.1016/j.ces.2022.118208,10.1021/la026286y
CCCCCCCCCCCCCCCCC(=O)NCC[N+](C)(C)Cc1ccccc1.[Cl-],42.2,467.18200000000047,"InChI=1S/C28H50N2O.ClH/c1-4-5-6-7-8-9-10-11-12-13-14-15-16-20-23-28(31)29-24-25-30(2,3)26-27-21-18-17-19-22-27;/h17-19,21-22H,4-16,20,23-26H2,1-3H3;1H",10.1016/j.ces.2022.118208,10.1021/la026286y
CCCCCCCCCC(=O)OCCC[N+](C)(C)CC(O)CN(CCCC)CC(O)C[N+](C)(C)CCCOC(=O)CCCCCCCCC.[Cl-].[Cl-],38.0,773.0249999999996,"InChI=1S/C40H83N3O6.2ClH/c1-8-11-14-16-18-20-22-26-39(46)48-31-24-29-42(4,5)35-37(44)33-41(28-13-10-3)34-38(45)36-43(6,7)30-25-32-49-40(47)27-23-21-19-17-15-12-9-2;;/h37-38,44-45H,8-36H2,1-7H3;2*1H/q+2;;/p-2",10.1016/j.ces.2022.118208,10.1007/s11743-015-1749-8
CCCCCCCCCC(=O)OCCC[N+](C)(C)CC(O)CN(CCCCC)CC(O)C[N+](C)(C)CCCOC(=O)CCCCCCCCC.[Cl-].[Cl-],36.0,787.0519999999996,"InChI=1S/C41H85N3O6.2ClH/c1-8-11-14-16-18-20-22-27-40(47)49-32-25-30-43(4,5)36-38(45)34-42(29-24-13-10-3)35-39(46)37-44(6,7)31-26-33-50-41(48)28-23-21-19-17-15-12-9-2;;/h38-39,45-46H,8-37H2,1-7H3;2*1H/q+2;;/p-2",10.1016/j.ces.2022.118208,10.1007/s11743-015-1749-8
CCCCCCCCCC(=O)OCCC[N+](C)(C)CC(O)CN(CCCCCC)CC(O)C[N+](C)(C)CCCOC(=O)CCCCCCCCC.[Cl-].[Cl-],39.0,801.0789999999996,"InChI=1S/C42H87N3O6.2ClH/c1-8-11-14-17-19-21-23-28-41(48)50-33-26-31-44(4,5)37-39(46)35-43(30-25-16-13-10-3)36-40(47)38-45(6,7)32-27-34-51-42(49)29-24-22-20-18-15-12-9-2;;/h39-40,46-47H,8-38H2,1-7H3;2*1H/q+2;;/p-2",10.1016/j.ces.2022.118208,10.1007/s11743-015-1749-8
CCCCCCCCCC(=O)OCCC[N+](C)(C)CC(O)CN(CCCCCCCC)CC(O)C[N+](C)(C)CCCOC(=O)CCCCCCCCC.[Cl-].[Cl-],37.0,829.1329999999996,"InChI=1S/C44H91N3O6.2ClH/c1-8-11-14-17-20-22-25-30-43(50)52-35-28-33-46(4,5)39-41(48)37-45(32-27-24-19-16-13-10-3)38-42(49)40-47(6,7)34-29-36-53-44(51)31-26-23-21-18-15-12-9-2;;/h41-42,48-49H,8-40H2,1-7H3;2*1H/q+2;;/p-2",10.1016/j.ces.2022.118208,10.1007/s11743-015-1749-8
CCCCCCCCCCCC(=O)OCCC[N+](C)(C)CC(O)CN(CCCC)CC(O)C[N+](C)(C)CCCOC(=O)CCCCCCCCCCC.[Cl-].[Cl-],37.0,829.1329999999994,"InChI=1S/C44H91N3O6.2ClH/c1-8-11-14-16-18-20-22-24-26-30-43(50)52-35-28-33-46(4,5)39-41(48)37-45(32-13-10-3)38-42(49)40-47(6,7)34-29-36-53-44(51)31-27-25-23-21-19-17-15-12-9-2;;/h41-42,48-49H,8-40H2,1-7H3;2*1H/q+2;;/p-2",10.1016/j.ces.2022.118208,10.1007/s11743-015-1749-8
CCCCCCCCCCCC(=O)OCCC[N+](C)(C)CC(O)CN(CCCCC)CC(O)C[N+](C)(C)CCCOC(=O)CCCCCCCCCCC.[Cl-].[Cl-],35.0,843.1599999999994,"InChI=1S/C45H93N3O6.2ClH/c1-8-11-14-16-18-20-22-24-26-31-44(51)53-36-29-34-47(4,5)40-42(49)38-46(33-28-13-10-3)39-43(50)41-48(6,7)35-30-37-54-45(52)32-27-25-23-21-19-17-15-12-9-2;;/h42-43,49-50H,8-41H2,1-7H3;2*1H/q+2;;/p-2",10.1016/j.ces.2022.118208,10.1007/s11743-015-1749-8
CCCCCCCCCCCC(=O)OCCC[N+](C)(C)CC(O)CN(CCCCCC)CC(O)C[N+](C)(C)CCCOC(=O)CCCCCCCCCCC.[Cl-].[Cl-],38.0,857.1869999999993,"InChI=1S/C46H95N3O6.2ClH/c1-8-11-14-17-19-21-23-25-27-32-45(52)54-37-30-35-48(4,5)41-43(50)39-47(34-29-16-13-10-3)40-44(51)42-49(6,7)36-31-38-55-46(53)33-28-26-24-22-20-18-15-12-9-2;;/h43-44,50-51H,8-42H2,1-7H3;2*1H/q+2;;/p-2",10.1016/j.ces.2022.118208,10.1007/s11743-015-1749-8
CCCCCCCCCCCC(=O)OCCC[N+](C)(C)CC(O)CN(CCCCCCCC)CC(O)C[N+](C)(C)CCCOC(=O)CCCCCCCCCCC.[Cl-].[Cl-],36.0,885.2409999999993,"InChI=1S/C48H99N3O6.2ClH/c1-8-11-14-17-20-22-24-26-29-34-47(54)56-39-32-37-50(4,5)43-45(52)41-49(36-31-28-19-16-13-10-3)42-46(53)44-51(6,7)38-33-40-57-48(55)35-30-27-25-23-21-18-15-12-9-2;;/h45-46,52-53H,8-44H2,1-7H3;2*1H/q+2;;/p-2",10.1016/j.ces.2022.118208,10.1007/s11743-015-1749-8
CCCCCCCCOc1ccc(NC(=O)C[N+](C)(C)CC[N+](C)(C)CC(=O)Nc2ccc(OCCCCCCCC)cc2)cc1.[Br-].[Br-],30.4,800.7619999999998,"InChI=1S/C38H62N4O4.2BrH/c1-7-9-11-13-15-17-29-45-35-23-19-33(20-24-35)39-37(43)31-41(3,4)27-28-42(5,6)32-38(44)40-34-21-25-36(26-22-34)46-30-18-16-14-12-10-8-2;;/h19-26H,7-18,27-32H2,1-6H3;2*1H",10.1016/j.ces.2022.118208,10.1016/j.molliq.2017.06.008
CCCCCCCCOc1ccc(NC(=O)C[N+](C)(C)CCCC[N+](C)(C)CC(=O)Nc2ccc(OCCCCCCCC)cc2)cc1.[Br-].[Br-],32.0,828.816,"InChI=1S/C40H66N4O4.2BrH/c1-7-9-11-13-15-19-31-47-37-25-21-35(22-26-37)41-39(45)33-43(3,4)29-17-18-30-44(5,6)34-40(46)42-36-23-27-38(28-24-36)48-32-20-16-14-12-10-8-2;;/h21-28H,7-20,29-34H2,1-6H3;2*1H",10.1016/j.ces.2022.118208,10.1016/j.molliq.2017.06.008
CCCCCCCCOc1ccc(NC(=O)C[N+](C)(C)CCCCCC[N+](C)(C)CC(=O)Nc2ccc(OCCCCCCCC)cc2)cc1.[Br-].[Br-],36.0,856.87,"InChI=1S/C42H70N4O4.2BrH/c1-7-9-11-13-17-21-33-49-39-27-23-37(24-28-39)43-41(47)35-45(3,4)31-19-15-16-20-32-46(5,6)36-42(48)44-38-25-29-40(30-26-38)50-34-22-18-14-12-10-8-2;;/h23-30H,7-22,31-36H2,1-6H3;2*1H",10.1016/j.ces.2022.118208,10.1016/j.molliq.2017.06.008
CCCCCCCCCCOc1ccc(NC(=O)C[N+](C)(C)CC[N+](C)(C)CC(=O)Nc2ccc(OCCCCCCCCCC)cc2)cc1.[Br-].[Br-],33.1,856.8699999999998,"InChI=1S/C42H70N4O4.2BrH/c1-7-9-11-13-15-17-19-21-33-49-39-27-23-37(24-28-39)43-41(47)35-45(3,4)31-32-46(5,6)36-42(48)44-38-25-29-40(30-26-38)50-34-22-20-18-16-14-12-10-8-2;;/h23-30H,7-22,31-36H2,1-6H3;2*1H",10.1016/j.ces.2022.118208,10.1016/j.molliq.2017.06.008
CCCCCCCCCCOc1ccc(NC(=O)C[N+](C)(C)CCCC[N+](C)(C)CC(=O)Nc2ccc(OCCCCCCCCCC)cc2)cc1.[Br-].[Br-],41.6,884.924,"InChI=1S/C44H74N4O4.2BrH/c1-7-9-11-13-15-17-19-23-35-51-41-29-25-39(26-30-41)45-43(49)37-47(3,4)33-21-22-34-48(5,6)38-44(50)46-40-27-31-42(32-28-40)52-36-24-20-18-16-14-12-10-8-2;;/h25-32H,7-24,33-38H2,1-6H3;2*1H",10.1016/j.ces.2022.118208,10.1016/j.molliq.2017.06.008
CCCCCCCCCCOc1ccc(NC(=O)C[N+](C)(C)CCCCCC[N+](C)(C)CC(=O)Nc2ccc(OCCCCCCCCCC)cc2)cc1.[Br-].[Br-],45.0,912.978,"InChI=1S/C46H78N4O4.2BrH/c1-7-9-11-13-15-17-21-25-37-53-43-31-27-41(28-32-43)47-45(51)39-49(3,4)35-23-19-20-24-36-50(5,6)40-46(52)48-42-29-33-44(34-30-42)54-38-26-22-18-16-14-12-10-8-2;;/h27-34H,7-26,35-40H2,1-6H3;2*1H",10.1016/j.ces.2022.118208,10.1016/j.molliq.2017.06.008
CCCCCCCCCCCCOc1ccc(NC(=O)C[N+](C)(C)CC[N+](C)(C)CC(=O)Nc2ccc(OCCCCCCCCCCCC)cc2)cc1.[Br-].[Br-],44.6,912.9779999999997,"InChI=1S/C46H78N4O4.2BrH/c1-7-9-11-13-15-17-19-21-23-25-37-53-43-31-27-41(28-32-43)47-45(51)39-49(3,4)35-36-50(5,6)40-46(52)48-42-29-33-44(34-30-42)54-38-26-24-22-20-18-16-14-12-10-8-2;;/h27-34H,7-26,35-40H2,1-6H3;2*1H",10.1016/j.ces.2022.118208,10.1016/j.molliq.2017.06.008
CCCCCCCCCCCCOc1ccc(NC(=O)C[N+](C)(C)CCCC[N+](C)(C)CC(=O)Nc2ccc(OCCCCCCCCCCCC)cc2)cc1.[Br-].[Br-],44.8,941.0319999999998,"InChI=1S/C48H82N4O4.2BrH/c1-7-9-11-13-15-17-19-21-23-27-39-55-45-33-29-43(30-34-45)49-47(53)41-51(3,4)37-25-26-38-52(5,6)42-48(54)50-44-31-35-46(36-32-44)56-40-28-24-22-20-18-16-14-12-10-8-2;;/h29-36H,7-28,37-42H2,1-6H3;2*1H",10.1016/j.ces.2022.118208,10.1016/j.molliq.2017.06.008
CCCCCCCCCCCCOc1ccc(NC(=O)C[N+](C)(C)CCCCCC[N+](C)(C)CC(=O)Nc2ccc(OCCCCCCCCCCCC)cc2)cc1.[Br-].[Br-],49.0,969.0859999999998,"InChI=1S/C50H86N4O4.2BrH/c1-7-9-11-13-15-17-19-21-25-29-41-57-47-35-31-45(32-36-47)51-49(55)43-53(3,4)39-27-23-24-28-40-54(5,6)44-50(56)52-46-33-37-48(38-34-46)58-42-30-26-22-20-18-16-14-12-10-8-2;;/h31-38H,7-30,39-44H2,1-6H3;2*1H",10.1016/j.ces.2022.118208,10.1016/j.molliq.2017.06.008
CCCCCCCCCCCCCCOc1ccc(NC(=O)C[N+](C)(C)CC[N+](C)(C)CC(=O)Nc2ccc(OCCCCCCCCCCCCCC)cc2)cc1.[Br-].[Br-],47.0,969.0859999999997,"InChI=1S/C50H86N4O4.2BrH/c1-7-9-11-13-15-17-19-21-23-25-27-29-41-57-47-35-31-45(32-36-47)51-49(55)43-53(3,4)39-40-54(5,6)44-50(56)52-46-33-37-48(38-34-46)58-42-30-28-26-24-22-20-18-16-14-12-10-8-2;;/h31-38H,7-30,39-44H2,1-6H3;2*1H",10.1016/j.ces.2022.118208,10.1016/j.molliq.2017.06.008
CCCCCCCCCCCCCCOc1ccc(NC(=O)C[N+](C)(C)CCCC[N+](C)(C)CC(=O)Nc2ccc(OCCCCCCCCCCCCCC)cc2)cc1.[Br-].[Br-],46.0,997.1399999999998,"InChI=1S/C52H90N4O4.2BrH/c1-7-9-11-13-15-17-19-21-23-25-27-31-43-59-49-37-33-47(34-38-49)53-51(57)45-55(3,4)41-29-30-42-56(5,6)46-52(58)54-48-35-39-50(40-36-48)60-44-32-28-26-24-22-20-18-16-14-12-10-8-2;;/h33-40H,7-32,41-46H2,1-6H3;2*1H",10.1016/j.ces.2022.118208,10.1016/j.molliq.2017.06.008
CCCCCCCCCCCCCCOc1ccc(NC(=O)C[N+](C)(C)CCCCCC[N+](C)(C)CC(=O)Nc2ccc(OCCCCCCCCCCCCCC)cc2)cc1.[Br-].[Br-],51.1,1025.1939999999995,"InChI=1S/C54H94N4O4.2BrH/c1-7-9-11-13-15-17-19-21-23-25-29-33-45-61-51-39-35-49(36-40-51)55-53(59)47-57(3,4)43-31-27-28-32-44-58(5,6)48-54(60)56-50-37-41-52(42-38-50)62-46-34-30-26-24-22-20-18-16-14-12-10-8-2;;/h35-42H,7-34,43-48H2,1-6H3;2*1H",10.1016/j.ces.2022.118208,10.1016/j.molliq.2017.06.008
CCCCCCCCCCCCCCCCOc1ccc(NC(=O)C[N+](C)(C)CC[N+](C)(C)CC(=O)Nc2ccc(OCCCCCCCCCCCCCCCC)cc2)cc1.[Br-].[Br-],46.0,1025.1939999999995,"InChI=1S/C54H94N4O4.2BrH/c1-7-9-11-13-15-17-19-21-23-25-27-29-31-33-45-61-51-39-35-49(36-40-51)55-53(59)47-57(3,4)43-44-58(5,6)48-54(60)56-50-37-41-52(42-38-50)62-46-34-32-30-28-26-24-22-20-18-16-14-12-10-8-2;;/h35-42H,7-34,43-48H2,1-6H3;2*1H",10.1016/j.ces.2022.118208,10.1016/j.molliq.2017.06.008
CCCCCCCCCCCCCCCCOc1ccc(NC(=O)C[N+](C)(C)CCCC[N+](C)(C)CC(=O)Nc2ccc(OCCCCCCCCCCCCCCCC)cc2)cc1.[Br-].[Br-],48.0,1053.2479999999996,"InChI=1S/C56H98N4O4.2BrH/c1-7-9-11-13-15-17-19-21-23-25-27-29-31-35-47-63-53-41-37-51(38-42-53)57-55(61)49-59(3,4)45-33-34-46-60(5,6)50-56(62)58-52-39-43-54(44-40-52)64-48-36-32-30-28-26-24-22-20-18-16-14-12-10-8-2;;/h37-44H,7-36,45-50H2,1-6H3;2*1H",10.1016/j.ces.2022.118208,10.1016/j.molliq.2017.06.008
CCCCCCCCCCCCCCCCOc1ccc(NC(=O)C[N+](C)(C)CCCCCC[N+](C)(C)CC(=O)Nc2ccc(OCCCCCCCCCCCCCCCC)cc2)cc1.[Br-].[Br-],45.0,1081.3019999999995,"InChI=1S/C58H102N4O4.2BrH/c1-7-9-11-13-15-17-19-21-23-25-27-29-33-37-49-65-55-43-39-53(40-44-55)59-57(63)51-61(3,4)47-35-31-32-36-48-62(5,6)52-58(64)60-54-41-45-56(46-42-54)66-50-38-34-30-28-26-24-22-20-18-16-14-12-10-8-2;;/h39-46H,7-38,47-52H2,1-6H3;2*1H",10.1016/j.ces.2022.118208,10.1016/j.molliq.2017.06.008
CCCCCCCCCCCC(=O)Oc1cccc2ccc[n+](CCCCCCCCCC)c12.[Br-],36.0,548.6500000000003,"InChI=1S/C31H50NO2.BrH/c1-3-5-7-9-11-13-14-16-18-25-30(33)34-29-24-20-22-28-23-21-27-32(31(28)29)26-19-17-15-12-10-8-6-4-2;/h20-24,27H,3-19,25-26H2,1-2H3;1H/q+1;/p-1",10.1016/j.ces.2022.118208,10.1080/01932691.2012.683979
CCCCCCCCCCCCCC(=O)Oc1cccc2ccc[n+](CCCCCCCCCC)c12.[Br-],45.0,576.7040000000004,"InChI=1S/C33H54NO2.BrH/c1-3-5-7-9-11-13-14-15-16-18-20-27-32(35)36-31-26-22-24-30-25-23-29-34(33(30)31)28-21-19-17-12-10-8-6-4-2;/h22-26,29H,3-21,27-28H2,1-2H3;1H/q+1;/p-1",10.1016/j.ces.2022.118208,10.1080/01932691.2012.683979
CCCCCCCCCCCCCCCC(=O)Oc1cccc2ccc[n+](CCCCCCCCCC)c12.[Br-],49.0,604.7580000000005,"InChI=1S/C35H58NO2.BrH/c1-3-5-7-9-11-13-14-15-16-17-18-20-22-29-34(37)38-33-28-24-26-32-27-25-31-36(35(32)33)30-23-21-19-12-10-8-6-4-2;/h24-28,31H,3-23,29-30H2,1-2H3;1H/q+1;/p-1",10.1016/j.ces.2022.118208,10.1080/01932691.2012.683979
CCCCCCCCCCCCCCCCCC(=O)Oc1cccc2ccc[n+](CCCCCCCCCC)c12.[Br-],47.0,632.8120000000004,"InChI=1S/C37H62NO2.BrH/c1-3-5-7-9-11-13-14-15-16-17-18-19-20-22-24-31-36(39)40-35-30-26-28-34-29-27-33-38(37(34)35)32-25-23-21-12-10-8-6-4-2;/h26-30,33H,3-25,31-32H2,1-2H3;1H/q+1;/p-1",10.1016/j.ces.2022.118208,10.1080/01932691.2012.683979
CCCCCCCCCCCC(=O)Oc1cccc2ccc[n+](CCCCCC[n+]3cccc4cccc(OC(=O)CCCCCCCCCCC)c43)c12.[Br-].[Br-],41.0,898.9059999999997,"InChI=1S/C48H70N2O4.2BrH/c1-3-5-7-9-11-13-15-17-21-35-45(51)53-43-33-25-29-41-31-27-39-49(47(41)43)37-23-19-20-24-38-50-40-28-32-42-30-26-34-44(48(42)50)54-46(52)36-22-18-16-14-12-10-8-6-4-2;;/h25-34,39-40H,3-24,35-38H2,1-2H3;2*1H/q+2;;/p-2",10.1016/j.ces.2022.118208,10.1080/01932691.2012.683979
CCCCCCCCCCCCCC(=O)Oc1cccc2ccc[n+](CCCCCC[n+]3cccc4cccc(OC(=O)CCCCCCCCCCCCC)c43)c12.[Br-].[Br-],43.0,955.0139999999994,"InChI=1S/C52H78N2O4.2BrH/c1-3-5-7-9-11-13-15-17-19-21-25-39-49(55)57-47-37-29-33-45-35-31-43-53(51(45)47)41-27-23-24-28-42-54-44-32-36-46-34-30-38-48(52(46)54)58-50(56)40-26-22-20-18-16-14-12-10-8-6-4-2;;/h29-38,43-44H,3-28,39-42H2,1-2H3;2*1H/q+2;;/p-2",10.1016/j.ces.2022.118208,10.1080/01932691.2012.683979
CCCCCCCCCCCCCCCC(=O)Oc1cccc2ccc[n+](CCCCCC[n+]3cccc4cccc(OC(=O)CCCCCCCCCCCCCCC)c43)c12.[Br-].[Br-],44.0,1011.1219999999992,"InChI=1S/C56H86N2O4.2BrH/c1-3-5-7-9-11-13-15-17-19-21-23-25-29-43-53(59)61-51-41-33-37-49-39-35-47-57(55(49)51)45-31-27-28-32-46-58-48-36-40-50-38-34-42-52(56(50)58)62-54(60)44-30-26-24-22-20-18-16-14-12-10-8-6-4-2;;/h33-42,47-48H,3-32,43-46H2,1-2H3;2*1H/q+2;;/p-2",10.1016/j.ces.2022.118208,10.1080/01932691.2012.683979
CCCCCCCCCCCCCCCCCC(=O)Oc1cccc2ccc[n+](CCCCCC[n+]3cccc4cccc(OC(=O)CCCCCCCCCCCCCCCCC)c43)c12.[Br-].[Br-],46.0,1067.2299999999989,"InChI=1S/C60H94N2O4.2BrH/c1-3-5-7-9-11-13-15-17-19-21-23-25-27-29-33-47-57(63)65-55-45-37-41-53-43-39-51-61(59(53)55)49-35-31-32-36-50-62-52-40-44-54-42-38-46-56(60(54)62)66-58(64)48-34-30-28-26-24-22-20-18-16-14-12-10-8-6-4-2;;/h37-46,51-52H,3-36,47-50H2,1-2H3;2*1H/q+2;;/p-2",10.1016/j.ces.2022.118208,10.1080/01932691.2012.683979
CCCCCCCCCCCC(=O)Oc1cccc2ccc[n+](CCCCCCCCCC[n+]3cccc4cccc(OC(=O)CCCCCCCCCCC)c43)c12.[Br-].[Br-],43.0,955.0139999999993,"InChI=1S/C52H78N2O4.2BrH/c1-3-5-7-9-11-13-17-21-25-39-49(55)57-47-37-29-33-45-35-31-43-53(51(45)47)41-27-23-19-15-16-20-24-28-42-54-44-32-36-46-34-30-38-48(52(46)54)58-50(56)40-26-22-18-14-12-10-8-6-4-2;;/h29-38,43-44H,3-28,39-42H2,1-2H3;2*1H/q+2;;/p-2",10.1016/j.ces.2022.118208,10.1080/01932691.2012.683979
CCCCCCCCCCCCCC(=O)Oc1cccc2ccc[n+](CCCCCCCCCC[n+]3cccc4cccc(OC(=O)CCCCCCCCCCCCC)c43)c12.[Br-].[Br-],45.0,1011.121999999999,"InChI=1S/C56H86N2O4.2BrH/c1-3-5-7-9-11-13-15-17-21-25-29-43-53(59)61-51-41-33-37-49-39-35-47-57(55(49)51)45-31-27-23-19-20-24-28-32-46-58-48-36-40-50-38-34-42-52(56(50)58)62-54(60)44-30-26-22-18-16-14-12-10-8-6-4-2;;/h33-42,47-48H,3-32,43-46H2,1-2H3;2*1H/q+2;;/p-2",10.1016/j.ces.2022.118208,10.1080/01932691.2012.683979
CCCCCCCCCCCCCCCC(=O)Oc1cccc2ccc[n+](CCCCCCCCCC[n+]3cccc4cccc(OC(=O)CCCCCCCCCCCCCCC)c43)c12.[Br-].[Br-],46.0,1067.2299999999987,"InChI=1S/C60H94N2O4.2BrH/c1-3-5-7-9-11-13-15-17-19-21-25-29-33-47-57(63)65-55-45-37-41-53-43-39-51-61(59(53)55)49-35-31-27-23-24-28-32-36-50-62-52-40-44-54-42-38-46-56(60(54)62)66-58(64)48-34-30-26-22-20-18-16-14-12-10-8-6-4-2;;/h37-46,51-52H,3-36,47-50H2,1-2H3;2*1H/q+2;;/p-2",10.1016/j.ces.2022.118208,10.1080/01932691.2012.683979
CCCCCCCCCCCCCCCCCC(=O)Oc1cccc2ccc[n+](CCCCCCCCCC[n+]3cccc4cccc(OC(=O)CCCCCCCCCCCCCCCCC)c43)c12.[Br-].[Br-],50.0,1123.3379999999984,"InChI=1S/C64H102N2O4.2BrH/c1-3-5-7-9-11-13-15-17-19-21-23-25-29-33-37-51-61(67)69-59-49-41-45-57-47-43-55-65(63(57)59)53-39-35-31-27-28-32-36-40-54-66-56-44-48-58-46-42-50-60(64(58)66)70-62(68)52-38-34-30-26-24-22-20-18-16-14-12-10-8-6-4-2;;/h41-50,55-56H,3-40,51-54H2,1-2H3;2*1H/q+2;;/p-2",10.1016/j.ces.2022.118208,10.1080/01932691.2012.683979
CCCCCCCCCC[N+](C)(CCO)CCCNC(=O)C(O)C(O)C(O)C(O)CO.[Br-],28.2,531.5290000000005,"InChI=1S/C22H46N2O7.BrH/c1-3-4-5-6-7-8-9-10-13-24(2,15-16-25)14-11-12-23-22(31)21(30)20(29)19(28)18(27)17-26;/h18-21,25-30H,3-17H2,1-2H3;1H",10.1016/j.ces.2022.118208,10.1016/j.colsurfa.2014.05.042
CCCCCCCCCCCC[N+](C)(CCO)CCCNC(=O)C(O)C(O)C(O)C(O)CO.[Br-],29.6,559.5830000000005,"InChI=1S/C24H50N2O7.BrH/c1-3-4-5-6-7-8-9-10-11-12-15-26(2,17-18-27)16-13-14-25-24(33)23(32)22(31)21(30)20(29)19-28;/h20-23,27-32H,3-19H2,1-2H3;1H",10.1016/j.ces.2022.118208,10.1016/j.colsurfa.2014.05.042
CCCCCCCCCCCCCC[N+](C)(CCO)CCCNC(=O)C(O)C(O)C(O)C(O)CO.[Br-],28.2,587.6370000000006,"InChI=1S/C26H54N2O7.BrH/c1-3-4-5-6-7-8-9-10-11-12-13-14-17-28(2,19-20-29)18-15-16-27-26(35)25(34)24(33)23(32)22(31)21-30;/h22-25,29-34H,3-21H2,1-2H3;1H",10.1016/j.ces.2022.118208,10.1016/j.colsurfa.2014.05.042
CCCCCCCCCC[N+](C)(C)CC(=O)OCCN(CCOC(=O)C[N+](C)(C)CCCCCCCCCC)CCOC(=O)C[N+](C)(C)CCCCCCCCCC.[Br-].[Br-].[Br-],37.9,1068.0539999999996,"InChI=1S/C48H99N4O6.3BrH/c1-10-13-16-19-22-25-28-31-37-50(4,5)43-46(53)56-40-34-49(35-41-57-47(54)44-51(6,7)38-32-29-26-23-20-17-14-11-2)36-42-58-48(55)45-52(8,9)39-33-30-27-24-21-18-15-12-3;;;/h10-45H2,1-9H3;3*1H/q+3;;;/p-3",10.1016/j.ces.2022.118208,10.1016/j.colsurfa.2014.06.019
CCCCCCCCCCCC[N+](C)(C)CC(=O)OCCN(CCOC(=O)C[N+](C)(C)CCCCCCCCCC)CCOC(=O)C[N+](C)(C)CCCCCCCCCC.[Br-].[Br-].[Br-],41.8,1096.1079999999995,"InChI=1S/C50H103N4O6.3BrH/c1-10-13-16-19-22-25-26-29-32-35-41-54(8,9)47-50(57)60-44-38-51(36-42-58-48(55)45-52(4,5)39-33-30-27-23-20-17-14-11-2)37-43-59-49(56)46-53(6,7)40-34-31-28-24-21-18-15-12-3;;;/h10-47H2,1-9H3;3*1H/q+3;;;/p-3",10.1016/j.ces.2022.118208,10.1016/j.colsurfa.2014.06.019
CCCCCCCCCCCCCC[N+](C)(C)CC(=O)OCCN(CCOC(=O)C[N+](C)(C)CCCCCCCCCC)CCOC(=O)C[N+](C)(C)CCCCCCCCCC.[Br-].[Br-].[Br-],38.0,1124.1619999999994,"InChI=1S/C52H107N4O6.3BrH/c1-10-13-16-19-22-25-26-27-28-31-34-37-43-56(8,9)49-52(59)62-46-40-53(38-44-60-50(57)47-54(4,5)41-35-32-29-23-20-17-14-11-2)39-45-61-51(58)48-55(6,7)42-36-33-30-24-21-18-15-12-3;;;/h10-49H2,1-9H3;3*1H/q+3;;;/p-3",10.1016/j.ces.2022.118208,10.1016/j.colsurfa.2014.06.019
CCCCCCCCCCCCCCCC[N+](C)(C)CC(=O)OCCN(CCOC(=O)C[N+](C)(C)CCCCCCCCCC)CCOC(=O)C[N+](C)(C)CCCCCCCCCC.[Br-].[Br-].[Br-],38.5,1152.2159999999992,"InChI=1S/C54H111N4O6.3BrH/c1-10-13-16-19-22-25-26-27-28-29-30-33-36-39-45-58(8,9)51-54(61)64-48-42-55(40-46-62-52(59)49-56(4,5)43-37-34-31-23-20-17-14-11-2)41-47-63-53(60)50-57(6,7)44-38-35-32-24-21-18-15-12-3;;;/h10-51H2,1-9H3;3*1H/q+3;;;/p-3",10.1016/j.ces.2022.118208,10.1016/j.colsurfa.2014.06.019
CCCCCCCCOC(=O)C[N+](CC)(CC)c1ccc(C=NCCN=Cc2ccc([N+](CC)(CC)CC(=O)OCCCCCCCC)cc2)cc1.[Cl-].[Cl-],39.7,791.9899999999999,"InChI=1S/C44H72N4O4.2ClH/c1-7-13-15-17-19-21-33-51-43(49)37-47(9-3,10-4)41-27-23-39(24-28-41)35-45-31-32-46-36-40-25-29-42(30-26-40)48(11-5,12-6)38-44(50)52-34-22-20-18-16-14-8-2;;/h23-30,35-36H,7-22,31-34,37-38H2,1-6H3;2*1H/q+2;;/p-2",10.1016/j.ces.2022.118208,10.1080/01932690903269784
CCCCCCCCCCOC(=O)C[N+](CC)(CC)c1ccc(C=NCCN=Cc2ccc([N+](CC)(CC)CC(=O)OCCCCCCCCCC)cc2)cc1.[Cl-].[Cl-],37.6,848.0979999999996,"InChI=1S/C48H80N4O4.2ClH/c1-7-13-15-17-19-21-23-25-37-55-47(53)41-51(9-3,10-4)45-31-27-43(28-32-45)39-49-35-36-50-40-44-29-33-46(34-30-44)52(11-5,12-6)42-48(54)56-38-26-24-22-20-18-16-14-8-2;;/h27-34,39-40H,7-26,35-38,41-42H2,1-6H3;2*1H/q+2;;/p-2",10.1016/j.ces.2022.118208,10.1080/01932690903269784
CCCCCCCCCCCCOC(=O)C[N+](CC)(CC)c1ccc(C=NCCN=Cc2ccc([N+](CC)(CC)CC(=O)OCCCCCCCCCCCC)cc2)cc1.[Cl-].[Cl-],33.6,904.2059999999994,"InChI=1S/C52H88N4O4.2ClH/c1-7-13-15-17-19-21-23-25-27-29-41-59-51(57)45-55(9-3,10-4)49-35-31-47(32-36-49)43-53-39-40-54-44-48-33-37-50(38-34-48)56(11-5,12-6)46-52(58)60-42-30-28-26-24-22-20-18-16-14-8-2;;/h31-38,43-44H,7-30,39-42,45-46H2,1-6H3;2*1H/q+2;;/p-2",10.1016/j.ces.2022.118208,10.1080/01932690903269784
CCCCCCCCCCCCCCCCOC(=O)C[N+](CC)(CC)c1ccc(C=NCCN=Cc2ccc([N+](CC)(CC)CC(=O)OCCCCCCCCCCCCCCCC)cc2)cc1.[Cl-].[Cl-],42.1,1016.4219999999989,"InChI=1S/C60H104N4O4.2ClH/c1-7-13-15-17-19-21-23-25-27-29-31-33-35-37-49-67-59(65)53-63(9-3,10-4)57-43-39-55(40-44-57)51-61-47-48-62-52-56-41-45-58(46-42-56)64(11-5,12-6)54-60(66)68-50-38-36-34-32-30-28-26-24-22-20-18-16-14-8-2;;/h39-46,51-52H,7-38,47-50,53-54H2,1-6H3;2*1H/q+2;;/p-2",10.1016/j.ces.2022.118208,10.1080/01932690903269784
CCCCCCCCCCCC[N+](C)(C)CCOC(=O)CCC(=O)OCC[N+](C)(C)CCCCCCCCCCCC.[Br-].[Br-],37.8,758.8060000000002,"InChI=1S/C36H74N2O4.2BrH/c1-7-9-11-13-15-17-19-21-23-25-29-37(3,4)31-33-41-35(39)27-28-36(40)42-34-32-38(5,6)30-26-24-22-20-18-16-14-12-10-8-2;;/h7-34H2,1-6H3;2*1H/q+2;;/p-2",10.1016/j.ces.2022.118208,10.1016/j.jcis.2012.04.052
CCCCCCCCCCCC[N+](C)(C)CCOC(C)=O.[Br-],37.3,380.411,"InChI=1S/C18H38NO2.BrH/c1-5-6-7-8-9-10-11-12-13-14-15-19(3,4)16-17-21-18(2)20;/h5-17H2,1-4H3;1H/q+1;/p-1",10.1016/j.ces.2022.118208,10.1016/j.jcis.2012.04.052
CCCCCCCCCC1OCC(C[N+](C)(C)C)O1.[Br-],31.4,352.35699999999997,"InChI=1S/C16H34NO2.BrH/c1-5-6-7-8-9-10-11-12-16-18-14-15(19-16)13-17(2,3)4;/h15-16H,5-14H2,1-4H3;1H/q+1;/p-1",10.1016/j.ces.2022.118208,10.1016/0927-7757(95)03093-S
CCCCCCCCCCCC1OCC(C[N+](C)(C)C)O1.[Br-],30.6,380.411,"InChI=1S/C18H38NO2.BrH/c1-5-6-7-8-9-10-11-12-13-14-18-20-16-17(21-18)15-19(2,3)4;/h17-18H,5-16H2,1-4H3;1H/q+1;/p-1",10.1016/j.ces.2022.118208,10.1016/0927-7757(95)03093-S
CCCCCCCCCCCCCC1OCC(C[N+](C)(C)C)O1.[Br-],30.3,408.46500000000003,"InChI=1S/C20H42NO2.BrH/c1-5-6-7-8-9-10-11-12-13-14-15-16-20-22-18-19(23-20)17-21(2,3)4;/h19-20H,5-18H2,1-4H3;1H/q+1;/p-1",10.1016/j.ces.2022.118208,10.1016/0927-7757(95)03093-S
CCCCCCCCC1(C)OCC(C[N+](C)(C)C)O1.[Br-],33.4,352.35699999999997,"InChI=1S/C16H34NO2.BrH/c1-6-7-8-9-10-11-12-16(2)18-14-15(19-16)13-17(3,4)5;/h15H,6-14H2,1-5H3;1H/q+1;/p-1",10.1016/j.ces.2022.118208,10.1016/0927-7757(95)03093-S
CCCCCCCCCCC1(C)OCC(C[N+](C)(C)C)O1.[Br-],34.5,380.411,"InChI=1S/C18H38NO2.BrH/c1-6-7-8-9-10-11-12-13-14-18(2)20-16-17(21-18)15-19(3,4)5;/h17H,6-16H2,1-5H3;1H/q+1;/p-1",10.1016/j.ces.2022.118208,10.1016/0927-7757(95)03093-S
CCCCCCC1(CCCCCC)OCC(C[N+](C)(C)C)O1.[Br-],29.2,394.4380000000001,"InChI=1S/C19H40NO2.BrH/c1-6-8-10-12-14-19(15-13-11-9-7-2)21-17-18(22-19)16-20(3,4)5;/h18H,6-17H2,1-5H3;1H/q+1;/p-1",10.1016/j.ces.2022.118208,10.1016/0927-7757(95)03093-S
CCCCCCCCCCCC[N+](C)(C)CC(=O)NCCN(CCNC(=O)C[N+](C)(C)CCCCCCCCCCCC)C(=O)C[N+](C)(C)CCCCCCCCCCCC.[Cl-].[Cl-].[Cl-],45.0,972.841999999999,"InChI=1S/C52H107N6O3.3ClH/c1-10-13-16-19-22-25-28-31-34-37-44-56(4,5)47-50(59)53-40-42-55(52(61)49-58(8,9)46-39-36-33-30-27-24-21-18-15-12-3)43-41-54-51(60)48-57(6,7)45-38-35-32-29-26-23-20-17-14-11-2;;;/h10-49H2,1-9H3;3*1H/q+1;;;/p-1",10.1016/j.ces.2022.118208,10.1021/la9048067
CCCCCCCCCCCC[N+](C)(C)CC(=O)NCCN(CCNC(=O)C[N+](C)(C)CCCCCCCCCCCC)CCNC(=O)C[N+](C)(C)CCCCCCCCCCCC.[Cl-].[Cl-].[Cl-],42.0,1015.9109999999988,"InChI=1S/C54H111N7O3.3ClH/c1-10-13-16-19-22-25-28-31-34-37-46-59(4,5)49-52(62)55-40-43-58(44-41-56-53(63)50-60(6,7)47-38-35-32-29-26-23-20-17-14-11-2)45-42-57-54(64)51-61(8,9)48-39-36-33-30-27-24-21-18-15-12-3;;;/h10-51H2,1-9H3;3*1H",10.1016/j.ces.2022.118208,10.1021/la9048067
CCCCCCCC[N+](C)(C)c1ccc(C=Nc2c(C)n(C)n(-c3ccccc3)c2=O)cc1.[Br-],41.3,527.5510000000004,"InChI=1S/C28H39N4O.BrH/c1-6-7-8-9-10-14-21-32(4,5)26-19-17-24(18-20-26)22-29-27-23(2)30(3)31(28(27)33)25-15-12-11-13-16-25;/h11-13,15-20,22H,6-10,14,21H2,1-5H3;1H/q+1;/p-1",10.1016/j.ces.2022.118208,10.1016/j.ejpe.2017.05.006
CCCCCCCCCCCC[N+](C)(C)c1ccc(C=Nc2c(C)n(C)n(-c3ccccc3)c2=O)cc1.[Br-],39.0,583.6590000000006,"InChI=1S/C32H47N4O.BrH/c1-6-7-8-9-10-11-12-13-14-18-25-36(4,5)30-23-21-28(22-24-30)26-33-31-27(2)34(3)35(32(31)37)29-19-16-15-17-20-29;/h15-17,19-24,26H,6-14,18,25H2,1-5H3;1H/q+1;/p-1",10.1016/j.ces.2022.118208,10.1016/j.ejpe.2017.05.006
CCCCCCCCCCCCCCCC[N+](C)(C)c1ccc(C=Nc2c(C)n(C)n(-c3ccccc3)c2=O)cc1.[Br-],37.0,639.7670000000005,"InChI=1S/C36H55N4O.BrH/c1-6-7-8-9-10-11-12-13-14-15-16-17-18-22-29-40(4,5)34-27-25-32(26-28-34)30-37-35-31(2)38(3)39(36(35)41)33-23-20-19-21-24-33;/h19-21,23-28,30H,6-18,22,29H2,1-5H3;1H/q+1;/p-1",10.1016/j.ces.2022.118208,10.1016/j.ejpe.2017.05.006
CCCCCCCCCC[N+](C)(C)CCCN=Cc1ccccc1.[Br-],32.9,411.47200000000015,"InChI=1S/C22H39N2.BrH/c1-4-5-6-7-8-9-10-14-19-24(2,3)20-15-18-23-21-22-16-12-11-13-17-22;/h11-13,16-17,21H,4-10,14-15,18-20H2,1-3H3;1H/q+1;/p-1",10.1016/j.ces.2022.118208,10.1016/j.ejpe.2017.05.006
CCCCCCCCCCCC[N+](C)(C)CCCN=Cc1ccccc1.[Br-],31.4,439.52600000000024,"InChI=1S/C24H43N2.BrH/c1-4-5-6-7-8-9-10-11-12-16-21-26(2,3)22-17-20-25-23-24-18-14-13-15-19-24;/h13-15,18-19,23H,4-12,16-17,20-22H2,1-3H3;1H/q+1;/p-1",10.1016/j.ces.2022.118208,10.1016/j.ejpe.2017.05.006
CCCCCCCCCCCCCCCC[N+](C)(C)CCCN=Cc1ccccc1.[Br-],40.0,495.6340000000004,"InChI=1S/C28H51N2.BrH/c1-4-5-6-7-8-9-10-11-12-13-14-15-16-20-25-30(2,3)26-21-24-29-27-28-22-18-17-19-23-28;/h17-19,22-23,27H,4-16,20-21,24-26H2,1-3H3;1H/q+1;/p-1",10.1016/j.ces.2022.118208,10.1016/j.ejpe.2017.05.006
CCCCCCCCCC[N+](C)(C)CCN(CC[N+](C)(C)CCCCCCCCCC)CC[N+](C)(C)CCCCCCCCCC.[Br-].[Br-].[Br-],33.4,893.9459999999998,"InChI=1S/C42H93N4.3BrH/c1-10-13-16-19-22-25-28-31-37-44(4,5)40-34-43(35-41-45(6,7)38-32-29-26-23-20-17-14-11-2)36-42-46(8,9)39-33-30-27-24-21-18-15-12-3;;;/h10-42H2,1-9H3;3*1H/q+3;;;/p-3",10.1016/j.ces.2022.118208,10.1021/la301220y
CCCCCCCCCCCC[N+](C)(C)CCN(CC[N+](C)(C)CCCCCCCCCCCC)CC[N+](C)(C)CCCCCCCCCCCC.[Br-].[Br-].[Br-],32.3,978.1079999999996,"InChI=1S/C48H105N4.3BrH/c1-10-13-16-19-22-25-28-31-34-37-43-50(4,5)46-40-49(41-47-51(6,7)44-38-35-32-29-26-23-20-17-14-11-2)42-48-52(8,9)45-39-36-33-30-27-24-21-18-15-12-3;;;/h10-48H2,1-9H3;3*1H/q+3;;;/p-3",10.1016/j.ces.2022.118208,10.1021/la301220y
CCCCCCCCCCCCCC[N+](C)(C)CCN(CC[N+](C)(C)CCCCCCCCCCCCCC)CC[N+](C)(C)CCCCCCCCCCCCCC.[Br-].[Br-].[Br-],32.1,1062.269999999999,"InChI=1S/C54H117N4.3BrH/c1-10-13-16-19-22-25-28-31-34-37-40-43-49-56(4,5)52-46-55(47-53-57(6,7)50-44-41-38-35-32-29-26-23-20-17-14-11-2)48-54-58(8,9)51-45-42-39-36-33-30-27-24-21-18-15-12-3;;;/h10-54H2,1-9H3;3*1H/q+3;;;/p-3",10.1016/j.ces.2022.118208,10.1021/la301220y
CCCCCCCCCCCCCCCC[N+](C)(C)CCCCCC[N+](C)(C)CCCCCCCCCCCCCCCC.[Br-].[Br-],37.0,783.0040000000001,"InChI=1S/C42H90N2.2BrH/c1-7-9-11-13-15-17-19-21-23-25-27-29-31-35-39-43(3,4)41-37-33-34-38-42-44(5,6)40-36-32-30-28-26-24-22-20-18-16-14-12-10-8-2;;/h7-42H2,1-6H3;2*1H/q+2;;/p-2",10.1016/j.ces.2022.118208,10.1007/s11743-011-1269-0
CCCCCCCCCCCCCCCC[N+](C)(C)CCCC[N+](C)(C)CCCCCCCCCCCCCCCC.[Br-].[Br-],43.0,754.9500000000003,"InChI=1S/C40H86N2.2BrH/c1-7-9-11-13-15-17-19-21-23-25-27-29-31-33-37-41(3,4)39-35-36-40-42(5,6)38-34-32-30-28-26-24-22-20-18-16-14-12-10-8-2;;/h7-40H2,1-6H3;2*1H/q+2;;/p-2",10.1016/j.ces.2022.118208,10.1007/s11743-011-1269-0
CCCCCCCCCCCCCCCC[N+](C)(C)CC[N+](C)(C)CCCCCCCCCCCCCCCC.[Br-].[Br-],28.5,726.8960000000004,"InChI=1S/C38H82N2.2BrH/c1-7-9-11-13-15-17-19-21-23-25-27-29-31-33-35-39(3,4)37-38-40(5,6)36-34-32-30-28-26-24-22-20-18-16-14-12-10-8-2;;/h7-38H2,1-6H3;2*1H/q+2;;/p-2",10.1016/j.ces.2022.118208,10.1007/s11743-011-1269-0
CCCCCCCCCCOC(=O)CC[N+](C)(C)CCC(=O)OCCCCCCCCCC.[Br-],35.0,550.6630000000005,"InChI=1S/C28H56NO4.BrH/c1-5-7-9-11-13-15-17-19-25-32-27(30)21-23-29(3,4)24-22-28(31)33-26-20-18-16-14-12-10-8-6-2;/h5-26H2,1-4H3;1H/q+1;/p-1",10.1016/j.ces.2022.118208,10.1016/j.colsurfa.2015.01.050
CCCCCCCCCCCCOC(=O)CC[N+](C)(C)CCC(=O)OCCCCCCCCCCCC.[Br-],45.0,606.7710000000005,"InChI=1S/C32H64NO4.BrH/c1-5-7-9-11-13-15-17-19-21-23-29-36-31(34)25-27-33(3,4)28-26-32(35)37-30-24-22-20-18-16-14-12-10-8-6-2;/h5-30H2,1-4H3;1H/q+1;/p-1",10.1016/j.ces.2022.118208,10.1016/j.colsurfa.2015.01.050
CCCCCCCCNC(=O)CC[N+](C)(C)CCC(=O)NCCCCCCCC.[Br-],25.0,492.5870000000003,"InChI=1S/C24H49N3O2.BrH/c1-5-7-9-11-13-15-19-25-23(28)17-21-27(3,4)22-18-24(29)26-20-16-14-12-10-8-6-2;/h5-22H2,1-4H3,(H-,25,26,28,29);1H",10.1016/j.ces.2022.118208,10.1016/j.colsurfa.2015.01.050
CCCCCCCCCCNC(=O)CC[N+](C)(C)CCC(=O)NCCCCCCCCCC.[Br-],25.0,548.6950000000004,"InChI=1S/C28H57N3O2.BrH/c1-5-7-9-11-13-15-17-19-23-29-27(32)21-25-31(3,4)26-22-28(33)30-24-20-18-16-14-12-10-8-6-2;/h5-26H2,1-4H3,(H-,29,30,32,33);1H",10.1016/j.ces.2022.118208,10.1016/j.colsurfa.2015.01.050
CCCCCCCCCCCCNC(=O)CC[N+](C)(C)CCC(=O)NCCCCCCCCCCCC.[Br-],27.0,604.8030000000006,"InChI=1S/C32H65N3O2.BrH/c1-5-7-9-11-13-15-17-19-21-23-27-33-31(36)25-29-35(3,4)30-26-32(37)34-28-24-22-20-18-16-14-12-10-8-6-2;/h5-30H2,1-4H3,(H-,33,34,36,37);1H",10.1016/j.ces.2022.118208,10.1016/j.colsurfa.2015.01.050
CCCCCCCCCCCCCC(=O)NCCC[N+](C)(C)CCCCCCCCCC.[Br-],33.8,533.7240000000004,"InChI=1S/C29H60N2O.BrH/c1-5-7-9-11-13-15-16-17-18-20-22-25-29(32)30-26-24-28-31(3,4)27-23-21-19-14-12-10-8-6-2;/h5-28H2,1-4H3;1H",10.1016/j.ces.2022.118208,10.1016/j.molliq.2015.10.024
CCCCCCCCCCCCCC(=O)NCCC[N+](C)(C)CCCCCCCCCCCC.[Br-],31.6,561.7780000000005,"InChI=1S/C31H64N2O.BrH/c1-5-7-9-11-13-15-17-18-20-22-24-27-31(34)32-28-26-30-33(3,4)29-25-23-21-19-16-14-12-10-8-6-2;/h5-30H2,1-4H3;1H",10.1016/j.ces.2022.118208,10.1016/j.molliq.2015.10.024
CCCCCCCCCCCCCCCC[N+](C)(C)CCCNC(=O)CCCCCCCCCCCCC.[Br-],34.6,617.8860000000005,"InChI=1S/C35H72N2O.BrH/c1-5-7-9-11-13-15-17-18-19-21-23-25-27-29-33-37(3,4)34-30-32-36-35(38)31-28-26-24-22-20-16-14-12-10-8-6-2;/h5-34H2,1-4H3;1H",10.1016/j.ces.2022.118208,10.1016/j.molliq.2015.10.024
CCCCCCCCCCCC[N+](C)(C)CCCNC(=O)c1ccc(C(=O)NCCC[N+](C)(C)CCCCCCCCCCCC)cc1.[Br-].[Br-],36.3,832.9359999999997,"InChI=1S/C42H78N4O2.2BrH/c1-7-9-11-13-15-17-19-21-23-25-35-45(3,4)37-27-33-43-41(47)39-29-31-40(32-30-39)42(48)44-34-28-38-46(5,6)36-26-24-22-20-18-16-14-12-10-8-2;;/h29-32H,7-28,33-38H2,1-6H3;2*1H",10.1016/j.ces.2022.118208,10.1007/s11743-015-1752-0
CCCCCCCCCCCCCC[N+](C)(C)CCCNC(=O)c1ccc(C(=O)NCCC[N+](C)(C)CCCCCCCCCCCCCC)cc1.[Br-].[Br-],40.9,889.0439999999994,"InChI=1S/C46H86N4O2.2BrH/c1-7-9-11-13-15-17-19-21-23-25-27-29-39-49(3,4)41-31-37-47-45(51)43-33-35-44(36-34-43)46(52)48-38-32-42-50(5,6)40-30-28-26-24-22-20-18-16-14-12-10-8-2;;/h33-36H,7-32,37-42H2,1-6H3;2*1H",10.1016/j.ces.2022.118208,10.1007/s11743-015-1752-0
CCCCCCCCCCCCCCCC[N+](C)(C)CCCNC(=O)c1ccc(C(=O)NCCC[N+](C)(C)CCCCCCCCCCCCCCCC)cc1.[Br-].[Br-],43.4,945.1519999999991,"InChI=1S/C50H94N4O2.2BrH/c1-7-9-11-13-15-17-19-21-23-25-27-29-31-33-43-53(3,4)45-35-41-51-49(55)47-37-39-48(40-38-47)50(56)52-42-36-46-54(5,6)44-34-32-30-28-26-24-22-20-18-16-14-12-10-8-2;;/h37-40H,7-36,41-46H2,1-6H3;2*1H",10.1016/j.ces.2022.118208,10.1007/s11743-015-1752-0
CCCCCCCCCC(=O)OCC1OC(OCCC[N+](C)(C)C)C(O)C(O)C1O.[I-],33.8,561.4980000000003,"InChI=1S/C22H44NO7.HI/c1-5-6-7-8-9-10-11-13-18(24)29-16-17-19(25)20(26)21(27)22(30-17)28-15-12-14-23(2,3)4;/h17,19-22,25-27H,5-16H2,1-4H3;1H/q+1;/p-1",10.1016/j.ces.2022.118208,10.1007/s11743-998-0005-7
CCCCCCCCCCCC(=O)OCC1OC(OCCC[N+](C)(C)C)C(O)C(O)C1O.[I-],29.6,589.5520000000002,"InChI=1S/C24H48NO7.HI/c1-5-6-7-8-9-10-11-12-13-15-20(26)31-18-19-21(27)22(28)23(29)24(32-19)30-17-14-16-25(2,3)4;/h19,21-24,27-29H,5-18H2,1-4H3;1H/q+1;/p-1",10.1016/j.ces.2022.118208,10.1007/s11743-998-0005-7
CCCCCCCCCCCCCC(=O)OCC1OC(OCCC[N+](C)(C)C)C(O)C(O)C1O.[I-],27.3,617.6060000000002,"InChI=1S/C26H52NO7.HI/c1-5-6-7-8-9-10-11-12-13-14-15-17-22(28)33-20-21-23(29)24(30)25(31)26(34-21)32-19-16-18-27(2,3)4;/h21,23-26,29-31H,5-20H2,1-4H3;1H/q+1;/p-1",10.1016/j.ces.2022.118208,10.1007/s11743-998-0005-7
CCCCCCCCCCCCCCCC(=O)OCC1OC(OCCC[N+](C)(C)C)C(O)C(O)C1O.[I-],33.5,645.6600000000003,"InChI=1S/C28H56NO7.HI/c1-5-6-7-8-9-10-11-12-13-14-15-16-17-19-24(30)35-22-23-25(31)26(32)27(33)28(36-23)34-21-18-20-29(2,3)4;/h23,25-28,31-33H,5-22H2,1-4H3;1H/q+1;/p-1",10.1016/j.ces.2022.118208,10.1007/s11743-998-0005-7
CCCCCCCCCCCCCCCCCC(=O)OCC1OC(OCCC[N+](C)(C)C)C(O)C(O)C1O.[I-],39.7,673.7140000000004,"InChI=1S/C30H60NO7.HI/c1-5-6-7-8-9-10-11-12-13-14-15-16-17-18-19-21-26(32)37-24-25-27(33)28(34)29(35)30(38-25)36-23-20-22-31(2,3)4;/h25,27-30,33-35H,5-24H2,1-4H3;1H/q+1;/p-1",10.1016/j.ces.2022.118208,10.1007/s11743-998-0005-7
CCCCCCCCCCCC[N+]1(CC(=O)OCCOC(=O)C[N+]2(CCCCCCCCCCCC)CCCCC2)CCCCC1.[Br-].[Br-],41.6,810.8820000000001,"InChI=1S/C40H78N2O4.2BrH/c1-3-5-7-9-11-13-15-17-19-23-29-41(31-25-21-26-32-41)37-39(43)45-35-36-46-40(44)38-42(33-27-22-28-34-42)30-24-20-18-16-14-12-10-8-6-4-2;;/h3-38H2,1-2H3;2*1H/q+2;;/p-2",10.1016/j.ces.2022.118208,10.1039/C5CP02115D
CCCCCCCCCCCC[N+]1(CC(=O)OCCOC(=O)C[N+]2(CCCCCCCCCCCC)CCCC2)CCCC1.[Br-].[Br-],40.0,782.8280000000002,"InChI=1S/C38H74N2O4.2BrH/c1-3-5-7-9-11-13-15-17-19-21-27-39(29-23-24-30-39)35-37(41)43-33-34-44-38(42)36-40(31-25-26-32-40)28-22-20-18-16-14-12-10-8-6-4-2;;/h3-36H2,1-2H3;2*1H/q+2;;/p-2",10.1016/j.ces.2022.118208,10.1039/C5CP02115D
CCCCCCCCCCCC[N+]1(CC(=O)OCCOC(=O)C[N+]2(CCCCCCCCCCCC)CCOCC2)CCOCC1.[Br-].[Br-],41.1,814.826,"InChI=1S/C38H74N2O6.2BrH/c1-3-5-7-9-11-13-15-17-19-21-23-39(25-29-43-30-26-39)35-37(41)45-33-34-46-38(42)36-40(27-31-44-32-28-40)24-22-20-18-16-14-12-10-8-6-4-2;;/h3-36H2,1-2H3;2*1H/q+2;;/p-2",10.1016/j.ces.2022.118208,10.1039/C5CP02115D
CCCCCCCCCCCC[N+](CC)(CC)CC(=O)OCCOC(=O)C[N+](CC)(CC)CCCCCCCCCCCC.[Br-].[Br-],40.9,786.8600000000001,"InChI=1S/C38H78N2O4.2BrH/c1-7-13-15-17-19-21-23-25-27-29-31-39(9-3,10-4)35-37(41)43-33-34-44-38(42)36-40(11-5,12-6)32-30-28-26-24-22-20-18-16-14-8-2;;/h7-36H2,1-6H3;2*1H/q+2;;/p-2",10.1016/j.ces.2022.118208,10.1039/C5CP02115D
CCCCCCCCCCCCCC[N+]CCO.[Br-],32.0,336.3579999999999,"InChI=1S/C16H34NO.BrH/c1-2-3-4-5-6-7-8-9-10-11-12-13-14-17-15-16-18;/h18H,2-16H2,1H3;1H/q+1;/p-1",10.1016/j.ces.2022.118208,10.1016/j.molliq.2018.10.100
CCCCCCCCCCCCCC[N+](CCO)CCO.[Br-],27.8,381.419,"InChI=1S/C18H39NO2.BrH/c1-2-3-4-5-6-7-8-9-10-11-12-13-14-19(15-17-20)16-18-21;/h20-21H,2-18H2,1H3;1H/q+1;/p-1",10.1016/j.ces.2022.118208,10.1016/j.molliq.2018.10.100
CCCCCCCCCCCCCC[N+](CCO)(CCO)CCO.[Br-],29.6,426.4800000000001,"InChI=1S/C20H44NO3.BrH/c1-2-3-4-5-6-7-8-9-10-11-12-13-14-21(15-18-22,16-19-23)17-20-24;/h22-24H,2-20H2,1H3;1H/q+1;/p-1",10.1016/j.ces.2022.118208,10.1016/j.molliq.2018.10.100
CCCCCCCCCCCCCC[N+](C)CCO.[Br-],30.8,351.3929999999999,"InChI=1S/C17H37NO.BrH/c1-3-4-5-6-7-8-9-10-11-12-13-14-15-18(2)16-17-19;/h19H,3-17H2,1-2H3;1H/q+1;/p-1",10.1016/j.ces.2022.118208,10.1016/j.molliq.2018.10.100
CCCCCCCCCCCCCC[N+](C)(CCO)CCO.[Br-],33.3,396.454,"InChI=1S/C19H42NO2.BrH/c1-3-4-5-6-7-8-9-10-11-12-13-14-15-20(2,16-18-21)17-19-22;/h21-22H,3-19H2,1-2H3;1H/q+1;/p-1",10.1016/j.ces.2022.118208,10.1016/j.molliq.2018.10.100
CCCCCCCCCCCCCC[N+](CCO)(CCO)CC(C)O.[Br-],36.1,440.50700000000006,"InChI=1S/C21H46NO3.BrH/c1-3-4-5-6-7-8-9-10-11-12-13-14-15-22(16-18-23,17-19-24)20-21(2)25;/h21,23-25H,3-20H2,1-2H3;1H/q+1;/p-1",10.1016/j.ces.2022.118208,10.1016/j.molliq.2018.10.100
CCCCCCCCCCCCCC[N+](CCO)(CC(C)O)CC(C)O.[Br-],37.7,454.5340000000001,"InChI=1S/C22H48NO3.BrH/c1-4-5-6-7-8-9-10-11-12-13-14-15-16-23(17-18-24,19-21(2)25)20-22(3)26;/h21-22,24-26H,4-20H2,1-3H3;1H/q+1;/p-1",10.1016/j.ces.2022.118208,10.1016/j.molliq.2018.10.100
CCCCCCCCCCCCCC[N+](CC(C)O)(CC(C)O)CC(C)O.[Br-],37.7,468.5610000000001,"InChI=1S/C23H50NO3.BrH/c1-5-6-7-8-9-10-11-12-13-14-15-16-17-24(18-21(2)25,19-22(3)26)20-23(4)27;/h21-23,25-27H,5-20H2,1-4H3;1H/q+1;/p-1",10.1016/j.ces.2022.118208,10.1016/j.molliq.2018.10.100
CCCCCCCCCCCCCC[N+](CC)(CC)CCO.[Br-],43.0,394.482,"InChI=1S/C20H44NO.BrH/c1-4-7-8-9-10-11-12-13-14-15-16-17-18-21(5-2,6-3)19-20-22;/h22H,4-20H2,1-3H3;1H/q+1;/p-1",10.1016/j.ces.2022.118208,10.1016/j.colsurfa.2014.03.037
CCCCCCCCCCCC[N+](C)(C)CC(=O)NCCNC(=O)C[N+](C)(C)CCCCCCCCCCCC.[Cl-].[Cl-],42.8,639.8820000000002,"InChI=1S/C34H70N4O2.2ClH/c1-7-9-11-13-15-17-19-21-23-25-29-37(3,4)31-33(39)35-27-28-36-34(40)32-38(5,6)30-26-24-22-20-18-16-14-12-10-8-2;;/h7-32H2,1-6H3;2*1H",10.1016/j.ces.2022.118208,10.1016/j.molliq.2015.01.055
CCCCCCCCCCCCCC[N+](C)(C)CC(=O)NCCNC(=O)C[N+](C)(C)CCCCCCCCCCCCCC.[Cl-].[Cl-],46.1,695.9899999999999,"InChI=1S/C38H78N4O2.2ClH/c1-7-9-11-13-15-17-19-21-23-25-27-29-33-41(3,4)35-37(43)39-31-32-40-38(44)36-42(5,6)34-30-28-26-24-22-20-18-16-14-12-10-8-2;;/h7-36H2,1-6H3;2*1H",10.1016/j.ces.2022.118208,10.1016/j.molliq.2015.01.055
CCCCCCCCCCCCCCCC[N+](C)(C)CC(=O)NCCNC(=O)C[N+](C)(C)CCCCCCCCCCCCCCCC.[Cl-].[Cl-],50.0,752.0979999999996,"InChI=1S/C42H86N4O2.2ClH/c1-7-9-11-13-15-17-19-21-23-25-27-29-31-33-37-45(3,4)39-41(47)43-35-36-44-42(48)40-46(5,6)38-34-32-30-28-26-24-22-20-18-16-14-12-10-8-2;;/h7-40H2,1-6H3;2*1H",10.1016/j.ces.2022.118208,10.1016/j.molliq.2015.01.055
CCCCCCCCCCCC[N+](C)(C)CC(=O)OCCOC(=O)C[N+](C)(C)CCCCCCCCCCCC.[Cl-].[Cl-],40.4,641.8500000000003,"InChI=1S/C34H70N2O4.2ClH/c1-7-9-11-13-15-17-19-21-23-25-27-35(3,4)31-33(37)39-29-30-40-34(38)32-36(5,6)28-26-24-22-20-18-16-14-12-10-8-2;;/h7-32H2,1-6H3;2*1H/q+2;;/p-2",10.1016/j.ces.2022.118208,10.1016/j.molliq.2015.01.055
CCCCCCCCCCCCCC[N+](C)(C)CC(=O)OCCOC(=O)C[N+](C)(C)CCCCCCCCCCCCCC.[Cl-].[Cl-],44.7,697.9579999999999,"InChI=1S/C38H78N2O4.2ClH/c1-7-9-11-13-15-17-19-21-23-25-27-29-31-39(3,4)35-37(41)43-33-34-44-38(42)36-40(5,6)32-30-28-26-24-22-20-18-16-14-12-10-8-2;;/h7-36H2,1-6H3;2*1H/q+2;;/p-2",10.1016/j.ces.2022.118208,10.1016/j.molliq.2015.01.055
CCCCCCCCCCCCCCCC[N+](C)(C)CC(=O)OCCOC(=O)C[N+](C)(C)CCCCCCCCCCCCCCCC.[Cl-].[Cl-],44.8,754.0659999999996,"InChI=1S/C42H86N2O4.2ClH/c1-7-9-11-13-15-17-19-21-23-25-27-29-31-33-35-43(3,4)39-41(45)47-37-38-48-42(46)40-44(5,6)36-34-32-30-28-26-24-22-20-18-16-14-12-10-8-2;;/h7-40H2,1-6H3;2*1H/q+2;;/p-2",10.1016/j.ces.2022.118208,10.1016/j.molliq.2015.01.055
CCCCCCCCCCCCCC[N+](C)(C)CC[N+](C)(C)CCCCCCCCCCCCCC.[Br-].[Br-],41.0,670.7880000000006,"InChI=1S/C34H74N2.2BrH/c1-7-9-11-13-15-17-19-21-23-25-27-29-31-35(3,4)33-34-36(5,6)32-30-28-26-24-22-20-18-16-14-12-10-8-2;;/h7-34H2,1-6H3;2*1H/q+2;;/p-2",10.1016/j.ces.2022.118208,10.1016/j.molliq.2015.01.055
CCCCCCCC[N+](C)(C)CCOCCO.[Br-],35.9,326.31899999999996,"InChI=1S/C14H32NO2.BrH/c1-4-5-6-7-8-9-10-15(2,3)11-13-17-14-12-16;/h16H,4-14H2,1-3H3;1H/q+1;/p-1",10.1016/j.ces.2022.118208,10.1016/j.molliq.2016.05.088
CCCCCCCCCCCC[N+](C)(C)CCOCCO.[Br-],35.0,382.427,"InChI=1S/C18H40NO2.BrH/c1-4-5-6-7-8-9-10-11-12-13-14-19(2,3)15-17-21-18-16-20;/h20H,4-18H2,1-3H3;1H/q+1;/p-1",10.1016/j.ces.2022.118208,10.1016/j.molliq.2016.05.088
CCCCCCCCCCCCCCCC[N+](C)(C)CCOCCO.[Br-],34.0,438.53500000000014,"InChI=1S/C22H48NO2.BrH/c1-4-5-6-7-8-9-10-11-12-13-14-15-16-17-18-23(2,3)19-21-25-22-20-24;/h24H,4-22H2,1-3H3;1H/q+1;/p-1",10.1016/j.ces.2022.118208,10.1016/j.molliq.2016.05.088
CCCCCCCCCCCCCCCCOCC[n+]1ccccc1.[Cl-],46.0,384.048,"InChI=1S/C23H42NO.ClH/c1-2-3-4-5-6-7-8-9-10-11-12-13-14-18-22-25-23-21-24-19-16-15-17-20-24;/h15-17,19-20H,2-14,18,21-23H2,1H3;1H/q+1;/p-1",10.1016/j.ces.2022.118208,10.1016/0021-9797(72)90366-9
CCCCCCCCCCCCCCCCOCCOCC[n+]1ccccc1.[Cl-],46.5,428.1010000000001,"InChI=1S/C25H46NO2.ClH/c1-2-3-4-5-6-7-8-9-10-11-12-13-14-18-22-27-24-25-28-23-21-26-19-16-15-17-20-26;/h15-17,19-20H,2-14,18,21-25H2,1H3;1H/q+1;/p-1",10.1016/j.ces.2022.118208,10.1016/0021-9797(72)90366-9
CCCCCCCCCCCCCCCC[n+]1ccccc1.[Cl-],44.0,339.9949999999999,"InChI=1S/C21H38N.ClH/c1-2-3-4-5-6-7-8-9-10-11-12-13-14-16-19-22-20-17-15-18-21-22;/h15,17-18,20-21H,2-14,16,19H2,1H3;1H/q+1;/p-1",10.1016/j.ces.2022.118208,10.1016/0021-9797(72)90366-9
CCCCCCCCCCCCOC(=O)C[n+]1oc(C)cc1N=Cc1ccccc1.[Br-],42.0,493.48600000000044,"InChI=1S/C25H37N2O3.BrH/c1-3-4-5-6-7-8-9-10-11-15-18-29-25(28)21-27-24(19-22(2)30-27)26-20-23-16-13-12-14-17-23;/h12-14,16-17,19-20H,3-11,15,18,21H2,1-2H3;1H/q+1;/p-1",10.1016/j.ces.2022.118208,10.1016/j.corsci.2011.06.029
CCCCCCCCCCCCCCOC(=O)C[n+]1oc(C)cc1N=Cc1ccccc1.[Br-],39.0,521.5400000000005,"InChI=1S/C27H41N2O3.BrH/c1-3-4-5-6-7-8-9-10-11-12-13-17-20-31-27(30)23-29-26(21-24(2)32-29)28-22-25-18-15-14-16-19-25;/h14-16,18-19,21-22H,3-13,17,20,23H2,1-2H3;1H/q+1;/p-1",10.1016/j.ces.2022.118208,10.1016/j.corsci.2011.06.029
CCCCCCCCCCCCCCCCOC(=O)C[n+]1oc(C)cc1N=Cc1ccccc1.[Br-],37.8,549.5940000000006,"InChI=1S/C29H45N2O3.BrH/c1-3-4-5-6-7-8-9-10-11-12-13-14-15-19-22-33-29(32)25-31-28(23-26(2)34-31)30-24-27-20-17-16-18-21-27;/h16-18,20-21,23-24H,3-15,19,22,25H2,1-2H3;1H/q+1;/p-1",10.1016/j.ces.2022.118208,10.1016/j.corsci.2011.06.029
CCCCCCCCCCCCCCCCCCOC(=O)C[n+]1oc(C)cc1N=Cc1ccccc1.[Br-],36.5,577.6480000000007,"InChI=1S/C31H49N2O3.BrH/c1-3-4-5-6-7-8-9-10-11-12-13-14-15-16-17-21-24-35-31(34)27-33-30(25-28(2)36-33)32-26-29-22-19-18-20-23-29;/h18-20,22-23,25-26H,3-17,21,24,27H2,1-2H3;1H/q+1;/p-1",10.1016/j.ces.2022.118208,10.1016/j.corsci.2011.06.029
CCCCCCCC[N+](C)(C)CCOC1OC(COC)C(OC)C(OC)C1OC.[Br-],37.8,500.5150000000002,"InChI=1S/C22H46NO6.BrH/c1-8-9-10-11-12-13-14-23(2,3)15-16-28-22-21(27-7)20(26-6)19(25-5)18(29-22)17-24-4;/h18-22H,8-17H2,1-7H3;1H/q+1;/p-1",10.1016/j.ces.2022.118208,10.1021/jo051579s
CCCCCCCCCCCC[N+](C)(C)CCOC1OC(COC)C(OC)C(OC)C1OC.[Br-],37.0,556.6230000000004,"InChI=1S/C26H54NO6.BrH/c1-8-9-10-11-12-13-14-15-16-17-18-27(2,3)19-20-32-26-25(31-7)24(30-6)23(29-5)22(33-26)21-28-4;/h22-26H,8-21H2,1-7H3;1H/q+1;/p-1",10.1016/j.ces.2022.118208,10.1021/jo051579s
CCCCCCCCCCCCCCCC[N+](C)(C)CCOC1OC(COC)C(OC)C(OC)C1OC.[Br-],35.1,612.7310000000004,"InChI=1S/C30H62NO6.BrH/c1-8-9-10-11-12-13-14-15-16-17-18-19-20-21-22-31(2,3)23-24-36-30-29(35-7)28(34-6)27(33-5)26(37-30)25-32-4;/h26-30H,8-25H2,1-7H3;1H/q+1;/p-1",10.1016/j.ces.2022.118208,10.1021/jo051579s
CCCCCCCCCCCC[N+](C)(C)CCOC1OC(CO)C(O)C(O)C1O.[Br-],39.0,500.5150000000002,"InChI=1S/C22H46NO6.BrH/c1-4-5-6-7-8-9-10-11-12-13-14-23(2,3)15-16-28-22-21(27)20(26)19(25)18(17-24)29-22;/h18-22,24-27H,4-17H2,1-3H3;1H/q+1;/p-1",10.1016/j.ces.2022.118208,10.1021/jo051579s
CCCCCCCCCCCCCCCC[N+](C)(C)CCOC1OC(CO)C(O)C(O)C1O.[Br-],39.1,556.6230000000004,"InChI=1S/C26H54NO6.BrH/c1-4-5-6-7-8-9-10-11-12-13-14-15-16-17-18-27(2,3)19-20-32-26-25(31)24(30)23(29)22(21-28)33-26;/h22-26,28-31H,4-21H2,1-3H3;1H/q+1;/p-1",10.1016/j.ces.2022.118208,10.1021/jo051579s
CCCCCCCCCCCC(=O)NCCC[N+](C)(C)CCCCCC[N+](C)(C)CCCNC(=O)CCCCCCCCCCC.[Br-].[Br-],38.4,812.9460000000001,"InChI=1S/C40H82N4O2.2BrH/c1-7-9-11-13-15-17-19-21-25-31-39(45)41-33-29-37-43(3,4)35-27-23-24-28-36-44(5,6)38-30-34-42-40(46)32-26-22-20-18-16-14-12-10-8-2;;/h7-38H2,1-6H3;2*1H",10.1016/j.ces.2022.118208,10.1002/jsde.12346
CCCCCCCCCCCC[N+](C)(C)C(C)C(O)c1ccccc1.[Br-],31.8,428.4990000000001,"InChI=1S/C23H42NO.BrH/c1-5-6-7-8-9-10-11-12-13-17-20-24(3,4)21(2)23(25)22-18-15-14-16-19-22;/h14-16,18-19,21,23,25H,5-13,17,20H2,1-4H3;1H/q+1;/p-1",10.1016/j.ces.2022.118208,10.1016/j.jcis.2005.05.054
C(=Nc1cc[n+](CC[n+]2ccc(N=Cc3ccccc3)cc2)cc1)c1ccccc1.[Br-].[Br-],50.0,552.3140000000001,"InChI=1S/C26H24N4.2BrH/c1-3-7-23(8-4-1)21-27-25-11-15-29(16-12-25)19-20-30-17-13-26(14-18-30)28-22-24-9-5-2-6-10-24;;/h1-18,21-22H,19-20H2;2*1H/q+2;;/p-2",10.1016/j.ces.2022.118208,10.1007/s11743-013-1478-9
C(=Nc1cc[n+](CCCCCC[n+]2ccc(N=Cc3ccccc3)cc2)cc1)c1ccccc1.[Br-].[Br-],47.0,608.422,"InChI=1S/C30H32N4.2BrH/c1(9-19-33-21-15-29(16-22-33)31-25-27-11-5-3-6-12-27)2-10-20-34-23-17-30(18-24-34)32-26-28-13-7-4-8-14-28;;/h3-8,11-18,21-26H,1-2,9-10,19-20H2;2*1H/q+2;;/p-2",10.1016/j.ces.2022.118208,10.1007/s11743-013-1478-9
C(=Nc1cc[n+](CCCCCCCCCCCC[n+]2ccc(N=Cc3ccccc3)cc2)cc1)c1ccccc1.[Br-].[Br-],41.0,692.5840000000004,"InChI=1S/C36H44N4.2BrH/c1(3-5-7-15-25-39-27-21-35(22-28-39)37-31-33-17-11-9-12-18-33)2-4-6-8-16-26-40-29-23-36(24-30-40)38-32-34-19-13-10-14-20-34;;/h9-14,17-24,27-32H,1-8,15-16,25-26H2;2*1H/q+2;;/p-2",10.1016/j.ces.2022.118208,10.1007/s11743-013-1478-9
CCCCCCCCCCCC[N+](C)(C)CC(=O)OCCOCCOCCOC(=O)C[N+](C)(C)CCCCCCCCCCCC.[Br-].[Br-],30.9,818.8579999999997,"InChI=1S/C38H78N2O6.2BrH/c1-7-9-11-13-15-17-19-21-23-25-27-39(3,4)35-37(41)45-33-31-43-29-30-44-32-34-46-38(42)36-40(5,6)28-26-24-22-20-18-16-14-12-10-8-2;;/h7-36H2,1-6H3;2*1H/q+2;;/p-2",10.1016/j.ces.2022.118208,10.1007/s00396-014-3233-9
CCCCCCCCCCCC[N+](C)(C)CC(=O)OCCOCCOC(=O)C[N+](C)(C)CCCCCCCCCCCC.[Br-].[Br-],30.7,774.805,"InChI=1S/C36H74N2O5.2BrH/c1-7-9-11-13-15-17-19-21-23-25-27-37(3,4)33-35(39)42-31-29-41-30-32-43-36(40)34-38(5,6)28-26-24-22-20-18-16-14-12-10-8-2;;/h7-34H2,1-6H3;2*1H/q+2;;/p-2",10.1016/j.ces.2022.118208,10.1007/s00396-014-3233-9
CCCCCCCCCCCC[N+](C)(C)CC(=O)OCCOC(=O)C[N+](C)(C)CCCCCCCCCCCC.[Br-].[Br-],29.1,730.7520000000003,"InChI=1S/C34H70N2O4.2BrH/c1-7-9-11-13-15-17-19-21-23-25-27-35(3,4)31-33(37)39-29-30-40-34(38)32-36(5,6)28-26-24-22-20-18-16-14-12-10-8-2;;/h7-32H2,1-6H3;2*1H/q+2;;/p-2",10.1016/j.ces.2022.118208,10.1007/s00396-014-3233-9
CCCCCCCCCCCC[N+](C)(C)CCOC(=O)C(=O)OCC[N+](C)(C)CCCCCCCCCCCC.[Br-].[Br-],24.9,730.7520000000005,"InChI=1S/C34H70N2O4.2BrH/c1-7-9-11-13-15-17-19-21-23-25-27-35(3,4)29-31-39-33(37)34(38)40-32-30-36(5,6)28-26-24-22-20-18-16-14-12-10-8-2;;/h7-32H2,1-6H3;2*1H/q+2;;/p-2",10.1016/j.ces.2022.118208,10.1016/j.molliq.2015.06.051
CCCCCCCCCCCCCCCCCC[N+](C)(C)CC(O)C[N+](C)(C)CCCCCCCCCCCCCCCCCC.[Cl-].[Cl-],36.4,724.1279999999997,"InChI=1S/C43H92N2O.2ClH/c1-7-9-11-13-15-17-19-21-23-25-27-29-31-33-35-37-39-44(3,4)41-43(46)42-45(5,6)40-38-36-34-32-30-28-26-24-22-20-18-16-14-12-10-8-2;;/h43,46H,7-42H2,1-6H3;2*1H/q+2;;/p-2",10.1016/j.ces.2022.118208,10.4028/www.scientific.net/AMM.174-177.1433
CCCCCCCCCCCCOCC[N+](C)(C)C.[Br-],41.0,352.40099999999995,"InChI=1S/C17H38NO.BrH/c1-5-6-7-8-9-10-11-12-13-14-16-19-17-15-18(2,3)4;/h5-17H2,1-4H3;1H/q+1;/p-1",10.1016/j.ces.2022.118208,10.1007/BF01550555
CCCCCCCCCCCCOCCOCC[N+](C)(C)C.[Br-],42.6,396.454,"InChI=1S/C19H42NO2.BrH/c1-5-6-7-8-9-10-11-12-13-14-16-21-18-19-22-17-15-20(2,3)4;/h5-19H2,1-4H3;1H/q+1;/p-1",10.1016/j.ces.2022.118208,10.1007/BF01550555
CCCCCCCCCCCCOCCOCCOCC[N+](C)(C)C.[Br-],44.5,440.5070000000001,"InChI=1S/C21H46NO3.BrH/c1-5-6-7-8-9-10-11-12-13-14-16-23-18-20-25-21-19-24-17-15-22(2,3)4;/h5-21H2,1-4H3;1H/q+1;/p-1",10.1016/j.ces.2022.118208,10.1007/BF01550555
CCCCCCCCCCOCCOCC[N+](C)(C)C.[Br-],44.0,368.4,"InChI=1S/C17H38NO2.BrH/c1-5-6-7-8-9-10-11-12-14-19-16-17-20-15-13-18(2,3)4;/h5-17H2,1-4H3;1H/q+1;/p-1",10.1016/j.ces.2022.118208,10.1007/BF01550555
CCCCCCCCCCCCCCOCCOCC[N+](C)(C)C.[Br-],44.3,424.5080000000001,"InChI=1S/C21H46NO2.BrH/c1-5-6-7-8-9-10-11-12-13-14-15-16-18-23-20-21-24-19-17-22(2,3)4;/h5-21H2,1-4H3;1H/q+1;/p-1",10.1016/j.ces.2022.118208,10.1007/BF01550555
CCCCCCCCCCCCCCCCOCCOCC[N+](C)(C)C.[Br-],44.6,452.5620000000001,"InChI=1S/C23H50NO2.BrH/c1-5-6-7-8-9-10-11-12-13-14-15-16-17-18-20-25-22-23-26-21-19-24(2,3)4;/h5-23H2,1-4H3;1H/q+1;/p-1",10.1016/j.ces.2022.118208,10.1007/BF01550555
CCCCCCCCCCCCOCC(C[N+](C)(C)CC(COCCCCCCCCCCCC)OCCO)OCCO.COS(=O)(=O)[O-],28.6,730.1030000000001,"InChI=1S/C36H76NO6.CH4O4S/c1-5-7-9-11-13-15-17-19-21-23-27-40-33-35(42-29-25-38)31-37(3,4)32-36(43-30-26-39)34-41-28-24-22-20-18-16-14-12-10-8-6-2;1-5-6(2,3)4/h35-36,38-39H,5-34H2,1-4H3;1H3,(H,2,3,4)/q+1;/p-1",10.1016/j.ces.2022.118208,10.1016/j.jiec.2014.06.027
CCCCCCCCCCCCOCC(C[N+](C)(C)CC(COCCCCCCCCCCCC)OCCOCCOCCO)OCCOCCO.COS(=O)(=O)[O-],32.2,862.2619999999996,"InChI=1S/C42H88NO9.CH4O4S/c1-5-7-9-11-13-15-17-19-21-23-27-49-39-41(51-35-33-47-30-26-45)37-43(3,4)38-42(52-36-34-48-32-31-46-29-25-44)40-50-28-24-22-20-18-16-14-12-10-8-6-2;1-5-6(2,3)4/h41-42,44-45H,5-40H2,1-4H3;1H3,(H,2,3,4)/q+1;/p-1",10.1016/j.ces.2022.118208,10.1016/j.jiec.2014.06.027
CCCCCCCCCCCCC(=O)OCC[N+](C)(C)CCCC[N+](C)(C)CCOC(=O)CCCCCCCCCCCC.[Cl-].[Cl-],34.0,697.9580000000002,"InChI=1S/C38H78N2O4.2ClH/c1-7-9-11-13-15-17-19-21-23-25-29-37(41)43-35-33-39(3,4)31-27-28-32-40(5,6)34-36-44-38(42)30-26-24-22-20-18-16-14-12-10-8-2;;/h7-36H2,1-6H3;2*1H/q+2;;/p-2",10.1016/j.ces.2022.118208,10.1007/s11743-001-0180-6
CCCCCCCCCCCC[N+](C)(C)CCCC[N+](C)(C)CCCCCCCCCCCC.[Cl-].[Cl-],41.0,553.8320000000004,"InChI=1S/C32H70N2.2ClH/c1-7-9-11-13-15-17-19-21-23-25-29-33(3,4)31-27-28-32-34(5,6)30-26-24-22-20-18-16-14-12-10-8-2;;/h7-32H2,1-6H3;2*1H/q+2;;/p-2",10.1016/j.ces.2022.118208,10.1007/s11743-001-0179-z
CCCCCCCCCC[N+](C)(C)CCCC[N+](C)(C)CCCCCCCCCC.[Cl-].[Cl-],40.0,497.7240000000003,"InChI=1S/C28H62N2.2ClH/c1-7-9-11-13-15-17-19-21-25-29(3,4)27-23-24-28-30(5,6)26-22-20-18-16-14-12-10-8-2;;/h7-28H2,1-6H3;2*1H/q+2;;/p-2",10.1016/j.ces.2022.118208,10.1007/s11743-001-0179-z
CCCCCCCCCCCCCC[N+](C)(C)CCCC[N+](C)(C)CCCCCCCCCCCCCC.[Cl-].[Cl-],42.0,609.9400000000005,"InChI=1S/C36H78N2.2ClH/c1-7-9-11-13-15-17-19-21-23-25-27-29-33-37(3,4)35-31-32-36-38(5,6)34-30-28-26-24-22-20-18-16-14-12-10-8-2;;/h7-36H2,1-6H3;2*1H/q+2;;/p-2",10.1016/j.ces.2022.118208,10.1007/s11743-001-0179-z
CCCCCCCCCCCCCCCC[N+](C)(C)CCCC[N+](C)(C)CCCCCCCCCCCCCCCC.[Cl-].[Cl-],43.0,666.0480000000003,"InChI=1S/C40H86N2.2ClH/c1-7-9-11-13-15-17-19-21-23-25-27-29-31-33-37-41(3,4)39-35-36-40-42(5,6)38-34-32-30-28-26-24-22-20-18-16-14-12-10-8-2;;/h7-40H2,1-6H3;2*1H/q+2;;/p-2",10.1016/j.ces.2022.118208,10.1007/s11743-001-0179-z
CCCCCCCCCCCC[N+](C)(C)CC(O)COC(=O)CCCCC(=O)OCC(O)C[N+](C)(C)CCCCCCCCCCCC.[Cl-].[Cl-],31.4,758.01,"InChI=1S/C40H82N2O6.2ClH/c1-7-9-11-13-15-17-19-21-23-27-31-41(3,4)33-37(43)35-47-39(45)29-25-26-30-40(46)48-36-38(44)34-42(5,6)32-28-24-22-20-18-16-14-12-10-8-2;;/h37-38,43-44H,7-36H2,1-6H3;2*1H/q+2;;/p-2",10.1016/j.ces.2022.118208,10.4028/www.scientific.net/AMR.1004-1005.699
CCCCCCCCCCCCCC[n+]1ccn(C)c1.[Br-],40.0,359.3959999999999,"InChI=1S/C18H35N2.BrH/c1-3-4-5-6-7-8-9-10-11-12-13-14-15-20-17-16-19(2)18-20;/h16-18H,3-15H2,1-2H3;1H/q+1;/p-1",10.1016/j.ces.2022.118208,10.1016/j.colsurfa.2017.07.018
CCCCCCCCCCCCCCCC[n+]1ccn(C)c1.[Br-],38.0,387.45,"InChI=1S/C20H39N2.BrH/c1-3-4-5-6-7-8-9-10-11-12-13-14-15-16-17-22-19-18-21(2)20-22;/h18-20H,3-17H2,1-2H3;1H/q+1;/p-1",10.1016/j.ces.2022.118208,10.1016/j.colsurfa.2017.07.018
CCCCCCCCCCCCCCCCCC[n+]1ccn(C)c1.[Br-],40.5,415.5040000000001,"InChI=1S/C22H43N2.BrH/c1-3-4-5-6-7-8-9-10-11-12-13-14-15-16-17-18-19-24-21-20-23(2)22-24;/h20-22H,3-19H2,1-2H3;1H/q+1;/p-1",10.1016/j.ces.2022.118208,10.1016/j.colsurfa.2017.07.018
CCCCCCCCCCCCCCCC(=O)NCCC[N+](C)(C)CCOC1OC(CO)C(O)C(O)C1O.[Cl-],51.5,583.2510000000004,"InChI=1S/C29H58N2O7.ClH/c1-4-5-6-7-8-9-10-11-12-13-14-15-16-18-25(33)30-19-17-20-31(2,3)21-22-37-29-28(36)27(35)26(34)24(23-32)38-29;/h24,26-29,32,34-36H,4-23H2,1-3H3;1H",10.1016/j.ces.2022.118208,10.1007/s11743-010-1225-4
CCCCCCCCCCCCCCCCCC(=O)NCCC[N+](C)(C)CCOC1OC(CO)C(O)C(O)C1O.[Cl-],47.8,611.3050000000004,"InChI=1S/C31H62N2O7.ClH/c1-4-5-6-7-8-9-10-11-12-13-14-15-16-17-18-20-27(35)32-21-19-22-33(2,3)23-24-39-31-30(38)29(37)28(36)26(25-34)40-31;/h26,28-31,34,36-38H,4-25H2,1-3H3;1H",10.1016/j.ces.2022.118208,10.1007/s11743-010-1225-4
CCCCCCCCCCCCCCCC(=O)NCCC[N+](C)(C)CC(O)COC1OC(CO)C(O)C(O)C1O.[Cl-],46.1,613.2770000000005,"InChI=1S/C30H60N2O8.ClH/c1-4-5-6-7-8-9-10-11-12-13-14-15-16-18-26(35)31-19-17-20-32(2,3)21-24(34)23-39-30-29(38)28(37)27(36)25(22-33)40-30;/h24-25,27-30,33-34,36-38H,4-23H2,1-3H3;1H",10.1016/j.ces.2022.118208,10.1007/s11743-010-1225-4
CCCCCCCCCCCCCCCCCC(=O)NCCC[N+](C)(C)CC(O)COC1OC(CO)C(O)C(O)C1O.[Cl-],35.9,641.3310000000005,"InChI=1S/C32H64N2O8.ClH/c1-4-5-6-7-8-9-10-11-12-13-14-15-16-17-18-20-28(37)33-21-19-22-34(2,3)23-26(36)25-41-32-31(40)30(39)29(38)27(24-35)42-32;/h26-27,29-32,35-36,38-40H,4-25H2,1-3H3;1H",10.1016/j.ces.2022.118208,10.1007/s11743-010-1225-4
CCCCCC[n+]1cccc(COC(=O)CC(O)(CC(=O)OCc2ccc[n+](CCCCCC)c2)C(=O)OCc2ccc[n+](CCCCCC)c2)c1.[Br-].[Br-].[Br-],32.5,960.6839999999997,"InChI=1S/C42H62N3O7.3BrH/c1-4-7-10-13-22-43-25-16-19-36(30-43)33-50-39(46)28-42(49,41(48)52-35-38-21-18-27-45(32-38)24-15-12-9-6-3)29-40(47)51-34-37-20-17-26-44(31-37)23-14-11-8-5-2;;;/h16-21,25-27,30-32,49H,4-15,22-24,28-29,33-35H2,1-3H3;3*1H/q+3;;;/p-3",10.1016/j.ces.2022.118208,10.1016/j.molliq.2020.112817
CCCCCCCCCCCC[n+]1cccc(COC(=O)CC(O)(CC(=O)OCc2ccc[n+](CCCCCCCCCCCC)c2)C(=O)OCc2ccc[n+](CCCCCCCCCCCC)c2)c1.[Br-].[Br-].[Br-],30.1,1213.169999999999,"InChI=1S/C60H98N3O7.3BrH/c1-4-7-10-13-16-19-22-25-28-31-40-61-43-34-37-54(48-61)51-68-57(64)46-60(67,59(66)70-53-56-39-36-45-63(50-56)42-33-30-27-24-21-18-15-12-9-6-3)47-58(65)69-52-55-38-35-44-62(49-55)41-32-29-26-23-20-17-14-11-8-5-2;;;/h34-39,43-45,48-50,67H,4-33,40-42,46-47,51-53H2,1-3H3;3*1H/q+3;;;/p-3",10.1016/j.ces.2022.118208,10.1016/j.molliq.2020.112817
CCCCCCCCCCCCCCCCCC[n+]1cccc(COC(=O)CC(O)(CC(=O)OCc2ccc[n+](CCCCCCCCCCCCCCCCCC)c2)C(=O)OCc2ccc[n+](CCCCCCCCCCCCCCCCCC)c2)c1.[Br-].[Br-].[Br-],27.5,1465.6559999999995,"InChI=1S/C78H134N3O7.3BrH/c1-4-7-10-13-16-19-22-25-28-31-34-37-40-43-46-49-58-79-61-52-55-72(66-79)69-86-75(82)64-78(85,77(84)88-71-74-57-54-63-81(68-74)60-51-48-45-42-39-36-33-30-27-24-21-18-15-12-9-6-3)65-76(83)87-70-73-56-53-62-80(67-73)59-50-47-44-41-38-35-32-29-26-23-20-17-14-11-8-5-2;;;/h52-57,61-63,66-68,85H,4-51,58-60,64-65,69-71H2,1-3H3;3*1H/q+3;;;/p-3",10.1016/j.ces.2022.118208,10.1016/j.molliq.2020.112817
CCCCCCCCCCOC(=O)C(C)[N+](C)(C)CC[N+](C)(C)C(C)C(=O)OCCCCCCCCCC.[Br-].[Br-],28.5,702.6980000000004,"InChI=1S/C32H66N2O4.2BrH/c1-9-11-13-15-17-19-21-23-27-37-31(35)29(3)33(5,6)25-26-34(7,8)30(4)32(36)38-28-24-22-20-18-16-14-12-10-2;;/h29-30H,9-28H2,1-8H3;2*1H/q+2;;/p-2",10.1016/j.ces.2022.118208,10.1246/cl.2012.1096
CCCCCCCCCCCCOC(=O)C(C)[N+](C)(C)CC[N+](C)(C)C(C)C(=O)OCCCCCCCCCCCC.[Br-].[Br-],32.0,758.8060000000005,"InChI=1S/C36H74N2O4.2BrH/c1-9-11-13-15-17-19-21-23-25-27-31-41-35(39)33(3)37(5,6)29-30-38(7,8)34(4)36(40)42-32-28-26-24-22-20-18-16-14-12-10-2;;/h33-34H,9-32H2,1-8H3;2*1H/q+2;;/p-2",10.1016/j.ces.2022.118208,10.1246/cl.2012.1096
CCCCCCCCCCCCOCC(O)C[N+](C)(C)CCCC[N+](C)(C)CC(O)COCCCCCCCCCCCC.[Br-].[Br-],36.4,790.8920000000003,"InChI=1S/C38H82N2O4.2BrH/c1-7-9-11-13-15-17-19-21-23-27-31-43-35-37(41)33-39(3,4)29-25-26-30-40(5,6)34-38(42)36-44-32-28-24-22-20-18-16-14-12-10-8-2;;/h37-38,41-42H,7-36H2,1-6H3;2*1H/q+2;;/p-2",10.1016/j.ces.2022.118208,10.1007/s11743-015-1734-2
CCCCCCCCCCCCCCOCC(O)C[N+](C)(C)CCCC[N+](C)(C)CC(O)COCCCCCCCCCCCCCC.[Br-].[Br-],37.4,846.9999999999999,"InChI=1S/C42H90N2O4.2BrH/c1-7-9-11-13-15-17-19-21-23-25-27-31-35-47-39-41(45)37-43(3,4)33-29-30-34-44(5,6)38-42(46)40-48-36-32-28-26-24-22-20-18-16-14-12-10-8-2;;/h41-42,45-46H,7-40H2,1-6H3;2*1H/q+2;;/p-2",10.1016/j.ces.2022.118208,10.1007/s11743-015-1734-2
CCCCCCCCCCCCCCCCOCC(O)C[N+](C)(C)CCCC[N+](C)(C)CC(O)COCCCCCCCCCCCCCCCC.[Br-].[Br-],39.2,903.1079999999995,"InChI=1S/C46H98N2O4.2BrH/c1-7-9-11-13-15-17-19-21-23-25-27-29-31-35-39-51-43-45(49)41-47(3,4)37-33-34-38-48(5,6)42-46(50)44-52-40-36-32-30-28-26-24-22-20-18-16-14-12-10-8-2;;/h45-46,49-50H,7-44H2,1-6H3;2*1H/q+2;;/p-2",10.1016/j.ces.2022.118208,10.1007/s11743-015-1734-2
CCCCCCCCCCCC[N+](C)(C)CCCCCCCC[N+](C)(C)CCCCCCCCCCCC.[Br-].[Br-],42.8,698.8420000000006,"InChI=1S/C36H78N2.2BrH/c1-7-9-11-13-15-17-19-21-25-29-33-37(3,4)35-31-27-23-24-28-32-36-38(5,6)34-30-26-22-20-18-16-14-12-10-8-2;;/h7-36H2,1-6H3;2*1H/q+2;;/p-2",10.1016/j.ces.2022.118208,10.1021/la00030a006
CCCCCCCCCCCC[N+](C)(C)CCCCCCCCCCCC[N+](C)(C)CCCCCCCCCCCC.[Br-].[Br-],41.5,754.9500000000003,"InChI=1S/C40H86N2.2BrH/c1-7-9-11-13-15-17-21-25-29-33-37-41(3,4)39-35-31-27-23-19-20-24-28-32-36-40-42(5,6)38-34-30-26-22-18-16-14-12-10-8-2;;/h7-40H2,1-6H3;2*1H/q+2;;/p-2",10.1016/j.ces.2022.118208,10.1021/la00030a006
CCCCCCCCCCCC[N+](C)(C)CCCCCCCCCCCCCC[N+](C)(C)CCCCCCCCCCCC.[Br-].[Br-],39.5,783.0040000000001,"InChI=1S/C42H90N2.2BrH/c1-7-9-11-13-15-17-23-27-31-35-39-43(3,4)41-37-33-29-25-21-19-20-22-26-30-34-38-42-44(5,6)40-36-32-28-24-18-16-14-12-10-8-2;;/h7-42H2,1-6H3;2*1H/q+2;;/p-2",10.1016/j.ces.2022.118208,10.1021/la00030a006
CCCCCCCCCCCC[N+](C)(C)CCCCCCCCCCCCCCCC[N+](C)(C)CCCCCCCCCCCC.[Br-].[Br-],39.4,811.058,"InChI=1S/C44H94N2.2BrH/c1-7-9-11-13-15-17-25-29-33-37-41-45(3,4)43-39-35-31-27-23-21-19-20-22-24-28-32-36-40-44-46(5,6)42-38-34-30-26-18-16-14-12-10-8-2;;/h7-44H2,1-6H3;2*1H/q+2;;/p-2",10.1016/j.ces.2022.118208,10.1021/la00030a006
CCCCCCC(=O)OC(C)C(=O)NCCC[N+](C)(C)C.COS(=O)(=O)[O-],40.4,412.54900000000015,"InChI=1S/C16H32N2O3.CH4O4S/c1-6-7-8-9-11-15(19)21-14(2)16(20)17-12-10-13-18(3,4)5;1-5-6(2,3)4/h14H,6-13H2,1-5H3;1H3,(H,2,3,4)",10.1016/j.ces.2022.118208,10.1007/s11743-000-0142-z
CCCCCCCC(=O)OC(C)C(=O)NCCC[N+](C)(C)C.COS(=O)(=O)[O-],37.8,426.5760000000002,"InChI=1S/C17H34N2O3.CH4O4S/c1-6-7-8-9-10-12-16(20)22-15(2)17(21)18-13-11-14-19(3,4)5;1-5-6(2,3)4/h15H,6-14H2,1-5H3;1H3,(H,2,3,4)",10.1016/j.ces.2022.118208,10.1007/s11743-000-0142-z
CCCCCCCCC(=O)OC(C)C(=O)NCCC[N+](C)(C)C.COS(=O)(=O)[O-],37.3,440.60300000000024,"InChI=1S/C18H36N2O3.CH4O4S/c1-6-7-8-9-10-11-13-17(21)23-16(2)18(22)19-14-12-15-20(3,4)5;1-5-6(2,3)4/h16H,6-15H2,1-5H3;1H3,(H,2,3,4)",10.1016/j.ces.2022.118208,10.1007/s11743-000-0142-z
CCCCCCCCCC(=O)OC(C)C(=O)NCCC[N+](C)(C)C.COS(=O)(=O)[O-],25.4,454.6300000000003,"InChI=1S/C19H38N2O3.CH4O4S/c1-6-7-8-9-10-11-12-14-18(22)24-17(2)19(23)20-15-13-16-21(3,4)5;1-5-6(2,3)4/h17H,6-16H2,1-5H3;1H3,(H,2,3,4)",10.1016/j.ces.2022.118208,10.1007/s11743-000-0142-z
CCCCCCCCCCC(=O)OC(C)C(=O)NCCC[N+](C)(C)C.COS(=O)(=O)[O-],25.2,468.6570000000003,"InChI=1S/C20H40N2O3.CH4O4S/c1-6-7-8-9-10-11-12-13-15-19(23)25-18(2)20(24)21-16-14-17-22(3,4)5;1-5-6(2,3)4/h18H,6-17H2,1-5H3;1H3,(H,2,3,4)",10.1016/j.ces.2022.118208,10.1007/s11743-000-0142-z
CCCCCCCCCCCC(=O)OC(C)C(=O)NCCC[N+](C)(C)C.COS(=O)(=O)[O-],24.2,482.68400000000025,"InChI=1S/C21H42N2O3.CH4O4S/c1-6-7-8-9-10-11-12-13-14-16-20(24)26-19(2)21(25)22-17-15-18-23(3,4)5;1-5-6(2,3)4/h19H,6-18H2,1-5H3;1H3,(H,2,3,4)",10.1016/j.ces.2022.118208,10.1007/s11743-000-0142-z
CCCCCCCCCCCCCC(=O)OC(C)C(=O)NCCC[N+](C)(C)C.COS(=O)(=O)[O-],26.4,510.7380000000003,"InChI=1S/C23H46N2O3.CH4O4S/c1-6-7-8-9-10-11-12-13-14-15-16-18-22(26)28-21(2)23(27)24-19-17-20-25(3,4)5;1-5-6(2,3)4/h21H,6-20H2,1-5H3;1H3,(H,2,3,4)",10.1016/j.ces.2022.118208,10.1007/s11743-000-0142-z
CCCCCCCCCCCCCCCC(=O)OC(C)C(=O)NCCC[N+](C)(C)C.COS(=O)(=O)[O-],31.7,538.7920000000003,"InChI=1S/C25H50N2O3.CH4O4S/c1-6-7-8-9-10-11-12-13-14-15-16-17-18-20-24(28)30-23(2)25(29)26-21-19-22-27(3,4)5;1-5-6(2,3)4/h23H,6-22H2,1-5H3;1H3,(H,2,3,4)",10.1016/j.ces.2022.118208,10.1007/s11743-000-0142-z
CCCCCCCCCCCCCCCCCC(=O)OC(C)C(=O)NCCC[N+](C)(C)C.COS(=O)(=O)[O-],35.8,566.8460000000003,"InChI=1S/C27H54N2O3.CH4O4S/c1-6-7-8-9-10-11-12-13-14-15-16-17-18-19-20-22-26(30)32-25(2)27(31)28-23-21-24-29(3,4)5;1-5-6(2,3)4/h25H,6-24H2,1-5H3;1H3,(H,2,3,4)",10.1016/j.ces.2022.118208,10.1007/s11743-000-0142-z
CCCCCCCCOC(=O)C[N+](C)(C)CC[N+](C)(C)CC(=O)OCCCCCCCC.[Cl-].[Cl-],43.0,529.6340000000004,"InChI=1S/C26H54N2O4.2ClH/c1-7-9-11-13-15-17-21-31-25(29)23-27(3,4)19-20-28(5,6)24-26(30)32-22-18-16-14-12-10-8-2;;/h7-24H2,1-6H3;2*1H/q+2;;/p-2",10.1016/j.ces.2022.118208,10.1016/j.molliq.2016.05.083
CCCCCCCCC[N+](CCCCCC[N+](CCCCCCCCC)CC(C)O)CC(C)O.[Br-].[Br-],42.2,644.6620000000005,"InChI=1S/C30H64N2O2.2BrH/c1-5-7-9-11-13-15-19-23-31(27-29(3)33)25-21-17-18-22-26-32(28-30(4)34)24-20-16-14-12-10-8-6-2;;/h29-30,33-34H,5-28H2,1-4H3;2*1H/q+2;;/p-2",10.1016/j.ces.2022.118208,10.1002/jsde.12506
CCCCCCCCCC[N+](CCCCCC[N+](CCCCCCCCCC)CC(C)O)CC(C)O.[Br-].[Br-],38.0,672.7160000000006,"InChI=1S/C32H68N2O2.2BrH/c1-5-7-9-11-13-15-17-21-25-33(29-31(3)35)27-23-19-20-24-28-34(30-32(4)36)26-22-18-16-14-12-10-8-6-2;;/h31-32,35-36H,5-30H2,1-4H3;2*1H/q+2;;/p-2",10.1016/j.ces.2022.118208,10.1002/jsde.12506
CCCCCCCCCCCC[N+](CCCCCC[N+](CCCCCCCCCCCC)CC(C)O)CC(C)O.[Br-].[Br-],36.0,728.8240000000006,"InChI=1S/C36H76N2O2.2BrH/c1-5-7-9-11-13-15-17-19-21-25-29-37(33-35(3)39)31-27-23-24-28-32-38(34-36(4)40)30-26-22-20-18-16-14-12-10-8-6-2;;/h35-36,39-40H,5-34H2,1-4H3;2*1H/q+2;;/p-2",10.1016/j.ces.2022.118208,10.1002/jsde.12506
CCCCCCCCCCCCCC[N+](CCCCCC[N+](CCCCCCCCCCCCCC)CC(C)O)CC(C)O.[Br-].[Br-],35.5,784.9320000000004,"InChI=1S/C40H84N2O2.2BrH/c1-5-7-9-11-13-15-17-19-21-23-25-29-33-41(37-39(3)43)35-31-27-28-32-36-42(38-40(4)44)34-30-26-24-22-20-18-16-14-12-10-8-6-2;;/h39-40,43-44H,5-38H2,1-4H3;2*1H/q+2;;/p-2",10.1016/j.ces.2022.118208,10.1002/jsde.12506
CCCCCCCCC[N+](CCCCCC[N+](CCCCCCCCC)(CC(C)O)CC(C)O)(CC(C)O)CC(C)O.[Br-].[Br-],34.9,762.8380000000006,"InChI=1S/C36H78N2O4.2BrH/c1-7-9-11-13-15-17-21-25-37(29-33(3)39,30-34(4)40)27-23-19-20-24-28-38(31-35(5)41,32-36(6)42)26-22-18-16-14-12-10-8-2;;/h33-36,39-42H,7-32H2,1-6H3;2*1H/q+2;;/p-2",10.1016/j.ces.2022.118208,10.1002/jsde.12506
CCCCCCCCCC[N+](CCCCCC[N+](CCCCCCCCCC)(CC(C)O)CC(C)O)(CC(C)O)CC(C)O.[Br-].[Br-],34.1,790.8920000000006,"InChI=1S/C38H82N2O4.2BrH/c1-7-9-11-13-15-17-19-23-27-39(31-35(3)41,32-36(4)42)29-25-21-22-26-30-40(33-37(5)43,34-38(6)44)28-24-20-18-16-14-12-10-8-2;;/h35-38,41-44H,7-34H2,1-6H3;2*1H/q+2;;/p-2",10.1016/j.ces.2022.118208,10.1002/jsde.12506
CCCCCCCCCCCC[N+](CCCCCC[N+](CCCCCCCCCCCC)(CC(C)O)CC(C)O)(CC(C)O)CC(C)O.[Br-].[Br-],32.7,847.0000000000003,"InChI=1S/C42H90N2O4.2BrH/c1-7-9-11-13-15-17-19-21-23-27-31-43(35-39(3)45,36-40(4)46)33-29-25-26-30-34-44(37-41(5)47,38-42(6)48)32-28-24-22-20-18-16-14-12-10-8-2;;/h39-42,45-48H,7-38H2,1-6H3;2*1H/q+2;;/p-2",10.1016/j.ces.2022.118208,10.1002/jsde.12506
CCCCCCCCCCCCCC[N+](CCCCCC[N+](CCCCCCCCCCCCCC)(CC(C)O)CC(C)O)(CC(C)O)CC(C)O.[Br-].[Br-],30.0,903.108,"InChI=1S/C46H98N2O4.2BrH/c1-7-9-11-13-15-17-19-21-23-25-27-31-35-47(39-43(3)49,40-44(4)50)37-33-29-30-34-38-48(41-45(5)51,42-46(6)52)36-32-28-26-24-22-20-18-16-14-12-10-8-2;;/h43-46,49-52H,7-42H2,1-6H3;2*1H/q+2;;/p-2",10.1016/j.ces.2022.118208,10.1002/jsde.12506
CCCCCCCCCCCC[N+](C)(C)CCO.[Br-],32.4,338.3739999999999,"InChI=1S/C16H36NO.BrH/c1-4-5-6-7-8-9-10-11-12-13-14-17(2,3)15-16-18;/h18H,4-16H2,1-3H3;1H/q+1;/p-1",10.1016/j.ces.2022.118208,10.1016/j.colsurfa.2016.08.020
CCCCCCCCCCCC[N+](C)(C)CCOC(=O)C[N+](C)(C)CCCCCCCCCCCC.[Br-].[Br-],30.8,672.7160000000006,"InChI=1S/C32H68N2O2.2BrH/c1-7-9-11-13-15-17-19-21-23-25-27-33(3,4)29-30-36-32(35)31-34(5,6)28-26-24-22-20-18-16-14-12-10-8-2;;/h7-31H2,1-6H3;2*1H/q+2;;/p-2",10.1016/j.ces.2022.118208,10.1016/j.colsurfa.2016.08.020
CCCCCCCCCC[N+](C)(C)CCCCCCCCCC.[Cl-],27.7,362.0860000000001,"InChI=1S/C22H48N.ClH/c1-5-7-9-11-13-15-17-19-21-23(3,4)22-20-18-16-14-12-10-8-6-2;/h5-22H2,1-4H3;1H/q+1;/p-1",10.1016/j.ces.2022.118208,10.1007/s11743-015-1705-7
C=CC[N+](C)(C)CCCCCCCCCCCC.[Br-],39.5,334.38599999999997,"InChI=1S/C17H36N.BrH/c1-5-7-8-9-10-11-12-13-14-15-17-18(3,4)16-6-2;/h6H,2,5,7-17H2,1,3-4H3;1H/q+1;/p-1",10.1016/j.ces.2022.118208,10.1080/01932690701688458
C=CC[N+](C)(C)CCCCCCCCCCCCCCCC.[Br-],34.0,390.494,"InChI=1S/C21H44N.BrH/c1-5-7-8-9-10-11-12-13-14-15-16-17-18-19-21-22(3,4)20-6-2;/h6H,2,5,7-21H2,1,3-4H3;1H/q+1;/p-1",10.1016/j.ces.2022.118208,10.1080/01932690701688458
C=CC[N+](C)(C)CCCCCCCCCCCCCCCCCC.[Br-],33.2,418.548,"InChI=1S/C23H48N.BrH/c1-5-7-8-9-10-11-12-13-14-15-16-17-18-19-20-21-23-24(3,4)22-6-2;/h6H,2,5,7-23H2,1,3-4H3;1H/q+1;/p-1",10.1016/j.ces.2022.118208,10.1080/01932690701688458
CCCCCCCCCCCC(C)[N+](C)(C)CCC[N+](C)(C)C(C)CCCCCCCCCCC.[Br-].[Br-],36.0,656.7610000000005,"InChI=1S/C33H72N2.2BrH/c1-9-11-13-15-17-19-21-23-25-28-32(3)34(5,6)30-27-31-35(7,8)33(4)29-26-24-22-20-18-16-14-12-10-2;;/h32-33H,9-31H2,1-8H3;2*1H/q+2;;/p-2",10.1016/j.ces.2022.118208,10.3390/molecules24234380
CCCCCCCCCCCC(C)[N+](C)(C)CCCC[N+](C)(C)C(C)CCCCCCCCCCC.[Br-].[Br-],39.4,670.7880000000006,"InChI=1S/C34H74N2.2BrH/c1-9-11-13-15-17-19-21-23-25-29-33(3)35(5,6)31-27-28-32-36(7,8)34(4)30-26-24-22-20-18-16-14-12-10-2;;/h33-34H,9-32H2,1-8H3;2*1H/q+2;;/p-2",10.1016/j.ces.2022.118208,10.3390/molecules24234380
CCCCCCCCCCCC(C)[N+](C)(C)CCCCC[N+](C)(C)C(C)CCCCCCCCCCC.[Br-].[Br-],41.0,684.8150000000006,"InChI=1S/C35H76N2.2BrH/c1-9-11-13-15-17-19-21-23-26-30-34(3)36(5,6)32-28-25-29-33-37(7,8)35(4)31-27-24-22-20-18-16-14-12-10-2;;/h34-35H,9-33H2,1-8H3;2*1H/q+2;;/p-2",10.1016/j.ces.2022.118208,10.3390/molecules24234380
CCCCCCCCCCCC(C)[N+](C)(C)CCCCCC[N+](C)(C)C(C)CCCCCCCCCCC.[Br-].[Br-],40.8,698.8420000000006,"InChI=1S/C36H78N2.2BrH/c1-9-11-13-15-17-19-21-23-27-31-35(3)37(5,6)33-29-25-26-30-34-38(7,8)36(4)32-28-24-22-20-18-16-14-12-10-2;;/h35-36H,9-34H2,1-8H3;2*1H/q+2;;/p-2",10.1016/j.ces.2022.118208,10.3390/molecules24234380
CCCCCCCCCCCC(C)[N+](C)(C)CCCCCCCC[N+](C)(C)C(C)CCCCCCCCCCC.[Br-].[Br-],43.3,726.8960000000004,"InChI=1S/C38H82N2.2BrH/c1-9-11-13-15-17-19-21-25-29-33-37(3)39(5,6)35-31-27-23-24-28-32-36-40(7,8)38(4)34-30-26-22-20-18-16-14-12-10-2;;/h37-38H,9-36H2,1-8H3;2*1H/q+2;;/p-2",10.1016/j.ces.2022.118208,10.3390/molecules24234380
CCCCCCCCCCCC(C)[N+](C)(C)CCCCCCCCCC[N+](C)(C)C(C)CCCCCCCCCCC.[Br-].[Br-],43.3,754.9500000000003,"InChI=1S/C40H86N2.2BrH/c1-9-11-13-15-17-19-23-27-31-35-39(3)41(5,6)37-33-29-25-21-22-26-30-34-38-42(7,8)40(4)36-32-28-24-20-18-16-14-12-10-2;;/h39-40H,9-38H2,1-8H3;2*1H/q+2;;/p-2",10.1016/j.ces.2022.118208,10.3390/molecules24234380
CCCCCCCCCCCC(C)[N+](C)(C)CCCCCCCCCCCC[N+](C)(C)C(C)CCCCCCCCCCC.[Br-].[Br-],41.4,783.0040000000001,"InChI=1S/C42H90N2.2BrH/c1-9-11-13-15-17-21-25-29-33-37-41(3)43(5,6)39-35-31-27-23-19-20-24-28-32-36-40-44(7,8)42(4)38-34-30-26-22-18-16-14-12-10-2;;/h41-42H,9-40H2,1-8H3;2*1H/q+2;;/p-2",10.1016/j.ces.2022.118208,10.3390/molecules24234380
CCCCCCCCCCCC(=O)OCC[N+](C)(C)CC(O)C[N+](C)(C)CCOC(=O)CCCCCCC.[Cl-].[Cl-],30.4,615.7680000000003,"InChI=1S/C31H64N2O5.2ClH/c1-7-9-11-13-14-15-16-18-20-22-31(36)38-26-24-33(5,6)28-29(34)27-32(3,4)23-25-37-30(35)21-19-17-12-10-8-2;;/h29,34H,7-28H2,1-6H3;2*1H/q+2;;/p-2",10.1016/j.ces.2022.118208,10.1007/s11743-010-1207-6
CCCCCCCCCCCC(=O)OCC[N+](C)(C)CC(O)C[N+](C)(C)CCOC(=O)CCCCCCCCC.[Cl-].[Cl-],36.2,643.8220000000001,"InChI=1S/C33H68N2O5.2ClH/c1-7-9-11-13-15-16-18-20-22-24-33(38)40-28-26-35(5,6)30-31(36)29-34(3,4)25-27-39-32(37)23-21-19-17-14-12-10-8-2;;/h31,36H,7-30H2,1-6H3;2*1H/q+2;;/p-2",10.1016/j.ces.2022.118208,10.1007/s11743-010-1207-6
CCCCCCCCCCCCCC(=O)OCC[N+](C)(C)CC(O)C[N+](C)(C)CCOC(=O)CCCCCCCCCCC.[Cl-].[Cl-],40.0,699.9299999999998,"InChI=1S/C37H76N2O5.2ClH/c1-7-9-11-13-15-17-18-20-22-24-26-28-37(42)44-32-30-39(5,6)34-35(40)33-38(3,4)29-31-43-36(41)27-25-23-21-19-16-14-12-10-8-2;;/h35,40H,7-34H2,1-6H3;2*1H/q+2;;/p-2",10.1016/j.ces.2022.118208,10.1007/s11743-010-1207-6
CCCCCCCCCCCCCCCC(=O)OCC[N+](C)(C)CC(O)C[N+](C)(C)CCOC(=O)CCCCCCCCCCC.[Cl-].[Cl-],45.2,727.9839999999997,"InChI=1S/C39H80N2O5.2ClH/c1-7-9-11-13-15-17-18-19-20-22-24-26-28-30-39(44)46-34-32-41(5,6)36-37(42)35-40(3,4)31-33-45-38(43)29-27-25-23-21-16-14-12-10-8-2;;/h37,42H,7-36H2,1-6H3;2*1H/q+2;;/p-2",10.1016/j.ces.2022.118208,10.1007/s11743-010-1207-6
CCCCCCCCCCCC[n+]1ccc(C=Nc2cc[n+](CCCCCCCCCCCC)cc2)cc1.[Br-].[Br-],28.7,681.6860000000007,"InChI=1S/C35H59N3.2BrH/c1-3-5-7-9-11-13-15-17-19-21-27-37-29-23-34(24-30-37)33-36-35-25-31-38(32-26-35)28-22-20-18-16-14-12-10-8-6-4-2;;/h23-26,29-33H,3-22,27-28H2,1-2H3;2*1H/q+2;;/p-2",10.1016/j.ces.2022.118208,10.1007/s11743-016-1824-9
CCCCCCCCC(CCCCCCCC)C[N+](C)(C)CCO.[Cl-],25.3,378.08500000000004,"InChI=1S/C22H48NO.ClH/c1-5-7-9-11-13-15-17-22(21-23(3,4)19-20-24)18-16-14-12-10-8-6-2;/h22,24H,5-21H2,1-4H3;1H/q+1;/p-1",10.1016/j.ces.2022.118208,10.1039/C5RA22115C
CCCCCCCCCCOc1ccc(C[n+]2ccn(C)c2)cc1.[Br-],39.0,409.41200000000003,"InChI=1S/C21H33N2O.BrH/c1-3-4-5-6-7-8-9-10-17-24-21-13-11-20(12-14-21)18-23-16-15-22(2)19-23;/h11-16,19H,3-10,17-18H2,1-2H3;1H/q+1;/p-1",10.1016/j.ces.2022.118208,10.1002/ejlt.201000437
CCCCCCCCCCCCOc1ccc(C[n+]2ccn(C)c2)cc1.[Br-],37.9,437.46600000000007,"InChI=1S/C23H37N2O.BrH/c1-3-4-5-6-7-8-9-10-11-12-19-26-23-15-13-22(14-16-23)20-25-18-17-24(2)21-25;/h13-18,21H,3-12,19-20H2,1-2H3;1H/q+1;/p-1",10.1016/j.ces.2022.118208,10.1002/ejlt.201000437
CCCCCCCCCCCCCCOc1ccc(C[n+]2ccn(C)c2)cc1.[Br-],35.8,465.52000000000004,"InChI=1S/C25H41N2O.BrH/c1-3-4-5-6-7-8-9-10-11-12-13-14-21-28-25-17-15-24(16-18-25)22-27-20-19-26(2)23-27;/h15-20,23H,3-14,21-22H2,1-2H3;1H/q+1;/p-1",10.1016/j.ces.2022.118208,10.1002/ejlt.201000437
CCCCCCCCCCCCCCCCOc1ccc(C[n+]2ccn(C)c2)cc1.[Br-],37.9,493.574,"InChI=1S/C27H45N2O.BrH/c1-3-4-5-6-7-8-9-10-11-12-13-14-15-16-23-30-27-19-17-26(18-20-27)24-29-22-21-28(2)25-29;/h17-22,25H,3-16,23-24H2,1-2H3;1H/q+1;/p-1",10.1016/j.ces.2022.118208,10.1002/ejlt.201000437
CCCCCCCCCCOc1ccc(C[n+]2ccn(CCCn3cc[n+](Cc4ccc(OCCCCCCCCCC)cc4)c3)c2)cc1.[Br-].[Br-],37.2,830.8349999999999,"InChI=1S/C43H66N4O2.2BrH/c1-3-5-7-9-11-13-15-17-34-48-42-24-20-40(21-25-42)36-46-32-30-44(38-46)28-19-29-45-31-33-47(39-45)37-41-22-26-43(27-23-41)49-35-18-16-14-12-10-8-6-4-2;;/h20-27,30-33,38-39H,3-19,28-29,34-37H2,1-2H3;2*1H/q+2;;/p-2",10.1016/j.ces.2022.118208,10.1002/ejlt.201000437
CCCCCCCCCCCCOc1ccc(C[n+]2ccn(CCCn3cc[n+](Cc4ccc(OCCCCCCCCCCCC)cc4)c3)c2)cc1.[Br-].[Br-],32.8,886.9429999999995,"InChI=1S/C47H74N4O2.2BrH/c1-3-5-7-9-11-13-15-17-19-21-38-52-46-28-24-44(25-29-46)40-50-36-34-48(42-50)32-23-33-49-35-37-51(43-49)41-45-26-30-47(31-27-45)53-39-22-20-18-16-14-12-10-8-6-4-2;;/h24-31,34-37,42-43H,3-23,32-33,38-41H2,1-2H3;2*1H/q+2;;/p-2",10.1016/j.ces.2022.118208,10.1002/ejlt.201000437
CCCCCCCCCCCCCCOc1ccc(C[n+]2ccn(CCCn3cc[n+](Cc4ccc(OCCCCCCCCCCCCCC)cc4)c3)c2)cc1.[Br-].[Br-],42.6,943.0509999999994,"InChI=1S/C51H82N4O2.2BrH/c1-3-5-7-9-11-13-15-17-19-21-23-25-42-56-50-32-28-48(29-33-50)44-54-40-38-52(46-54)36-27-37-53-39-41-55(47-53)45-49-30-34-51(35-31-49)57-43-26-24-22-20-18-16-14-12-10-8-6-4-2;;/h28-35,38-41,46-47H,3-27,36-37,42-45H2,1-2H3;2*1H/q+2;;/p-2",10.1016/j.ces.2022.118208,10.1002/ejlt.201000437
CCCCCCCCCCOc1ccc(C[n+]2ccn(CCCCCCn3cc[n+](Cc4ccc(OCCCCCCCCCC)cc4)c3)c2)cc1.[Br-].[Br-],39.8,872.9159999999997,"InChI=1S/C46H72N4O2.2BrH/c1-3-5-7-9-11-13-17-21-37-51-45-27-23-43(24-28-45)39-49-35-33-47(41-49)31-19-15-16-20-32-48-34-36-50(42-48)40-44-25-29-46(30-26-44)52-38-22-18-14-12-10-8-6-4-2;;/h23-30,33-36,41-42H,3-22,31-32,37-40H2,1-2H3;2*1H/q+2;;/p-2",10.1016/j.ces.2022.118208,10.1002/ejlt.201000437
CCCCCCCCCCCCOc1ccc(C[n+]2ccn(CCCCCCn3cc[n+](Cc4ccc(OCCCCCCCCCCCC)cc4)c3)c2)cc1.[Br-].[Br-],42.8,929.0239999999997,"InChI=1S/C50H80N4O2.2BrH/c1-3-5-7-9-11-13-15-17-21-25-41-55-49-31-27-47(28-32-49)43-53-39-37-51(45-53)35-23-19-20-24-36-52-38-40-54(46-52)44-48-29-33-50(34-30-48)56-42-26-22-18-16-14-12-10-8-6-4-2;;/h27-34,37-40,45-46H,3-26,35-36,41-44H2,1-2H3;2*1H/q+2;;/p-2",10.1016/j.ces.2022.118208,10.1002/ejlt.201000437
CCCCCCCCCCCCCCOc1ccc(C[n+]2ccn(CCCCCCn3cc[n+](Cc4ccc(OCCCCCCCCCCCCCC)cc4)c3)c2)cc1.[Br-].[Br-],48.7,985.1319999999994,"InChI=1S/C54H88N4O2.2BrH/c1-3-5-7-9-11-13-15-17-19-21-25-29-45-59-53-35-31-51(32-36-53)47-57-43-41-55(49-57)39-27-23-24-28-40-56-42-44-58(50-56)48-52-33-37-54(38-34-52)60-46-30-26-22-20-18-16-14-12-10-8-6-4-2;;/h31-38,41-44,49-50H,3-30,39-40,45-48H2,1-2H3;2*1H/q+2;;/p-2",10.1016/j.ces.2022.118208,10.1002/ejlt.201000437
CCCCCCCCCC[N+]1(CCCC[N+]2(CCCCCCCCCC)CCCC2)CCCC1.[Br-].[Br-],39.1,638.7020000000005,"InChI=1S/C32H66N2.2BrH/c1-3-5-7-9-11-13-15-17-25-33(27-19-20-28-33)31-23-24-32-34(29-21-22-30-34)26-18-16-14-12-10-8-6-4-2;;/h3-32H2,1-2H3;2*1H/q+2;;/p-2",10.1016/j.ces.2022.118208,10.1016/j.jcis.2011.12.025
CCCCCCCCCCCC[N+]1(CCCC[N+]2(CCCCCCCCCCCC)CCCC2)CCCC1.[Br-].[Br-],38.1,694.8100000000005,"InChI=1S/C36H74N2.2BrH/c1-3-5-7-9-11-13-15-17-19-21-29-37(31-23-24-32-37)35-27-28-36-38(33-25-26-34-38)30-22-20-18-16-14-12-10-8-6-4-2;;/h3-36H2,1-2H3;2*1H/q+2;;/p-2",10.1016/j.ces.2022.118208,10.1016/j.jcis.2011.12.025
CCCCCCCCCCCCCC[N+]1(CCCC[N+]2(CCCCCCCCCCCCCC)CCCC2)CCCC1.[Br-].[Br-],38.0,750.9180000000002,"InChI=1S/C40H82N2.2BrH/c1-3-5-7-9-11-13-15-17-19-21-23-25-33-41(35-27-28-36-41)39-31-32-40-42(37-29-30-38-42)34-26-24-22-20-18-16-14-12-10-8-6-4-2;;/h3-40H2,1-2H3;2*1H/q+2;;/p-2",10.1016/j.ces.2022.118208,10.1016/j.jcis.2011.12.025
CCCCCCCCCCCCCCCC[N+]1(CCCC[N+]2(CCCCCCCCCCCCCCCC)CCCC2)CCCC1.[Br-].[Br-],37.6,807.026,"InChI=1S/C44H90N2.2BrH/c1-3-5-7-9-11-13-15-17-19-21-23-25-27-29-37-45(39-31-32-40-45)43-35-36-44-46(41-33-34-42-46)38-30-28-26-24-22-20-18-16-14-12-10-8-6-4-2;;/h3-44H2,1-2H3;2*1H/q+2;;/p-2",10.1016/j.ces.2022.118208,10.1016/j.jcis.2011.12.025
CCCCCCCCCCCC(=O)OCC(O)CN(CCCCC([N+])C(=O)OC)CC(O)CO.[Cl-],33.0,524.1190000000006,"InChI=1S/C25H48N2O7.ClH/c1-3-4-5-6-7-8-9-10-11-15-24(31)34-20-22(30)18-27(17-21(29)19-28)16-13-12-14-23(26)25(32)33-2;/h21-23,28-30H,3-20H2,1-2H3;1H/q+1;/p-1",10.1016/j.ces.2022.118208,10.1021/la901675p
CCCCCCCCCCCCCC(=O)OCC(O)CN(CCCCC([N+])C(=O)OC)CC(O)CO.[Cl-],31.0,552.1730000000007,"InChI=1S/C27H52N2O7.ClH/c1-3-4-5-6-7-8-9-10-11-12-13-17-26(33)36-22-24(32)20-29(19-23(31)21-30)18-15-14-16-25(28)27(34)35-2;/h23-25,30-32H,3-22H2,1-2H3;1H/q+1;/p-1",10.1016/j.ces.2022.118208,10.1021/la901675p
CCCCCCCCCCCC(=O)OCC(O)CN(CCCCC([N+])C(=O)OC)CC(O)COC(=O)CCCCCCCCCCC.[Cl-],24.5,706.4259999999998,"InChI=1S/C37H70N2O8.ClH/c1-4-6-8-10-12-14-16-18-20-25-35(42)46-30-32(40)28-39(27-23-22-24-34(38)37(44)45-3)29-33(41)31-47-36(43)26-21-19-17-15-13-11-9-7-5-2;/h32-34,40-41H,4-31H2,1-3H3;1H/q+1;/p-1",10.1016/j.ces.2022.118208,10.1021/la901675p
CCCCCCCCCCCCCC(=O)OCC(O)CN(CCCCC([N+])C(=O)OC)CC(O)COC(=O)CCCCCCCCCCCCC.[Cl-],25.0,762.5339999999998,"InChI=1S/C41H78N2O8.ClH/c1-4-6-8-10-12-14-16-18-20-22-24-29-39(46)50-34-36(44)32-43(31-27-26-28-38(42)41(48)49-3)33-37(45)35-51-40(47)30-25-23-21-19-17-15-13-11-9-7-5-2;/h36-38,44-45H,4-35H2,1-3H3;1H/q+1;/p-1",10.1016/j.ces.2022.118208,10.1021/la901675p
CCCCCCCC[N+](C)(C)CCCNC(=[N+])N(C)C.[Br-].[Br-],35.9,444.3,"InChI=1S/C16H36N4.2BrH/c1-6-7-8-9-10-11-14-20(4,5)15-12-13-18-16(17)19(2)3;;/h18H,6-15H2,1-5H3;2*1H/q+2;;/p-2",10.1016/j.ces.2022.118208,10.1007/s11743-012-1417-1
CCCCCCCCCC[N+](C)(C)CCCNC(=[N+])N(C)C.[Br-].[Br-],33.7,472.354,"InChI=1S/C18H40N4.2BrH/c1-6-7-8-9-10-11-12-13-16-22(4,5)17-14-15-20-18(19)21(2)3;;/h20H,6-17H2,1-5H3;2*1H/q+2;;/p-2",10.1016/j.ces.2022.118208,10.1007/s11743-012-1417-1
CCCCCCCCCCCC[N+](C)(C)CCCNC(=[N+])N(C)C.[Br-].[Br-],31.9,500.40799999999996,"InChI=1S/C20H44N4.2BrH/c1-6-7-8-9-10-11-12-13-14-15-18-24(4,5)19-16-17-22-20(21)23(2)3;;/h22H,6-19H2,1-5H3;2*1H/q+2;;/p-2",10.1016/j.ces.2022.118208,10.1007/s11743-012-1417-1
CCCCCCCCCCCCCCCCCC[N+](C)(C)CC(O)COCCOCCOCCOCCOCCOCCOCCOCCOCCOCCCCCCCCCCCC.[Cl-],42.1,972.9119999999989,"InChI=1S/C53H110NO11.ClH/c1-5-7-9-11-13-15-17-18-19-20-21-22-23-25-27-29-31-54(3,4)51-53(55)52-65-50-49-64-48-47-63-46-45-62-44-43-61-42-41-60-40-39-59-38-37-58-36-35-57-34-33-56-32-30-28-26-24-16-14-12-10-8-6-2;/h53,55H,5-52H2,1-4H3;1H/q+1;/p-1",10.1016/j.ces.2022.118208,10.1080/01932691.2015.1120676
CCCCCCCCCCCCCCCCCC[N+](C)(C)CC(O)CN1CCN(CC(O)C[N+](C)(C)CCCCCCCCCCCCCCCCCC)CC1.[Cl-].[Cl-],40.9,866.3299999999994,"InChI=1S/C50H106N4O2.2ClH/c1-7-9-11-13-15-17-19-21-23-25-27-29-31-33-35-37-43-53(3,4)47-49(55)45-51-39-41-52(42-40-51)46-50(56)48-54(5,6)44-38-36-34-32-30-28-26-24-22-20-18-16-14-12-10-8-2;;/h49-50,55-56H,7-48H2,1-6H3;2*1H/q+2;;/p-2",10.1016/j.ces.2022.118208,10.1080/01932691.2014.986737
CCCCCCCCCCCCCCCC[N+](C)(C)CC(O)CN1CCN(CC(O)C[N+](C)(C)CCCCCCCCCCCCCCCC)CC1.[Cl-].[Cl-],36.5,810.2219999999995,"InChI=1S/C46H98N4O2.2ClH/c1-7-9-11-13-15-17-19-21-23-25-27-29-31-33-39-49(3,4)43-45(51)41-47-35-37-48(38-36-47)42-46(52)44-50(5,6)40-34-32-30-28-26-24-22-20-18-16-14-12-10-8-2;;/h45-46,51-52H,7-44H2,1-6H3;2*1H/q+2;;/p-2",10.1016/j.ces.2022.118208,10.1080/01932691.2014.986737
CCCCCCCCCCCC[N+](C)(C)CC(O)CN1CCN(CC(O)C[N+](C)(C)CCCCCCCCCCCC)CC1.[Cl-].[Cl-],37.6,698.0060000000001,"InChI=1S/C38H82N4O2.2ClH/c1-7-9-11-13-15-17-19-21-23-25-31-41(3,4)35-37(43)33-39-27-29-40(30-28-39)34-38(44)36-42(5,6)32-26-24-22-20-18-16-14-12-10-8-2;;/h37-38,43-44H,7-36H2,1-6H3;2*1H/q+2;;/p-2",10.1016/j.ces.2022.118208,10.1080/01932691.2014.986737
CCCCCCCCOCC(COCCCCCCCC)(C[N+](C)(C)C)C[N+](C)(C)C.[I-].[I-],40.9,698.5970000000004,"InChI=1S/C27H60N2O2.2HI/c1-9-11-13-15-17-19-21-30-25-27(23-28(3,4)5,24-29(6,7)8)26-31-22-20-18-16-14-12-10-2;;/h9-26H2,1-8H3;2*1H/q+2;;/p-2",10.1016/j.ces.2022.118208,10.1016/j.jcis.2014.02.017
CCCCCCCCCCOCC(COCCCCCCCCCC)(C[N+](C)(C)C)C[N+](C)(C)C.[I-].[I-],39.6,754.7050000000006,"InChI=1S/C31H68N2O2.2HI/c1-9-11-13-15-17-19-21-23-25-34-29-31(27-32(3,4)5,28-33(6,7)8)30-35-26-24-22-20-18-16-14-12-10-2;;/h9-30H2,1-8H3;2*1H/q+2;;/p-2",10.1016/j.ces.2022.118208,10.1016/j.jcis.2014.02.017
CCCCCCCCCCCCOCC(COCCCCCCCCCCCC)(C[N+](C)(C)C)C[N+](C)(C)C.[I-].[I-],40.8,810.8130000000006,"InChI=1S/C35H76N2O2.2HI/c1-9-11-13-15-17-19-21-23-25-27-29-38-33-35(31-36(3,4)5,32-37(6,7)8)34-39-30-28-26-24-22-20-18-16-14-12-10-2;;/h9-34H2,1-8H3;2*1H/q+2;;/p-2",10.1016/j.ces.2022.118208,10.1016/j.jcis.2014.02.017
CCCCCCCCCCCCCCOCC(COCCCCCCCCCCCCCC)(C[N+](C)(C)C)C[N+](C)(C)C.[I-].[I-],39.1,866.9210000000003,"InChI=1S/C39H84N2O2.2HI/c1-9-11-13-15-17-19-21-23-25-27-29-31-33-42-37-39(35-40(3,4)5,36-41(6,7)8)38-43-34-32-30-28-26-24-22-20-18-16-14-12-10-2;;/h9-38H2,1-8H3;2*1H/q+2;;/p-2",10.1016/j.ces.2022.118208,10.1016/j.jcis.2014.02.017
CCCCCCCCOCC(CC[N+](C)(C)C)(CC[N+](C)(C)C)COCCCCCCCC.[I-].[I-],32.2,726.6510000000005,"InChI=1S/C29H64N2O2.2HI/c1-9-11-13-15-17-19-25-32-27-29(21-23-30(3,4)5,22-24-31(6,7)8)28-33-26-20-18-16-14-12-10-2;;/h9-28H2,1-8H3;2*1H/q+2;;/p-2",10.1016/j.ces.2022.118208,10.1016/j.jcis.2014.02.017
CCCCCCCCCCOCC(CC[N+](C)(C)C)(CC[N+](C)(C)C)COCCCCCCCCCC.[I-].[I-],32.2,782.7590000000005,"InChI=1S/C33H72N2O2.2HI/c1-9-11-13-15-17-19-21-23-29-36-31-33(25-27-34(3,4)5,26-28-35(6,7)8)32-37-30-24-22-20-18-16-14-12-10-2;;/h9-32H2,1-8H3;2*1H/q+2;;/p-2",10.1016/j.ces.2022.118208,10.1016/j.jcis.2014.02.017
CCCCCCCCCCCCOCC(CC[N+](C)(C)C)(CC[N+](C)(C)C)COCCCCCCCCCCCC.[I-].[I-],33.5,838.8670000000004,"InChI=1S/C37H80N2O2.2HI/c1-9-11-13-15-17-19-21-23-25-27-33-40-35-37(29-31-38(3,4)5,30-32-39(6,7)8)36-41-34-28-26-24-22-20-18-16-14-12-10-2;;/h9-36H2,1-8H3;2*1H/q+2;;/p-2",10.1016/j.ces.2022.118208,10.1016/j.jcis.2014.02.017
CCCCCCCCCCCCCCOCC(CC[N+](C)(C)C)(CC[N+](C)(C)C)COCCCCCCCCCCCCCC.[I-].[I-],23.5,894.9750000000001,"InChI=1S/C41H88N2O2.2HI/c1-9-11-13-15-17-19-21-23-25-27-29-31-37-44-39-41(33-35-42(3,4)5,34-36-43(6,7)8)40-45-38-32-30-28-26-24-22-20-18-16-14-12-10-2;;/h9-40H2,1-8H3;2*1H/q+2;;/p-2",10.1016/j.ces.2022.118208,10.1016/j.jcis.2014.02.017
CCCCCCCCOCC(CCC[N+](C)(C)C)(CCC[N+](C)(C)C)COCCCCCCCC.[I-].[I-],31.4,754.7050000000006,"InChI=1S/C31H68N2O2.2HI/c1-9-11-13-15-17-19-27-34-29-31(23-21-25-32(3,4)5,24-22-26-33(6,7)8)30-35-28-20-18-16-14-12-10-2;;/h9-30H2,1-8H3;2*1H/q+2;;/p-2",10.1016/j.ces.2022.118208,10.1016/j.jcis.2014.02.017
CCCCCCCCCCOCC(CCC[N+](C)(C)C)(CCC[N+](C)(C)C)COCCCCCCCCCC.[I-].[I-],32.0,810.8130000000006,"InChI=1S/C35H76N2O2.2HI/c1-9-11-13-15-17-19-21-23-31-38-33-35(27-25-29-36(3,4)5,28-26-30-37(6,7)8)34-39-32-24-22-20-18-16-14-12-10-2;;/h9-34H2,1-8H3;2*1H/q+2;;/p-2",10.1016/j.ces.2022.118208,10.1016/j.jcis.2014.02.017
CCCCCCCCCCCCOCC(CCC[N+](C)(C)C)(CCC[N+](C)(C)C)COCCCCCCCCCCCC.[I-].[I-],33.0,866.9210000000002,"InChI=1S/C39H84N2O2.2HI/c1-9-11-13-15-17-19-21-23-25-27-35-42-37-39(31-29-33-40(3,4)5,32-30-34-41(6,7)8)38-43-36-28-26-24-22-20-18-16-14-12-10-2;;/h9-38H2,1-8H3;2*1H/q+2;;/p-2",10.1016/j.ces.2022.118208,10.1016/j.jcis.2014.02.017
CCCCCCCCCCCCCCOCC(CCC[N+](C)(C)C)(CCC[N+](C)(C)C)COCCCCCCCCCCCCCC.[I-].[I-],33.0,923.029,"InChI=1S/C43H92N2O2.2HI/c1-9-11-13-15-17-19-21-23-25-27-29-31-39-46-41-43(35-33-37-44(3,4)5,36-34-38-45(6,7)8)42-47-40-32-30-28-26-24-22-20-18-16-14-12-10-2;;/h9-42H2,1-8H3;2*1H/q+2;;/p-2",10.1016/j.ces.2022.118208,10.1016/j.jcis.2014.02.017
CCCCCCCCOCC(COCCCCCCCC)(COCC[N+](C)(C)C)COCC[N+](C)(C)C.[I-].[I-],31.4,786.7030000000005,"InChI=1S/C31H68N2O4.2HI/c1-9-11-13-15-17-19-23-34-27-31(29-36-25-21-32(3,4)5,30-37-26-22-33(6,7)8)28-35-24-20-18-16-14-12-10-2;;/h9-30H2,1-8H3;2*1H/q+2;;/p-2",10.1016/j.ces.2022.118208,10.1016/j.jcis.2014.02.017
CCCCCCCCCCOCC(COCCCCCCCCCC)(COCC[N+](C)(C)C)COCC[N+](C)(C)C.[I-].[I-],32.2,842.8110000000003,"InChI=1S/C35H76N2O4.2HI/c1-9-11-13-15-17-19-21-23-27-38-31-35(33-40-29-25-36(3,4)5,34-41-30-26-37(6,7)8)32-39-28-24-22-20-18-16-14-12-10-2;;/h9-34H2,1-8H3;2*1H/q+2;;/p-2",10.1016/j.ces.2022.118208,10.1016/j.jcis.2014.02.017
CCCCCCCCCCCCOCC(COCCCCCCCCCCCC)(COCC[N+](C)(C)C)COCC[N+](C)(C)C.[I-].[I-],31.5,898.9190000000002,"InChI=1S/C39H84N2O4.2HI/c1-9-11-13-15-17-19-21-23-25-27-31-42-35-39(37-44-33-29-40(3,4)5,38-45-34-30-41(6,7)8)36-43-32-28-26-24-22-20-18-16-14-12-10-2;;/h9-38H2,1-8H3;2*1H/q+2;;/p-2",10.1016/j.ces.2022.118208,10.1016/j.jcis.2014.02.017
CCCCCCCCCCCCCCOCC(COCCCCCCCCCCCCCC)(COCC[N+](C)(C)C)COCC[N+](C)(C)C.[I-].[I-],32.7,955.0269999999998,"InChI=1S/C43H92N2O4.2HI/c1-9-11-13-15-17-19-21-23-25-27-29-31-35-46-39-43(41-48-37-33-44(3,4)5,42-49-38-34-45(6,7)8)40-47-36-32-30-28-26-24-22-20-18-16-14-12-10-2;;/h9-42H2,1-8H3;2*1H/q+2;;/p-2",10.1016/j.ces.2022.118208,10.1016/j.jcis.2014.02.017
CCCCCCCCOCC(COCCCCCCCC)(COCCC[N+](C)(C)C)COCCC[N+](C)(C)C.[I-].[I-],36.7,814.7570000000004,"InChI=1S/C33H72N2O4.2HI/c1-9-11-13-15-17-19-25-36-29-33(31-38-27-21-23-34(3,4)5,32-39-28-22-24-35(6,7)8)30-37-26-20-18-16-14-12-10-2;;/h9-32H2,1-8H3;2*1H/q+2;;/p-2",10.1016/j.ces.2022.118208,10.1016/j.jcis.2014.02.017
CCCCCCCCCCOCC(COCCCCCCCCCC)(COCCC[N+](C)(C)C)COCCC[N+](C)(C)C.[I-].[I-],35.2,870.8650000000001,"InChI=1S/C37H80N2O4.2HI/c1-9-11-13-15-17-19-21-23-29-40-33-37(35-42-31-25-27-38(3,4)5,36-43-32-26-28-39(6,7)8)34-41-30-24-22-20-18-16-14-12-10-2;;/h9-36H2,1-8H3;2*1H/q+2;;/p-2",10.1016/j.ces.2022.118208,10.1016/j.jcis.2014.02.017
CCCCCCCCCCCCOCC(COCCCCCCCCCCCC)(COCCC[N+](C)(C)C)COCCC[N+](C)(C)C.[I-].[I-],34.3,926.9730000000001,"InChI=1S/C41H88N2O4.2HI/c1-9-11-13-15-17-19-21-23-25-27-33-44-37-41(39-46-35-29-31-42(3,4)5,40-47-36-30-32-43(6,7)8)38-45-34-28-26-24-22-20-18-16-14-12-10-2;;/h9-40H2,1-8H3;2*1H/q+2;;/p-2",10.1016/j.ces.2022.118208,10.1016/j.jcis.2014.02.017
CCCCCCCCCCCCCCOCC(COCCCCCCCCCCCCCC)(COCCC[N+](C)(C)C)COCCC[N+](C)(C)C.[I-].[I-],35.0,983.0809999999997,"InChI=1S/C45H96N2O4.2HI/c1-9-11-13-15-17-19-21-23-25-27-29-31-37-48-41-45(43-50-39-33-35-46(3,4)5,44-51-40-34-36-47(6,7)8)42-49-38-32-30-28-26-24-22-20-18-16-14-12-10-2;;/h9-44H2,1-8H3;2*1H/q+2;;/p-2",10.1016/j.ces.2022.118208,10.1016/j.jcis.2014.02.017
CCCCCCCCCCCC[N+](C)(C)C.[Br-],35.8,308.34799999999996,"InChI=1S/C15H34N.BrH/c1-5-6-7-8-9-10-11-12-13-14-15-16(2,3)4;/h5-15H2,1-4H3;1H/q+1;/p-1",10.1016/j.ces.2022.118208,10.1016/j.jcis.2014.02.017
C=CC(O)OC(C[N+](C)(C)CCCCCCCCCCCC)C[N+](C)(C)CCCCCCCCCCCC.[Cl-].[Cl-],31.6,611.8680000000004,"InChI=1S/C34H72N2O2.2ClH/c1-8-11-13-15-17-19-21-23-25-27-29-35(4,5)31-33(38-34(37)10-3)32-36(6,7)30-28-26-24-22-20-18-16-14-12-9-2;;/h10,33-34,37H,3,8-9,11-32H2,1-2,4-7H3;2*1H/q+2;;/p-2",10.1016/j.ces.2022.118208,10.1007/s11743-010-1211-x
CCCCCCCCCCCCN=Cc1ccc([N+](C)(CC)CC)cc1.[I-],44.8,486.52600000000024,"InChI=1S/C24H43N2.HI/c1-5-8-9-10-11-12-13-14-15-16-21-25-22-23-17-19-24(20-18-23)26(4,6-2)7-3;/h17-20,22H,5-16,21H2,1-4H3;1H/q+1;/p-1",10.1016/j.ces.2022.118208, 10.1007/s11743-009-1156-0
CCCCCCCCCCCCCCN=Cc1ccc([N+](C)(CC)CC)cc1.[I-],40.8,514.5800000000004,"InChI=1S/C26H47N2.HI/c1-5-8-9-10-11-12-13-14-15-16-17-18-23-27-24-25-19-21-26(22-20-25)28(4,6-2)7-3;/h19-22,24H,5-18,23H2,1-4H3;1H/q+1;/p-1",10.1016/j.ces.2022.118208, 10.1007/s11743-009-1156-0
CCCCCCCCCCCCCCCCN=Cc1ccc([N+](C)(CC)CC)cc1.[I-],33.0,542.6340000000005,"InChI=1S/C28H51N2.HI/c1-5-8-9-10-11-12-13-14-15-16-17-18-19-20-25-29-26-27-21-23-28(24-22-27)30(4,6-2)7-3;/h21-24,26H,5-20,25H2,1-4H3;1H/q+1;/p-1",10.1016/j.ces.2022.118208, 10.1007/s11743-009-1156-0
CCCCCCCCCCCCCCCCCCN=Cc1ccc([N+](C)(CC)CC)cc1.[I-],36.8,570.6880000000006,"InChI=1S/C30H55N2.HI/c1-5-8-9-10-11-12-13-14-15-16-17-18-19-20-21-22-27-31-28-29-23-25-30(26-24-29)32(4,6-2)7-3;/h23-26,28H,5-22,27H2,1-4H3;1H/q+1;/p-1",10.1016/j.ces.2022.118208, 10.1007/s11743-009-1156-0
CCCCCCCCCCCC[N+](C)(C)C.[Cl-],40.5,263.89699999999993,"InChI=1S/C15H34N.ClH/c1-5-6-7-8-9-10-11-12-13-14-15-16(2,3)4;/h5-15H2,1-4H3;1H/q+1;/p-1",10.1016/j.ces.2022.118208,10.1016/j.colsurfa.2012.11.004
CCCCCCCCN(CCC[N+](C)(C)CCCCCCCC)C(=[N+])N(C)C.[Cl-].[Cl-],28.1,467.61400000000015,"InChI=1S/C24H52N4.2ClH/c1-7-9-11-13-15-17-20-27(24(25)26(3)4)21-19-23-28(5,6)22-18-16-14-12-10-8-2;;/h7-23H2,1-6H3;2*1H/q+2;;/p-2",10.1016/j.ces.2022.118208,10.1016/j.colsurfa.2012.11.004
CCCCCCCCCCN(CCC[N+](C)(C)CCCCCCCCCC)C(=[N+])N(C)C.[Cl-].[Cl-],28.5,523.7220000000003,"InChI=1S/C28H60N4.2ClH/c1-7-9-11-13-15-17-19-21-24-31(28(29)30(3)4)25-23-27-32(5,6)26-22-20-18-16-14-12-10-8-2;;/h7-27H2,1-6H3;2*1H/q+2;;/p-2",10.1016/j.ces.2022.118208,10.1016/j.colsurfa.2012.11.004
CCCCCCCCCCCCN(CCC[N+](C)(C)CCCCCCCCCCCC)C(=[N+])N(C)C.[Cl-].[Cl-],29.4,579.8300000000005,"InChI=1S/C32H68N4.2ClH/c1-7-9-11-13-15-17-19-21-23-25-28-35(32(33)34(3)4)29-27-31-36(5,6)30-26-24-22-20-18-16-14-12-10-8-2;;/h7-31H2,1-6H3;2*1H/q+2;;/p-2",10.1016/j.ces.2022.118208,10.1016/j.colsurfa.2012.11.004
CCCCCCCCCC[N+](C)(C)CCOC(=O)CCC(=O)OCC[N+](C)(C)CCCCCCCCCC.[Cl-].[Cl-],39.6,613.7960000000006,"InChI=1S/C32H66N2O4.2ClH/c1-7-9-11-13-15-17-19-21-25-33(3,4)27-29-37-31(35)23-24-32(36)38-30-28-34(5,6)26-22-20-18-16-14-12-10-8-2;;/h7-30H2,1-6H3;2*1H/q+2;;/p-2",10.1016/j.ces.2022.118208,10.1016/j.molliq.2017.01.056
CCCCCCCCCCCC[N+](C)(C)CCOC(=O)CCC(=O)OCC[N+](C)(C)CCCCCCCCCCCC.[Cl-].[Cl-],34.9,669.9040000000003,"InChI=1S/C36H74N2O4.2ClH/c1-7-9-11-13-15-17-19-21-23-25-29-37(3,4)31-33-41-35(39)27-28-36(40)42-34-32-38(5,6)30-26-24-22-20-18-16-14-12-10-8-2;;/h7-34H2,1-6H3;2*1H/q+2;;/p-2",10.1016/j.ces.2022.118208,10.1016/j.molliq.2017.01.056
CCCCCCCCCCCCCC[N+](C)(C)CCOC(=O)CCC(=O)OCC[N+](C)(C)CCCCCCCCCCCCCC.[Cl-].[Cl-],32.8,726.0120000000001,"InChI=1S/C40H82N2O4.2ClH/c1-7-9-11-13-15-17-19-21-23-25-27-29-33-41(3,4)35-37-45-39(43)31-32-40(44)46-38-36-42(5,6)34-30-28-26-24-22-20-18-16-14-12-10-8-2;;/h7-38H2,1-6H3;2*1H/q+2;;/p-2",10.1016/j.ces.2022.118208,10.1016/j.molliq.2017.01.056
CCCCCCCCCCCCCCCC[N+](C)(C)CCOC(=O)CCC(=O)OCC[N+](C)(C)CCCCCCCCCCCCCCCC.[Cl-].[Cl-],36.7,782.1199999999998,"InChI=1S/C44H90N2O4.2ClH/c1-7-9-11-13-15-17-19-21-23-25-27-29-31-33-37-45(3,4)39-41-49-43(47)35-36-44(48)50-42-40-46(5,6)38-34-32-30-28-26-24-22-20-18-16-14-12-10-8-2;;/h7-42H2,1-6H3;2*1H/q+2;;/p-2",10.1016/j.ces.2022.118208,10.1016/j.molliq.2017.01.056
CCCCCCCCCCCCCCCCCC[N+](C)(C)CCOC(=O)CCC(=O)OCC[N+](C)(C)CCCCCCCCCCCCCCCCCC.[Cl-].[Cl-],32.7,838.2279999999994,"InChI=1S/C48H98N2O4.2ClH/c1-7-9-11-13-15-17-19-21-23-25-27-29-31-33-35-37-41-49(3,4)43-45-53-47(51)39-40-48(52)54-46-44-50(5,6)42-38-36-34-32-30-28-26-24-22-20-18-16-14-12-10-8-2;;/h7-46H2,1-6H3;2*1H/q+2;;/p-2",10.1016/j.ces.2022.118208,10.1016/j.molliq.2017.01.056
CCCCCCCCCC[N+](C)(C)CCOC(=O)CCCCCCC(=O)OCC[N+](C)(C)CCCCCCCCCC.[Cl-].[Cl-],32.0,669.9040000000005,"InChI=1S/C36H74N2O4.2ClH/c1-7-9-11-13-15-17-21-25-29-37(3,4)31-33-41-35(39)27-23-19-20-24-28-36(40)42-34-32-38(5,6)30-26-22-18-16-14-12-10-8-2;;/h7-34H2,1-6H3;2*1H/q+2;;/p-2",10.1016/j.ces.2022.118208,10.1016/j.molliq.2017.01.056
CCCCCCCCCCCC[N+](C)(C)CCOC(=O)CCCCCCC(=O)OCC[N+](C)(C)CCCCCCCCCCCC.[Cl-].[Cl-],39.2,726.0120000000001,"InChI=1S/C40H82N2O4.2ClH/c1-7-9-11-13-15-17-19-21-25-29-33-41(3,4)35-37-45-39(43)31-27-23-24-28-32-40(44)46-38-36-42(5,6)34-30-26-22-20-18-16-14-12-10-8-2;;/h7-38H2,1-6H3;2*1H/q+2;;/p-2",10.1016/j.ces.2022.118208,10.1016/j.molliq.2017.01.056
CCCCCCCCCCCCCC[N+](C)(C)CCOC(=O)CCCCCCC(=O)OCC[N+](C)(C)CCCCCCCCCCCCCC.[Cl-].[Cl-],32.6,782.1199999999998,"InChI=1S/C44H90N2O4.2ClH/c1-7-9-11-13-15-17-19-21-23-25-29-33-37-45(3,4)39-41-49-43(47)35-31-27-28-32-36-44(48)50-42-40-46(5,6)38-34-30-26-24-22-20-18-16-14-12-10-8-2;;/h7-42H2,1-6H3;2*1H/q+2;;/p-2",10.1016/j.ces.2022.118208,10.1016/j.molliq.2017.01.056
CCCCCCCCCCCCCCCC[N+](C)(C)CCOC(=O)CCCCCCC(=O)OCC[N+](C)(C)CCCCCCCCCCCCCCCC.[Cl-].[Cl-],30.6,838.2279999999995,"InChI=1S/C48H98N2O4.2ClH/c1-7-9-11-13-15-17-19-21-23-25-27-29-33-37-41-49(3,4)43-45-53-47(51)39-35-31-32-36-40-48(52)54-46-44-50(5,6)42-38-34-30-28-26-24-22-20-18-16-14-12-10-8-2;;/h7-46H2,1-6H3;2*1H/q+2;;/p-2",10.1016/j.ces.2022.118208,10.1016/j.molliq.2017.01.056
CCCCCCCCCCCCCCCCCC[N+](C)(C)CCOC(=O)CCCCCCC(=O)OCC[N+](C)(C)CCCCCCCCCCCCCCCCCC.[Cl-].[Cl-],33.2,894.3359999999991,"InChI=1S/C52H106N2O4.2ClH/c1-7-9-11-13-15-17-19-21-23-25-27-29-31-33-37-41-45-53(3,4)47-49-57-51(55)43-39-35-36-40-44-52(56)58-50-48-54(5,6)46-42-38-34-32-30-28-26-24-22-20-18-16-14-12-10-8-2;;/h7-50H2,1-6H3;2*1H/q+2;;/p-2",10.1016/j.ces.2022.118208,10.1016/j.molliq.2017.01.056
CCCCCCCCCCCC1=[N+](CCO)CCN1.O=C([O-])O,29.0,330.469,"InChI=1S/C16H32N2O.CH2O3/c1-2-3-4-5-6-7-8-9-10-11-16-17-12-13-18(16)14-15-19;2-1(3)4/h19H,2-15H2,1H3;(H2,2,3,4)",10.1016/j.ces.2022.118208,10.1007/s11743-012-1332-5
CCCCCCCCCCCCCC1=[N+](CCO)CCN1.O=C([O-])O,28.1,358.5230000000001,"InChI=1S/C18H36N2O.CH2O3/c1-2-3-4-5-6-7-8-9-10-11-12-13-18-19-14-15-20(18)16-17-21;2-1(3)4/h21H,2-17H2,1H3;(H2,2,3,4)",10.1016/j.ces.2022.118208,10.1007/s11743-012-1332-5
CCCCCCCCCCCCCCCC1=[N+](CCO)CCN1.O=C([O-])O,36.4,386.5770000000001,"InChI=1S/C20H40N2O.CH2O3/c1-2-3-4-5-6-7-8-9-10-11-12-13-14-15-20-21-16-17-22(20)18-19-23;2-1(3)4/h23H,2-19H2,1H3;(H2,2,3,4)",10.1016/j.ces.2022.118208,10.1007/s11743-012-1332-5
CCCCCCCCCCCCCCCCCC1=[N+](CCO)CCN1.O=C([O-])O,33.1,414.6310000000002,"InChI=1S/C22H44N2O.CH2O3/c1-2-3-4-5-6-7-8-9-10-11-12-13-14-15-16-17-22-23-18-19-24(22)20-21-25;2-1(3)4/h25H,2-21H2,1H3;(H2,2,3,4)",10.1016/j.ces.2022.118208,10.1007/s11743-012-1332-5
CCCCCCCCCC[N+]CCO.[Br-],33.0,280.25,"InChI=1S/C12H26NO.BrH/c1-2-3-4-5-6-7-8-9-10-13-11-12-14;/h14H,2-12H2,1H3;1H/q+1;/p-1",10.1016/j.ces.2022.118208,10.1007/s11743-010-1180-0
CCCCCCCCCC[N+](CCO)CCO.[Br-],29.0,325.3109999999999,"InChI=1S/C14H31NO2.BrH/c1-2-3-4-5-6-7-8-9-10-15(11-13-16)12-14-17;/h16-17H,2-14H2,1H3;1H/q+1;/p-1",10.1016/j.ces.2022.118208,10.1007/s11743-010-1180-0
CCCCCCCCCC[N+](CCO)(CCO)CCO.[Br-],28.9,370.372,"InChI=1S/C16H36NO3.BrH/c1-2-3-4-5-6-7-8-9-10-17(11-14-18,12-15-19)13-16-20;/h18-20H,2-16H2,1H3;1H/q+1;/p-1",10.1016/j.ces.2022.118208,10.1007/s11743-010-1180-0
CCCCCCCCCC[N+](C)CCO.[Br-],27.5,295.28499999999997,"InChI=1S/C13H29NO.BrH/c1-3-4-5-6-7-8-9-10-11-14(2)12-13-15;/h15H,3-13H2,1-2H3;1H/q+1;/p-1",10.1016/j.ces.2022.118208,10.1007/s11743-010-1180-0
CCCC=NCCC[N+](C)(C)CCCCCCCCCC.[Br-],31.7,377.45500000000004,"InChI=1S/C19H41N2.BrH/c1-5-7-9-10-11-12-13-14-18-21(3,4)19-15-17-20-16-8-6-2;/h16H,5-15,17-19H2,1-4H3;1H/q+1;/p-1",10.1016/j.ces.2022.118208,10.1016/j.jiec.2014.01.020
CCCC=NCCC[N+](C)(C)CCCCCCCCCCCC.[Br-],30.0,405.509,"InChI=1S/C21H45N2.BrH/c1-5-7-9-10-11-12-13-14-15-16-20-23(3,4)21-17-19-22-18-8-6-2;/h18H,5-17,19-21H2,1-4H3;1H/q+1;/p-1",10.1016/j.ces.2022.118208,10.1016/j.jiec.2014.01.020
CCCC=NCCC[N+](C)(C)CCCCCCCCCCCCCCCC.[Br-],37.5,461.6170000000002,"InChI=1S/C25H53N2.BrH/c1-5-7-9-10-11-12-13-14-15-16-17-18-19-20-24-27(3,4)25-21-23-26-22-8-6-2;/h22H,5-21,23-25H2,1-4H3;1H/q+1;/p-1",10.1016/j.ces.2022.118208,10.1016/j.jiec.2014.01.020
CCCCCCCCCCC(O)Cn1cc[n+](CCC[n+]2ccn(CC(O)CCCCCCCCCC)c2)c1.[Br-].[Br-],30.0,706.6930000000007,"InChI=1S/C33H62N4O2.2BrH/c1-3-5-7-9-11-13-15-17-20-32(38)28-36-26-24-34(30-36)22-19-23-35-25-27-37(31-35)29-33(39)21-18-16-14-12-10-8-6-4-2;;/h24-27,30-33,38-39H,3-23,28-29H2,1-2H3;2*1H/q+2;;/p-2",10.1016/j.ces.2022.118208,10.1021/la300920p
CCCCCCCCCCC(O)Cn1cc[n+](CCCC[n+]2ccn(CC(O)CCCCCCCCCC)c2)c1.[Br-].[Br-],28.1,720.7200000000006,"InChI=1S/C34H64N4O2.2BrH/c1-3-5-7-9-11-13-15-17-21-33(39)29-37-27-25-35(31-37)23-19-20-24-36-26-28-38(32-36)30-34(40)22-18-16-14-12-10-8-6-4-2;;/h25-28,31-34,39-40H,3-24,29-30H2,1-2H3;2*1H/q+2;;/p-2",10.1016/j.ces.2022.118208,10.1021/la300920p
CCCCCCCCCCC(O)Cn1cc[n+](CCCCC[n+]2ccn(CC(O)CCCCCCCCCC)c2)c1.[Br-].[Br-],32.9,734.7470000000005,"InChI=1S/C35H66N4O2.2BrH/c1-3-5-7-9-11-13-15-18-22-34(40)30-38-28-26-36(32-38)24-20-17-21-25-37-27-29-39(33-37)31-35(41)23-19-16-14-12-10-8-6-4-2;;/h26-29,32-35,40-41H,3-25,30-31H2,1-2H3;2*1H/q+2;;/p-2",10.1016/j.ces.2022.118208,10.1021/la300920p
CCCCCCCCCCC(O)Cn1cc[n+](CCCCCC[n+]2ccn(CC(O)CCCCCCCCCC)c2)c1.[Br-].[Br-],35.2,748.7740000000005,"InChI=1S/C36H68N4O2.2BrH/c1-3-5-7-9-11-13-15-19-23-35(41)31-39-29-27-37(33-39)25-21-17-18-22-26-38-28-30-40(34-38)32-36(42)24-20-16-14-12-10-8-6-4-2;;/h27-30,33-36,41-42H,3-26,31-32H2,1-2H3;2*1H/q+2;;/p-2",10.1016/j.ces.2022.118208,10.1021/la300920p
CCCCCCCCCCC(O)Cn1cc[n+](CCCCCCCC[n+]2ccn(CC(O)CCCCCCCCCC)c2)c1.[Br-].[Br-],37.6,776.8280000000002,"InChI=1S/C38H72N4O2.2BrH/c1-3-5-7-9-11-13-17-21-25-37(43)33-41-31-29-39(35-41)27-23-19-15-16-20-24-28-40-30-32-42(36-40)34-38(44)26-22-18-14-12-10-8-6-4-2;;/h29-32,35-38,43-44H,3-28,33-34H2,1-2H3;2*1H/q+2;;/p-2",10.1016/j.ces.2022.118208,10.1021/la300920p
CCCCCCCCCCCC[N+](C)(C)NC(=O)CCC(=O)N1CCOCC1.[I-],40.2,525.5160000000003,"InChI=1S/C22H43N3O3.HI/c1-4-5-6-7-8-9-10-11-12-13-18-25(2,3)23-21(26)14-15-22(27)24-16-19-28-20-17-24;/h4-20H2,1-3H3;1H",10.1016/j.ces.2022.118208,10.1007/s13738-021-02247-3
CCCCCCCCCCCCCC[N+](C)(C)NC(=O)CCC(=O)N1CCOCC1.[I-],38.1,553.5700000000004,"InChI=1S/C24H47N3O3.HI/c1-4-5-6-7-8-9-10-11-12-13-14-15-20-27(2,3)25-23(28)16-17-24(29)26-18-21-30-22-19-26;/h4-22H2,1-3H3;1H",10.1016/j.ces.2022.118208,10.1007/s13738-021-02247-3
CCCCCCCCCCCCCCCC[N+](C)(C)NC(=O)CCC(=O)N1CCOCC1.[I-],36.5,581.6240000000005,"InChI=1S/C26H51N3O3.HI/c1-4-5-6-7-8-9-10-11-12-13-14-15-16-17-22-29(2,3)27-25(30)18-19-26(31)28-20-23-32-24-21-28;/h4-24H2,1-3H3;1H",10.1016/j.ces.2022.118208,10.1007/s13738-021-02247-3
CCCCCCCCCCCC[N+](C)(C)NC(=O)CCC(=O)N1CCCCC1.[I-],38.9,523.5440000000003,"InChI=1S/C23H45N3O2.HI/c1-4-5-6-7-8-9-10-11-12-16-21-26(2,3)24-22(27)17-18-23(28)25-19-14-13-15-20-25;/h4-21H2,1-3H3;1H",10.1016/j.ces.2022.118208,10.1007/s13738-021-02247-3
CCCCCCCCCCCCCC[N+](C)(C)NC(=O)CCC(=O)N1CCCCC1.[I-],36.5,551.5980000000004,"InChI=1S/C25H49N3O2.HI/c1-4-5-6-7-8-9-10-11-12-13-14-18-23-28(2,3)26-24(29)19-20-25(30)27-21-16-15-17-22-27;/h4-23H2,1-3H3;1H",10.1016/j.ces.2022.118208,10.1007/s13738-021-02247-3
CCCCCCCCCCCCCCCC[N+](C)(C)NC(=O)CCC(=O)N1CCCCC1.[I-],34.6,579.6520000000005,"InChI=1S/C27H53N3O2.HI/c1-4-5-6-7-8-9-10-11-12-13-14-15-16-20-25-30(2,3)28-26(31)21-22-27(32)29-23-18-17-19-24-29;/h4-25H2,1-3H3;1H",10.1016/j.ces.2022.118208,10.1007/s13738-021-02247-3
CCCCCCCCCC[N+](C)(C)CCOc1ccc(C=NNC(=O)C(=O)NN=Cc2ccc(OCC[N+](C)(C)CCCCCCCCCC)cc2)cc1.[Cl-].[Cl-],41.4,822.0199999999993,"InChI=1S/C44H72N6O4.2ClH/c1-7-9-11-13-15-17-19-21-31-49(3,4)33-35-53-41-27-23-39(24-28-41)37-45-47-43(51)44(52)48-46-38-40-25-29-42(30-26-40)54-36-34-50(5,6)32-22-20-18-16-14-12-10-8-2;;/h23-30,37-38H,7-22,31-36H2,1-6H3;2*1H",10.1016/j.ces.2022.118208,10.1080/01932691.2021.1929289
CCCCCCCCCCCC[N+](C)(C)CCOc1ccc(C=NNC(=O)C(=O)NN=Cc2ccc(OCC[N+](C)(C)CCCCCCCCCCCC)cc2)cc1.[Cl-].[Cl-],32.6,878.127999999999,"InChI=1S/C48H80N6O4.2ClH/c1-7-9-11-13-15-17-19-21-23-25-35-53(3,4)37-39-57-45-31-27-43(28-32-45)41-49-51-47(55)48(56)52-50-42-44-29-33-46(34-30-44)58-40-38-54(5,6)36-26-24-22-20-18-16-14-12-10-8-2;;/h27-34,41-42H,7-26,35-40H2,1-6H3;2*1H",10.1016/j.ces.2022.118208,10.1080/01932691.2021.1929289
CCCCCCCCCCCCCC[N+](C)(C)CCOc1ccc(C=NNC(=O)C(=O)NN=Cc2ccc(OCC[N+](C)(C)CCCCCCCCCCCCCC)cc2)cc1.[Cl-].[Cl-],32.5,934.235999999999,"InChI=1S/C52H88N6O4.2ClH/c1-7-9-11-13-15-17-19-21-23-25-27-29-39-57(3,4)41-43-61-49-35-31-47(32-36-49)45-53-55-51(59)52(60)56-54-46-48-33-37-50(38-34-48)62-44-42-58(5,6)40-30-28-26-24-22-20-18-16-14-12-10-8-2;;/h31-38,45-46H,7-30,39-44H2,1-6H3;2*1H",10.1016/j.ces.2022.118208,10.1080/01932691.2021.1929289
CCCCCCCCCCCCCCCC[N+](C)(C)CCOc1ccc(C=NNC(=O)C(=O)NN=Cc2ccc(OCC[N+](C)(C)CCCCCCCCCCCCCCCC)cc2)cc1.[Cl-].[Cl-],30.9,990.3439999999988,"InChI=1S/C56H96N6O4.2ClH/c1-7-9-11-13-15-17-19-21-23-25-27-29-31-33-43-61(3,4)45-47-65-53-39-35-51(36-40-53)49-57-59-55(63)56(64)60-58-50-52-37-41-54(42-38-52)66-48-46-62(5,6)44-34-32-30-28-26-24-22-20-18-16-14-12-10-8-2;;/h35-42,49-50H,7-34,43-48H2,1-6H3;2*1H",10.1016/j.ces.2022.118208,10.1080/01932691.2021.1929289
CCCCCCCCCCCCCC[n+]1ccn(CCOC(=O)NCCCC)c1.[Br-],44.0,488.55500000000023,"InChI=1S/C24H45N3O2.BrH/c1-3-5-7-8-9-10-11-12-13-14-15-16-18-26-19-20-27(23-26)21-22-29-24(28)25-17-6-4-2;/h19-20,23H,3-18,21-22H2,1-2H3;1H",10.1016/j.ces.2022.118208,10.1016/j.molliq.2020.114094
CCCCCCCCCCCCCCCC[n+]1ccn(CCOC(=O)NCCCC)c1.[Br-],42.0,516.6090000000002,"InChI=1S/C26H49N3O2.BrH/c1-3-5-7-8-9-10-11-12-13-14-15-16-17-18-20-28-21-22-29(25-28)23-24-31-26(30)27-19-6-4-2;/h21-22,25H,3-20,23-24H2,1-2H3;1H",10.1016/j.ces.2022.118208,10.1016/j.molliq.2020.114094
CCCCCCCCCCCCCCCCCC[n+]1ccn(CCOC(=O)NCCCC)c1.[Br-],41.5,544.6630000000002,"InChI=1S/C28H53N3O2.BrH/c1-3-5-7-8-9-10-11-12-13-14-15-16-17-18-19-20-22-30-23-24-31(27-30)25-26-33-28(32)29-21-6-4-2;/h23-24,27H,3-22,25-26H2,1-2H3;1H",10.1016/j.ces.2022.118208,10.1016/j.molliq.2020.114094
CCCCCCCCCCCCCCOC(=O)C[N+]1(C)CCCC1.[Cl-],36.5,376.0250000000001,"InChI=1S/C21H42NO2.ClH/c1-3-4-5-6-7-8-9-10-11-12-13-16-19-24-21(23)20-22(2)17-14-15-18-22;/h3-20H2,1-2H3;1H/q+1;/p-1",10.1016/j.ces.2022.118208,10.1007/s00396-013-2971-4
CCCCCCCCCCCCCCOC(=O)C[N+]1(C)CCCC1.[Br-],32.1,420.4760000000001,"InChI=1S/C21H42NO2.BrH/c1-3-4-5-6-7-8-9-10-11-12-13-16-19-24-21(23)20-22(2)17-14-15-18-22;/h3-20H2,1-2H3;1H/q+1;/p-1",10.1016/j.ces.2022.118208,10.1007/s00396-013-2971-4
CCCCCCCCCCCCCCCCOC(=O)C[N+]1(C)CCCC1.[Cl-],41.0,404.0790000000002,"InChI=1S/C23H46NO2.ClH/c1-3-4-5-6-7-8-9-10-11-12-13-14-15-18-21-26-23(25)22-24(2)19-16-17-20-24;/h3-22H2,1-2H3;1H/q+1;/p-1",10.1016/j.ces.2022.118208,10.1007/s00396-013-2971-4
CCCCCCCCCCCCCCCCOC(=O)C[N+]1(C)CCCC1.[Br-],37.1,448.5300000000002,"InChI=1S/C23H46NO2.BrH/c1-3-4-5-6-7-8-9-10-11-12-13-14-15-18-21-26-23(25)22-24(2)19-16-17-20-24;/h3-22H2,1-2H3;1H/q+1;/p-1",10.1016/j.ces.2022.118208,10.1007/s00396-013-2971-4
CCCCCCCCCCCC(=O)NCCC[N+](C)(C)Cc1ccc(C[N+](C)(C)CCCNC(=O)CCCCCCCCCCC)cc1.[Cl-].[Cl-],45.9,744.0339999999999,"InChI=1S/C42H78N4O2.2ClH/c1-7-9-11-13-15-17-19-21-23-27-41(47)43-33-25-35-45(3,4)37-39-29-31-40(32-30-39)38-46(5,6)36-26-34-44-42(48)28-24-22-20-18-16-14-12-10-8-2;;/h29-32H,7-28,33-38H2,1-6H3;2*1H",10.1016/j.ces.2022.118208,10.1007/s11743-013-1502-0
CCCCCCCCCCCCCC(=O)NCCC[N+](C)(C)Cc1ccc(C[N+](C)(C)CCCNC(=O)CCCCCCCCCCCCC)cc1.[Cl-].[Cl-],46.2,800.1419999999995,"InChI=1S/C46H86N4O2.2ClH/c1-7-9-11-13-15-17-19-21-23-25-27-31-45(51)47-37-29-39-49(3,4)41-43-33-35-44(36-34-43)42-50(5,6)40-30-38-48-46(52)32-28-26-24-22-20-18-16-14-12-10-8-2;;/h33-36H,7-32,37-42H2,1-6H3;2*1H",10.1016/j.ces.2022.118208,10.1007/s11743-013-1502-0
CCCC[n+]1ccccc1.[Cl-],51.1,171.671,"InChI=1S/C9H14N.ClH/c1-2-3-7-10-8-5-4-6-9-10;/h4-6,8-9H,2-3,7H2,1H3;1H/q+1;/p-1",10.1016/j.ces.2022.118208,10.1016/j.jcis.2011.12.077
CCCCCC[n+]1ccccc1.[Cl-],36.4,199.72499999999997,"InChI=1S/C11H18N.ClH/c1-2-3-4-6-9-12-10-7-5-8-11-12;/h5,7-8,10-11H,2-4,6,9H2,1H3;1H/q+1;/p-1",10.1016/j.ces.2022.118208,10.1016/j.jcis.2011.12.077
CCCCCCCC[n+]1ccccc1.[Cl-],36.8,227.77899999999994,"InChI=1S/C13H22N.ClH/c1-2-3-4-5-6-8-11-14-12-9-7-10-13-14;/h7,9-10,12-13H,2-6,8,11H2,1H3;1H/q+1;/p-1",10.1016/j.ces.2022.118208,10.1016/j.jcis.2011.12.077
CCCCCCCC[n+]1ccccc1C.[Cl-],31.8,241.80599999999995,"InChI=1S/C14H24N.ClH/c1-3-4-5-6-7-9-12-15-13-10-8-11-14(15)2;/h8,10-11,13H,3-7,9,12H2,1-2H3;1H/q+1;/p-1",10.1016/j.ces.2022.118208,10.1016/j.jcis.2011.12.077
CCCCCCCC[n+]1cccc(C)c1.[Cl-],32.4,241.80599999999993,"InChI=1S/C14H24N.ClH/c1-3-4-5-6-7-8-11-15-12-9-10-14(2)13-15;/h9-10,12-13H,3-8,11H2,1-2H3;1H/q+1;/p-1",10.1016/j.ces.2022.118208,10.1016/j.jcis.2011.12.077
CCCCCCCC[n+]1ccc(C)cc1.[Cl-],31.0,241.80599999999995,"InChI=1S/C14H24N.ClH/c1-3-4-5-6-7-8-11-15-12-9-14(2)10-13-15;/h9-10,12-13H,3-8,11H2,1-2H3;1H/q+1;/p-1",10.1016/j.ces.2022.118208,10.1016/j.jcis.2011.12.077
CCCCCCCCCCCCOCC(O)C[n+]1ccn(C)c1.[Cl-],23.2,360.97,"InChI=1S/C19H37N2O2.ClH/c1-3-4-5-6-7-8-9-10-11-12-15-23-17-19(22)16-21-14-13-20(2)18-21;/h13-14,18-19,22H,3-12,15-17H2,1-2H3;1H/q+1;/p-1",10.1016/j.ces.2022.118208,10.1016/j.colsurfa.2011.11.022
CCCCCCCCCCCCCCOCC(O)C[n+]1ccn(C)c1.[Cl-],31.1,389.0240000000001,"InChI=1S/C21H41N2O2.ClH/c1-3-4-5-6-7-8-9-10-11-12-13-14-17-25-19-21(24)18-23-16-15-22(2)20-23;/h15-16,20-21,24H,3-14,17-19H2,1-2H3;1H/q+1;/p-1",10.1016/j.ces.2022.118208,10.1016/j.colsurfa.2011.11.022
CCCCCCCCCCCCCCCCOCC(O)C[n+]1ccn(C)c1.[Cl-],42.0,417.0780000000002,"InChI=1S/C23H45N2O2.ClH/c1-3-4-5-6-7-8-9-10-11-12-13-14-15-16-19-27-21-23(26)20-25-18-17-24(2)22-25;/h17-18,22-23,26H,3-16,19-21H2,1-2H3;1H/q+1;/p-1",10.1016/j.ces.2022.118208,10.1016/j.colsurfa.2011.11.022
CCCCCCCCCCCCOCC(O)C[n+]1ccn(C)c1.[Br-],21.9,405.42100000000005,"InChI=1S/C19H37N2O2.BrH/c1-3-4-5-6-7-8-9-10-11-12-15-23-17-19(22)16-21-14-13-20(2)18-21;/h13-14,18-19,22H,3-12,15-17H2,1-2H3;1H/q+1;/p-1",10.1016/j.ces.2022.118208,10.1016/j.colsurfa.2011.11.022
CCCCCCCCCCCCCCOCC(O)C[n+]1ccn(C)c1.[Br-],29.3,433.47500000000014,"InChI=1S/C21H41N2O2.BrH/c1-3-4-5-6-7-8-9-10-11-12-13-14-17-25-19-21(24)18-23-16-15-22(2)20-23;/h15-16,20-21,24H,3-14,17-19H2,1-2H3;1H/q+1;/p-1",10.1016/j.ces.2022.118208,10.1016/j.colsurfa.2011.11.022
CCCCCCCCCCCCCCCCOCC(O)C[n+]1ccn(C)c1.[Br-],40.7,461.5290000000002,"InChI=1S/C23H45N2O2.BrH/c1-3-4-5-6-7-8-9-10-11-12-13-14-15-16-19-27-21-23(26)20-25-18-17-24(2)22-25;/h17-18,22-23,26H,3-16,19-21H2,1-2H3;1H/q+1;/p-1",10.1016/j.ces.2022.118208,10.1016/j.colsurfa.2011.11.022
CCCCCCCC[N+](C)(C)CC(O)COCCOCC(O)C[N+](C)(C)CCCCCCCC.[Br-].[Br-],55.2,650.6220000000005,"InChI=1S/C28H62N2O4.2BrH/c1-7-9-11-13-15-17-19-29(3,4)23-27(31)25-33-21-22-34-26-28(32)24-30(5,6)20-18-16-14-12-10-8-2;;/h27-28,31-32H,7-26H2,1-6H3;2*1H/q+2;;/p-2",10.1016/j.ces.2022.118208,10.1016/j.colsurfa.2011.12.014
CCCCCCCCCC[N+](C)(C)CC(O)COCCOCC(O)C[N+](C)(C)CCCCCCCCCC.[Br-].[Br-],32.6,706.7300000000006,"InChI=1S/C32H70N2O4.2BrH/c1-7-9-11-13-15-17-19-21-23-33(3,4)27-31(35)29-37-25-26-38-30-32(36)28-34(5,6)24-22-20-18-16-14-12-10-8-2;;/h31-32,35-36H,7-30H2,1-6H3;2*1H/q+2;;/p-2",10.1016/j.ces.2022.118208,10.1016/j.colsurfa.2011.12.014
CCCCCCCCCCCC[N+](C)(C)CC(O)COCCOCC(O)C[N+](C)(C)CCCCCCCCCCCC.[Br-].[Br-],30.6,762.8380000000004,"InChI=1S/C36H78N2O4.2BrH/c1-7-9-11-13-15-17-19-21-23-25-27-37(3,4)31-35(39)33-41-29-30-42-34-36(40)32-38(5,6)28-26-24-22-20-18-16-14-12-10-8-2;;/h35-36,39-40H,7-34H2,1-6H3;2*1H/q+2;;/p-2",10.1016/j.ces.2022.118208,10.1016/j.colsurfa.2011.12.014
CCCCCCCCCCCCCC[N+](C)(C)CC(O)COCCOCC(O)C[N+](C)(C)CCCCCCCCCCCCCC.[Br-].[Br-],34.5,818.946,"InChI=1S/C40H86N2O4.2BrH/c1-7-9-11-13-15-17-19-21-23-25-27-29-31-41(3,4)35-39(43)37-45-33-34-46-38-40(44)36-42(5,6)32-30-28-26-24-22-20-18-16-14-12-10-8-2;;/h39-40,43-44H,7-38H2,1-6H3;2*1H/q+2;;/p-2",10.1016/j.ces.2022.118208,10.1016/j.colsurfa.2011.12.014
CCCCCCCCCCCCCCCC[N+](C)(C)CC(O)COCCOCC(O)C[N+](C)(C)CCCCCCCCCCCCCCCC.[Br-].[Br-],37.0,875.0539999999997,"InChI=1S/C44H94N2O4.2BrH/c1-7-9-11-13-15-17-19-21-23-25-27-29-31-33-35-45(3,4)39-43(47)41-49-37-38-50-42-44(48)40-46(5,6)36-34-32-30-28-26-24-22-20-18-16-14-12-10-8-2;;/h43-44,47-48H,7-42H2,1-6H3;2*1H/q+2;;/p-2",10.1016/j.ces.2022.118208,10.1016/j.colsurfa.2011.12.014
CCCCCCCC[N+](C)(C)CC(O)COCCOCCOCC(O)C[N+](C)(C)CCCCCCCC.[Br-].[Br-],49.1,694.6750000000006,"InChI=1S/C30H66N2O5.2BrH/c1-7-9-11-13-15-17-19-31(3,4)25-29(33)27-36-23-21-35-22-24-37-28-30(34)26-32(5,6)20-18-16-14-12-10-8-2;;/h29-30,33-34H,7-28H2,1-6H3;2*1H/q+2;;/p-2",10.1016/j.ces.2022.118208,10.1016/j.colsurfa.2011.12.014
CCCCCCCCCC[N+](C)(C)CC(O)COCCOCCOCC(O)C[N+](C)(C)CCCCCCCCCC.[Br-].[Br-],47.0,750.7830000000005,"InChI=1S/C34H74N2O5.2BrH/c1-7-9-11-13-15-17-19-21-23-35(3,4)29-33(37)31-40-27-25-39-26-28-41-32-34(38)30-36(5,6)24-22-20-18-16-14-12-10-8-2;;/h33-34,37-38H,7-32H2,1-6H3;2*1H/q+2;;/p-2",10.1016/j.ces.2022.118208,10.1016/j.colsurfa.2011.12.014
CCCCCCCCCCCC[N+](C)(C)CC(O)COCCOCCOCC(O)C[N+](C)(C)CCCCCCCCCCCC.[Br-].[Br-],28.5,806.8910000000001,"InChI=1S/C38H82N2O5.2BrH/c1-7-9-11-13-15-17-19-21-23-25-27-39(3,4)33-37(41)35-44-31-29-43-30-32-45-36-38(42)34-40(5,6)28-26-24-22-20-18-16-14-12-10-8-2;;/h37-38,41-42H,7-36H2,1-6H3;2*1H/q+2;;/p-2",10.1016/j.ces.2022.118208,10.1016/j.colsurfa.2011.12.014
CCCCCCCCCCCCCC[N+](C)(C)CC(O)COCCOCCOCC(O)C[N+](C)(C)CCCCCCCCCCCCCC.[Br-].[Br-],34.8,862.9989999999997,"InChI=1S/C42H90N2O5.2BrH/c1-7-9-11-13-15-17-19-21-23-25-27-29-31-43(3,4)37-41(45)39-48-35-33-47-34-36-49-40-42(46)38-44(5,6)32-30-28-26-24-22-20-18-16-14-12-10-8-2;;/h41-42,45-46H,7-40H2,1-6H3;2*1H/q+2;;/p-2",10.1016/j.ces.2022.118208,10.1016/j.colsurfa.2011.12.014
CCCCCCCCCCCCCCCC[N+](C)(C)CC(O)COCCOCCOCC(O)C[N+](C)(C)CCCCCCCCCCCCCCCC.[Br-].[Br-],36.5,919.1069999999994,"InChI=1S/C46H98N2O5.2BrH/c1-7-9-11-13-15-17-19-21-23-25-27-29-31-33-35-47(3,4)41-45(49)43-52-39-37-51-38-40-53-44-46(50)42-48(5,6)36-34-32-30-28-26-24-22-20-18-16-14-12-10-8-2;;/h45-46,49-50H,7-44H2,1-6H3;2*1H/q+2;;/p-2",10.1016/j.ces.2022.118208,10.1016/j.colsurfa.2011.12.014
CCCCCCCC[N+](C)(C)CC(O)COCCOCCOCCOCC(O)C[N+](C)(C)CCCCCCCC.[Br-].[Br-],52.2,738.7280000000005,"InChI=1S/C32H70N2O6.2BrH/c1-7-9-11-13-15-17-19-33(3,4)27-31(35)29-39-25-23-37-21-22-38-24-26-40-30-32(36)28-34(5,6)20-18-16-14-12-10-8-2;;/h31-32,35-36H,7-30H2,1-6H3;2*1H/q+2;;/p-2",10.1016/j.ces.2022.118208,10.1016/j.colsurfa.2011.12.014
CCCCCCCCCC[N+](C)(C)CC(O)COCCOCCOCCOCC(O)C[N+](C)(C)CCCCCCCCCC.[Br-].[Br-],48.3,794.8360000000002,"InChI=1S/C36H78N2O6.2BrH/c1-7-9-11-13-15-17-19-21-23-37(3,4)31-35(39)33-43-29-27-41-25-26-42-28-30-44-34-36(40)32-38(5,6)24-22-20-18-16-14-12-10-8-2;;/h35-36,39-40H,7-34H2,1-6H3;2*1H/q+2;;/p-2",10.1016/j.ces.2022.118208,10.1016/j.colsurfa.2011.12.014
CCCCCCCCCCCC[N+](C)(C)CC(O)COCCOCCOCCOCC(O)C[N+](C)(C)CCCCCCCCCCCC.[Br-].[Br-],33.8,850.9439999999998,"InChI=1S/C40H86N2O6.2BrH/c1-7-9-11-13-15-17-19-21-23-25-27-41(3,4)35-39(43)37-47-33-31-45-29-30-46-32-34-48-38-40(44)36-42(5,6)28-26-24-22-20-18-16-14-12-10-8-2;;/h39-40,43-44H,7-38H2,1-6H3;2*1H/q+2;;/p-2",10.1016/j.ces.2022.118208,10.1016/j.colsurfa.2011.12.014
CCCCCCCCCCCCCC[N+](C)(C)CC(O)COCCOCCOCCOCC(O)C[N+](C)(C)CCCCCCCCCCCCCC.[Br-].[Br-],33.6,907.0519999999995,"InChI=1S/C44H94N2O6.2BrH/c1-7-9-11-13-15-17-19-21-23-25-27-29-31-45(3,4)39-43(47)41-51-37-35-49-33-34-50-36-38-52-42-44(48)40-46(5,6)32-30-28-26-24-22-20-18-16-14-12-10-8-2;;/h43-44,47-48H,7-42H2,1-6H3;2*1H/q+2;;/p-2",10.1016/j.ces.2022.118208,10.1016/j.colsurfa.2011.12.014
CCCCCCCCCCCCCCCC[N+](C)(C)CC(O)COCCOCCOCCOCC(O)C[N+](C)(C)CCCCCCCCCCCCCCCC.[Br-].[Br-],43.9,963.1599999999993,"InChI=1S/C48H102N2O6.2BrH/c1-7-9-11-13-15-17-19-21-23-25-27-29-31-33-35-49(3,4)43-47(51)45-55-41-39-53-37-38-54-40-42-56-46-48(52)44-50(5,6)36-34-32-30-28-26-24-22-20-18-16-14-12-10-8-2;;/h47-48,51-52H,7-46H2,1-6H3;2*1H/q+2;;/p-2",10.1016/j.ces.2022.118208,10.1016/j.colsurfa.2011.12.014
CCCCCCCCCCC(O)Cn1cc[n+](CCO)c1.[Cl-],31.3,332.91600000000005,"InChI=1S/C17H33N2O2.ClH/c1-2-3-4-5-6-7-8-9-10-17(21)15-19-12-11-18(16-19)13-14-20;/h11-12,16-17,20-21H,2-10,13-15H2,1H3;1H/q+1;/p-1",10.1016/j.ces.2022.118208,10.1016/j.colsurfa.2013.08.063
CCCCCCCCCCCCC(O)Cn1cc[n+](CCO)c1.[Cl-],36.0,360.97000000000014,"InChI=1S/C19H37N2O2.ClH/c1-2-3-4-5-6-7-8-9-10-11-12-19(23)17-21-14-13-20(18-21)15-16-22;/h13-14,18-19,22-23H,2-12,15-17H2,1H3;1H/q+1;/p-1",10.1016/j.ces.2022.118208,10.1016/j.colsurfa.2013.08.063
CCCCCCCCCCCCCCC(O)Cn1cc[n+](CCO)c1.[Cl-],37.4,389.0240000000002,"InChI=1S/C21H41N2O2.ClH/c1-2-3-4-5-6-7-8-9-10-11-12-13-14-21(25)19-23-16-15-22(20-23)17-18-24;/h15-16,20-21,24-25H,2-14,17-19H2,1H3;1H/q+1;/p-1",10.1016/j.ces.2022.118208,10.1016/j.colsurfa.2013.08.063
CCCCCCCCCCC(O)Cn1cc[n+](CCO)c1.[Br-],28.3,377.367,"InChI=1S/C17H33N2O2.BrH/c1-2-3-4-5-6-7-8-9-10-17(21)15-19-12-11-18(16-19)13-14-20;/h11-12,16-17,20-21H,2-10,13-15H2,1H3;1H/q+1;/p-1",10.1016/j.ces.2022.118208,10.1016/j.colsurfa.2013.08.063
CCCCCCCCCCCCC(O)Cn1cc[n+](CCO)c1.[Br-],31.4,405.4210000000001,"InChI=1S/C19H37N2O2.BrH/c1-2-3-4-5-6-7-8-9-10-11-12-19(23)17-21-14-13-20(18-21)15-16-22;/h13-14,18-19,22-23H,2-12,15-17H2,1H3;1H/q+1;/p-1",10.1016/j.ces.2022.118208,10.1016/j.colsurfa.2013.08.063
CCCCCCCCCCCCCCC(O)Cn1cc[n+](CCO)c1.[Br-],36.9,433.4750000000002,"InChI=1S/C21H41N2O2.BrH/c1-2-3-4-5-6-7-8-9-10-11-12-13-14-21(25)19-23-16-15-22(20-23)17-18-24;/h15-16,20-21,24-25H,2-14,17-19H2,1H3;1H/q+1;/p-1",10.1016/j.ces.2022.118208,10.1016/j.colsurfa.2013.08.063
CCCCCCOC(=O)CC([N+])C(=O)OCCCCCC.[Cl-],24.3,334.86400000000003,"InChI=1S/C16H29NO4.ClH/c1-3-5-7-9-11-20-15(18)13-14(17)16(19)21-12-10-8-6-4-2;/h14H,3-13H2,1-2H3;1H/q+1;/p-1",10.1016/j.ces.2022.118208,10.1002/jsde.12437
CCCCCCCCOC(=O)CC([N+])C(=O)OCCCCCC.[Cl-],23.4,362.91800000000023,"InChI=1S/C18H33NO4.ClH/c1-3-5-7-9-10-12-13-22-17(20)15-16(19)18(21)23-14-11-8-6-4-2;/h16H,3-15H2,1-2H3;1H/q+1;/p-1",10.1016/j.ces.2022.118208,10.1002/jsde.12437
CCCCCCCCCCOC(=O)C[N+](C)(C)CCCN=Cc1ccccc1O.[Cl-],35.9,441.0560000000004,"InChI=1S/C24H40N2O3.ClH/c1-4-5-6-7-8-9-10-13-19-29-24(28)21-26(2,3)18-14-17-25-20-22-15-11-12-16-23(22)27;/h11-12,15-16,20H,4-10,13-14,17-19,21H2,1-3H3;1H",10.1016/j.ces.2022.118208,10.1039/C5RA21626E
CCCCCCCCCCCCCCOC(=O)C[N+](C)(C)CCCN=Cc1ccccc1O.[Cl-],33.0,497.16400000000056,"InChI=1S/C28H48N2O3.ClH/c1-4-5-6-7-8-9-10-11-12-13-14-17-23-33-28(32)25-30(2,3)22-18-21-29-24-26-19-15-16-20-27(26)31;/h15-16,19-20,24H,4-14,17-18,21-23,25H2,1-3H3;1H",10.1016/j.ces.2022.118208,10.1039/C5RA21626E
CCCCCCCCCCCCCCCCOC(=O)C[N+](C)(C)CCCN=Cc1ccccc1O.[Cl-],31.6,525.2180000000006,"InChI=1S/C30H52N2O3.ClH/c1-4-5-6-7-8-9-10-11-12-13-14-15-16-19-25-35-30(34)27-32(2,3)24-20-23-31-26-28-21-17-18-22-29(28)33;/h17-18,21-22,26H,4-16,19-20,23-25,27H2,1-3H3;1H",10.1016/j.ces.2022.118208,10.1039/C5RA21626E
CCCCCCCCCCCCOC(=O)[N+](CC)(CC)CC.[I-],25.0,441.43800000000005,"InChI=1S/C19H40NO2.HI/c1-5-9-10-11-12-13-14-15-16-17-18-22-19(21)20(6-2,7-3)8-4;/h5-18H2,1-4H3;1H/q+1;/p-1",10.1016/j.ces.2022.118208,10.3139/113.110437
CCCCCCCCCCCCCCCCOC(=O)[N+](CC)(CC)CC.[I-],33.0,497.5460000000002,"InChI=1S/C23H48NO2.HI/c1-5-9-10-11-12-13-14-15-16-17-18-19-20-21-22-26-23(25)24(6-2,7-3)8-4;/h5-22H2,1-4H3;1H/q+1;/p-1",10.1016/j.ces.2022.118208,10.3139/113.110437
CCCCCCCCCCCCCCCCCCOC(=O)[N+](CC)(CC)CC.[I-],35.0,525.6000000000004,"InChI=1S/C25H52NO2.HI/c1-5-9-10-11-12-13-14-15-16-17-18-19-20-21-22-23-24-28-25(27)26(6-2,7-3)8-4;/h5-24H2,1-4H3;1H/q+1;/p-1",10.1016/j.ces.2022.118208,10.3139/113.110437
CCCCCCCCCC[N+](C)(C)CCN(CCC(=O)OC)CCC(=O)OC.[Br-],27.1,481.51600000000036,"InChI=1S/C22H45N2O4.BrH/c1-6-7-8-9-10-11-12-13-19-24(2,3)20-18-23(16-14-21(25)27-4)17-15-22(26)28-5;/h6-20H2,1-5H3;1H/q+1;/p-1",10.1016/j.ces.2022.118208,10.5650/jos.62.213
CCCCCCCCCCCCCC[N+](C)(C)CCN(CCC(=O)OC)CCC(=O)OC.[Br-],27.8,537.6240000000005,"InChI=1S/C26H53N2O4.BrH/c1-6-7-8-9-10-11-12-13-14-15-16-17-23-28(2,3)24-22-27(20-18-25(29)31-4)21-19-26(30)32-5;/h6-24H2,1-5H3;1H/q+1;/p-1",10.1016/j.ces.2022.118208,10.5650/jos.62.213
CCCCCCCCCCCCCCCCCC[N+](C)(C)CCN(CCC(=O)OC)CCC(=O)OC.[Br-],38.2,593.7320000000007,"InChI=1S/C30H61N2O4.BrH/c1-6-7-8-9-10-11-12-13-14-15-16-17-18-19-20-21-27-32(2,3)28-26-31(24-22-29(33)35-4)25-23-30(34)36-5;/h6-28H2,1-5H3;1H/q+1;/p-1",10.1016/j.ces.2022.118208,10.5650/jos.62.213
CCCCCCCCCC[N+](C)(C)CCN(CCC(=O)NCCN(CCC(=O)OC)CCC(=O)OC)CCC(=O)NCCN(CCC(=O)OC)CCC(=O)OC.[Br-],31.7,881.9919999999996,"InChI=1S/C40H76N6O10.BrH/c1-8-9-10-11-12-13-14-15-33-46(2,3)34-32-45(24-16-35(47)41-22-30-43(26-18-37(49)53-4)27-19-38(50)54-5)25-17-36(48)42-23-31-44(28-20-39(51)55-6)29-21-40(52)56-7;/h8-34H2,1-7H3,(H-,41,42,47,48);1H",10.1016/j.ces.2022.118208,10.5650/jos.62.213
CCCCCCCCCCCCCC[N+](C)(C)CCN(CCC(=O)NCCN(CCC(=O)OC)CCC(=O)OC)CCC(=O)NCCN(CCC(=O)OC)CCC(=O)OC.[Br-],32.0,938.0999999999993,"InChI=1S/C44H84N6O10.BrH/c1-8-9-10-11-12-13-14-15-16-17-18-19-37-50(2,3)38-36-49(28-20-39(51)45-26-34-47(30-22-41(53)57-4)31-23-42(54)58-5)29-21-40(52)46-27-35-48(32-24-43(55)59-6)33-25-44(56)60-7;/h8-38H2,1-7H3,(H-,45,46,51,52);1H",10.1016/j.ces.2022.118208,10.5650/jos.62.213
CCCCCCCCCCCCCCCCCC[N+](C)(C)CCN(CCC(=O)NCCN(CCC(=O)OC)CCC(=O)OC)CCC(=O)NCCN(CCC(=O)OC)CCC(=O)OC.[Br-],41.2,994.2079999999991,"InChI=1S/C48H92N6O10.BrH/c1-8-9-10-11-12-13-14-15-16-17-18-19-20-21-22-23-41-54(2,3)42-40-53(32-24-43(55)49-30-38-51(34-26-45(57)61-4)35-27-46(58)62-5)33-25-44(56)50-31-39-52(36-28-47(59)63-6)37-29-48(60)64-7;/h8-42H2,1-7H3,(H-,49,50,55,56);1H",10.1016/j.ces.2022.118208,10.5650/jos.62.213
CCCCCCCCCCCCN(C)C.Cl,38.5,249.86999999999998,"InChI=1S/C14H31N.ClH/c1-4-5-6-7-8-9-10-11-12-13-14-15(2)3;/h4-14H2,1-3H3;1H",10.1016/j.ces.2022.118208,10.1006/jcis.1994.1186
CCCCCCCCCCC(O)CO,22.5,202.338,"InChI=1S/C12H26O2/c1-2-3-4-5-6-7-8-9-10-12(14)11-13/h12-14H,2-11H2,1H3",10.1016/j.ces.2022.118208,10.1002/0471670561
CCCCCCCCC(O)CO,23.2,174.284,"InChI=1S/C10H22O2/c1-2-3-4-5-6-7-8-10(12)9-11/h10-12H,2-9H2,1H3",10.1016/j.ces.2022.118208,10.1002/0471670561
CCCCCCCCC(O)CCO,23.4,188.31099999999998,"InChI=1S/C11H24O2/c1-2-3-4-5-6-7-8-11(13)9-10-12/h11-13H,2-10H2,1H3",10.1016/j.ces.2022.118208,10.1002/0471670561
CCCCCCCCCCC(O)CCO,23.5,216.36499999999998,"InChI=1S/C13H28O2/c1-2-3-4-5-6-7-8-9-10-13(15)11-12-14/h13-15H,2-12H2,1H3",10.1016/j.ces.2022.118208,10.1002/0471670561
CCCCCCCCCCCCC(O)CCO,26.3,244.41899999999995,"InChI=1S/C15H32O2/c1-2-3-4-5-6-7-8-9-10-11-12-15(17)13-14-16/h15-17H,2-14H2,1H3",10.1016/j.ces.2022.118208,10.1002/0471670561
CCCCCCCCOCCO,26.8,174.284,"InChI=1S/C10H22O2/c1-2-3-4-5-6-7-9-12-10-8-11/h11H,2-10H2,1H3",10.1016/j.ces.2022.118208,10.1002/0471670561
CCCCCCCCCCCCOCCOCCOCCO,27.7,318.49800000000005,"InChI=1S/C18H38O4/c1-2-3-4-5-6-7-8-9-10-11-13-20-15-17-22-18-16-21-14-12-19/h19H,2-18H2,1H3",10.1016/j.ces.2022.118208,10.1002/0471670561
CCCCCCCCCCCCOCCOCCOCCOCCO,28.4,362.55100000000016,"InChI=1S/C20H42O5/c1-2-3-4-5-6-7-8-9-10-11-13-22-15-17-24-19-20-25-18-16-23-14-12-21/h21H,2-20H2,1H3",10.1016/j.ces.2022.118208,10.1002/0471670561
CCCCCCCCCCOCCOCCOCCOCCOCCOCCO,29.8,422.60300000000035,"InChI=1S/C22H46O7/c1-2-3-4-5-6-7-8-9-11-24-13-15-26-17-19-28-21-22-29-20-18-27-16-14-25-12-10-23/h23H,2-22H2,1H3",10.1016/j.ces.2022.118208,10.1002/0471670561
CCCCCCCCCCCCOCCOCCOCCOCCOCCO,30.3,406.60400000000027,"InChI=1S/C22H46O6/c1-2-3-4-5-6-7-8-9-10-11-13-24-15-17-26-19-21-28-22-20-27-18-16-25-14-12-23/h23H,2-22H2,1H3",10.1016/j.ces.2022.118208,10.1002/0471670561
CCCCCCCCCCCCOCCOCCOCCOCCOCCOCCO,30.8,450.6570000000004,"InChI=1S/C24H50O7/c1-2-3-4-5-6-7-8-9-10-11-13-26-15-17-28-19-21-30-23-24-31-22-20-29-18-16-27-14-12-25/h25H,2-24H2,1H3",10.1016/j.ces.2022.118208,10.1002/0471670561
CCCCCCCCc1ccc(OCCOCCOCCOCCOCCOCCOCCO)cc1,29.8,514.7000000000006,"InChI=1S/C28H50O8/c1-2-3-4-5-6-7-8-27-9-11-28(12-10-27)36-26-25-35-24-23-34-22-21-33-20-19-32-18-17-31-16-15-30-14-13-29/h9-12,29H,2-8,13-26H2,1H3",10.1016/j.ces.2022.118208,10.1002/0471670561
CCCCCCCCCCCC(=O)NCCOCCOCCOCCO,30.5,375.55000000000024,"InChI=1S/C20H41NO5/c1-2-3-4-5-6-7-8-9-10-11-20(23)21-12-14-24-16-18-26-19-17-25-15-13-22/h22H,2-19H2,1H3,(H,21,23)",10.1016/j.ces.2022.118208,10.1002/0471670561
CCCCCCOCCOCCOCCOCCOCCOCCO,31.8,366.4950000000002,"InChI=1S/C18H38O7/c1-2-3-4-5-7-20-9-11-22-13-15-24-17-18-25-16-14-23-12-10-21-8-6-19/h19H,2-18H2,1H3",10.1016/j.ces.2022.118208,10.1002/0471670561
CCCCCCCCCCCCCCCCOCCOCCOCCOCCOCCOCCO,31.8,506.7650000000005,"InChI=1S/C28H58O7/c1-2-3-4-5-6-7-8-9-10-11-12-13-14-15-17-30-19-21-32-23-25-34-27-28-35-26-24-33-22-20-31-18-16-29/h29H,2-28H2,1H3",10.1016/j.ces.2022.118208,10.1002/0471670561
CCCCCCCCCCCCCCCCOCCOCCOCCOCCOCCOCCOCCO,32.8,550.8180000000004,"InChI=1S/C30H62O8/c1-2-3-4-5-6-7-8-9-10-11-12-13-14-15-17-32-19-21-34-23-25-36-27-29-38-30-28-37-26-24-35-22-20-33-18-16-31/h31H,2-30H2,1H3",10.1016/j.ces.2022.118208,10.1002/0471670561
CCCCCCCCc1ccc(OCCOCCOCCOCCOCCOCCOCCOCCO)cc1,31.8,558.7530000000005,"InChI=1S/C30H54O9/c1-2-3-4-5-6-7-8-29-9-11-30(12-10-29)39-28-27-38-26-25-37-24-23-36-22-21-35-20-19-34-18-17-33-16-15-32-14-13-31/h9-12,31H,2-8,13-28H2,1H3",10.1016/j.ces.2022.118208,10.1002/0471670561
CCCCCCCCCCCCCCCCCCN(C)C(=O)C(O)C(O)C(O)C(O)CO,32.1,461.684,"InChI=1S/C25H51NO6/c1-3-4-5-6-7-8-9-10-11-12-13-14-15-16-17-18-19-26(2)25(32)24(31)23(30)22(29)21(28)20-27/h21-24,27-31H,3-20H2,1-2H3",10.1016/j.ces.2022.118208,10.1002/0471670561
CCCCCCCCCCCCOCCOCCOCCOCCOCCOCCOCCO,33.5,494.7100000000005,"InChI=1S/C26H54O8/c1-2-3-4-5-6-7-8-9-10-11-13-28-15-17-30-19-21-32-23-25-34-26-24-33-22-20-31-18-16-29-14-12-27/h27H,2-26H2,1H3",10.1016/j.ces.2022.118208,10.1002/0471670561
CCCCCCCCCCCCOCCOCCOCCOCCOCCOCCOCCOCCO,34.6,538.7630000000006,"InChI=1S/C28H58O9/c1-2-3-4-5-6-7-8-9-10-11-13-30-15-17-32-19-21-34-23-25-36-27-28-37-26-24-35-22-20-33-18-16-31-14-12-29/h29H,2-28H2,1H3",10.1016/j.ces.2022.118208,10.1002/0471670561
CCCCCCCCCCCCCCOCCOCCOCCOCCOCCOCCOCCOCCO,33.8,566.8170000000005,"InChI=1S/C30H62O9/c1-2-3-4-5-6-7-8-9-10-11-12-13-15-32-17-19-34-21-23-36-25-27-38-29-30-39-28-26-37-24-22-35-20-18-33-16-14-31/h31H,2-30H2,1H3",10.1016/j.ces.2022.118208,10.1002/0471670561
CCCCCCCCCCCCCCCOCCOCCOCCOCCOCCOCCOCCOCCO,34.4,580.8440000000004,"InChI=1S/C31H64O9/c1-2-3-4-5-6-7-8-9-10-11-12-13-14-16-33-18-20-35-22-24-37-26-28-39-30-31-40-29-27-38-25-23-36-21-19-34-17-15-32/h32H,2-31H2,1H3",10.1016/j.ces.2022.118208,10.1002/0471670561
CCCCCCCCc1ccc(OCCOCCOCCOCCOCCOCCOCCOCCOCCO)cc1,33.3,602.8060000000004,"InChI=1S/C32H58O10/c1-2-3-4-5-6-7-8-31-9-11-32(12-10-31)42-30-29-41-28-27-40-26-25-39-24-23-38-22-21-37-20-19-36-18-17-35-16-15-34-14-13-33/h9-12,33H,2-8,13-30H2,1H3",10.1016/j.ces.2022.118208,10.1002/0471670561
CCCCCCCCCCCCN(C)C(=O)C(O)C(O)C(O)C(O)CO,34.2,377.52200000000005,"InChI=1S/C19H39NO6/c1-3-4-5-6-7-8-9-10-11-12-13-20(2)19(26)18(25)17(24)16(23)15(22)14-21/h15-18,21-25H,3-14H2,1-2H3",10.1016/j.ces.2022.118208,10.1002/0471670561
CCCCCCCCCCCCCCN(C)C(=O)C(O)C(O)C(O)C(O)CO,34.0,405.576,"InChI=1S/C21H43NO6/c1-3-4-5-6-7-8-9-10-11-12-13-14-15-22(2)21(28)20(27)19(26)18(25)17(24)16-23/h17-20,23-27H,3-16H2,1-2H3",10.1016/j.ces.2022.118208,10.1002/0471670561
CCCCCCCCCCCCCCCCN(C)C(=O)C(O)C(O)C(O)C(O)CO,33.3,433.63000000000005,"InChI=1S/C23H47NO6/c1-3-4-5-6-7-8-9-10-11-12-13-14-15-16-17-24(2)23(30)22(29)21(28)20(27)19(26)18-25/h19-22,25-29H,3-18H2,1-2H3",10.1016/j.ces.2022.118208,10.1002/0471670561
CCCCCCCCCCOCCOCCOCCOCCOCCOCCOCCOCCO,35.4,510.7090000000006,"InChI=1S/C26H54O9/c1-2-3-4-5-6-7-8-9-11-28-13-15-30-17-19-32-21-23-34-25-26-35-24-22-33-20-18-31-16-14-29-12-10-27/h27H,2-26H2,1H3",10.1016/j.ces.2022.118208,10.1002/0471670561
CCCCCCCCCCCCOCCOCCOCCOCCOCCOCCOCCOCCOCCO,35.8,582.8160000000005,"InChI=1S/C30H62O10/c1-2-3-4-5-6-7-8-9-10-11-13-32-15-17-34-19-21-36-23-25-38-27-29-40-30-28-39-26-24-37-22-20-35-18-16-33-14-12-31/h31H,2-30H2,1H3",10.1016/j.ces.2022.118208,10.1002/0471670561
CCCCCCCCCCCCCOCCOCCOCCOCCOCCOCCOCCOCCO,35.1,552.7900000000005,"InChI=1S/C29H60O9/c1-2-3-4-5-6-7-8-9-10-11-12-14-31-16-18-33-20-22-35-24-26-37-28-29-38-27-25-36-23-21-34-19-17-32-15-13-30/h30H,2-29H2,1H3",10.1016/j.ces.2022.118208,10.1002/0471670561
CCCCCCCCCCCCCCCCOCCOCCOCCOCCOCCOCCOCCOCCOCCO,35.8,638.9240000000002,"InChI=1S/C34H70O10/c1-2-3-4-5-6-7-8-9-10-11-12-13-14-15-17-36-19-21-38-23-25-40-27-29-42-31-33-44-34-32-43-30-28-41-26-24-39-22-20-37-18-16-35/h35H,2-34H2,1H3",10.1016/j.ces.2022.118208,10.1002/0471670561
CCCCCCCCc1ccc(OCCOCCOCCOCCOCCOCCOCCOCCOCCOCCO)cc1,34.8,646.8590000000003,"InChI=1S/C34H62O11/c1-2-3-4-5-6-7-8-33-9-11-34(12-10-33)45-32-31-44-30-29-43-28-27-42-26-25-41-24-23-40-22-21-39-20-19-38-18-17-37-16-15-36-14-13-35/h9-12,35H,2-8,13-32H2,1H3",10.1016/j.ces.2022.118208,10.1002/0471670561
CCCCCCCCCCCC(=O)N(CCO)CCO,34.7,287.444,"InChI=1S/C16H33NO3/c1-2-3-4-5-6-7-8-9-10-11-16(20)17(12-14-18)13-15-19/h18-19H,2-15H2,1H3",10.1016/j.ces.2022.118208,10.1002/0471670561
CCCCCCCCCCN(C)C(=O)C(O)C(O)C(O)C(O)CO,35.7,349.4680000000001,"InChI=1S/C17H35NO6/c1-3-4-5-6-7-8-9-10-11-18(2)17(24)16(23)15(22)14(21)13(20)12-19/h13-16,19-23H,3-12H2,1-2H3",10.1016/j.ces.2022.118208,10.1002/0471670561
CCCCCCCCCCCCCCCCOCCOCCOCCOCCOCCOCCOCCOCCOCCOCCOCCOCCO,38.8,771.0829999999999,"InChI=1S/C40H82O13/c1-2-3-4-5-6-7-8-9-10-11-12-13-14-15-17-42-19-21-44-23-25-46-27-29-48-31-33-50-35-37-52-39-40-53-38-36-51-34-32-49-30-28-47-26-24-45-22-20-43-18-16-41/h41H,2-40H2,1H3",10.1016/j.ces.2022.118208,10.1002/0471670561
CCCCCCCCCCCCOCCOCCOCCOCCOCCOCCOCCOCCOCCOCCOCCOCCO,39.8,714.9750000000001,"InChI=1S/C36H74O13/c1-2-3-4-5-6-7-8-9-10-11-13-38-15-17-40-19-21-42-23-25-44-27-29-46-31-33-48-35-36-49-34-32-47-30-28-45-26-24-43-22-20-41-18-16-39-14-12-37/h37H,2-36H2,1H3",10.1016/j.ces.2022.118208,10.1002/0471670561
CCCCCCCCCCCCCCCCOCCOCCOCCOCCOCCOCCOCCOCCOCCOCCOCCOCCOCCOCCOCCO,39.8,903.2419999999995,"InChI=1S/C46H94O16/c1-2-3-4-5-6-7-8-9-10-11-12-13-14-15-17-48-19-21-50-23-25-52-27-29-54-31-33-56-35-37-58-39-41-60-43-45-62-46-44-61-42-40-59-38-36-57-34-32-55-30-28-53-26-24-51-22-20-49-18-16-47/h47H,2-46H2,1H3",10.1016/j.ces.2022.118208,10.1002/0471670561
CCCCCCCCCCCCCCCCOCCOCCOCCOCCOCCOCCOCCOCCOCCOCCOCCOCCOCCOCCOCCOCCOCCOCCOCCOCCOCCO,44.8,1167.5599999999995,"InChI=1S/C58H118O22/c1-2-3-4-5-6-7-8-9-10-11-12-13-14-15-17-60-19-21-62-23-25-64-27-29-66-31-33-68-35-37-70-39-41-72-43-45-74-47-49-76-51-53-78-55-57-80-58-56-79-54-52-77-50-48-75-46-44-73-42-40-71-38-36-69-34-32-67-30-28-65-26-24-63-22-20-61-18-16-59/h59H,2-58H2,1H3",10.1016/j.ces.2022.118208,10.1002/0471670561
CCCCCCCCOC(CO)CO,24.7,204.31,"InChI=1S/C11H24O3/c1-2-3-4-5-6-7-8-14-11(9-12)10-13/h11-13H,2-10H2,1H3",10.1016/j.ces.2022.118208,10.1021/j150575a003
CCCCCCCCOCCOCCOCCO,27.0,262.38999999999993,"InChI=1S/C14H30O4/c1-2-3-4-5-6-7-9-16-11-13-18-14-12-17-10-8-15/h15H,2-14H2,1H3",10.1016/j.ces.2022.118208,10.1063/1.1874872
CC(C)(C)CC(C)(C)c1ccc(OCCOCCOCCOCCO)cc1,27.0,382.54100000000017,"InChI=1S/C22H38O5/c1-21(2,3)18-22(4,5)19-6-8-20(9-7-19)27-17-16-26-15-14-25-13-12-24-11-10-23/h6-9,23H,10-18H2,1-5H3",10.1016/j.ces.2022.118208,10.1021/j100804a010
CC(C)(C)CC(C)(C)c1ccc(OCCOCCOCCO)cc1,29.0,338.48800000000006,"InChI=1S/C20H34O4/c1-19(2,3)16-20(4,5)17-6-8-18(9-7-17)24-15-14-23-13-12-22-11-10-21/h6-9,21H,10-16H2,1-5H3",10.1016/j.ces.2022.118208,10.1021/j100804a010
CC(C)(C)CC(C)(C)c1ccc(OCCOCCOCCOCCOCCO)cc1,28.0,426.5940000000003,"InChI=1S/C24H42O6/c1-23(2,3)20-24(4,5)21-6-8-22(9-7-21)30-19-18-29-17-16-28-15-14-27-13-12-26-11-10-25/h6-9,25H,10-20H2,1-5H3",10.1016/j.ces.2022.118208,10.1021/j100804a010
CC(C)(C)CC(C)(C)c1ccc(OCCOCCOCCOCCOCCOCCO)cc1,28.8,470.6470000000004,"InChI=1S/C26H46O7/c1-25(2,3)22-26(4,5)23-6-8-24(9-7-23)33-21-20-32-19-18-31-17-16-30-15-14-29-13-12-28-11-10-27/h6-9,27H,10-22H2,1-5H3",10.1016/j.ces.2022.118208,10.1021/j100804a010
CC(C)(C)CC(C)(C)c1ccc(OCCOCCOCCOCCOCCOCCOCCO)cc1,30.5,514.7000000000005,"InChI=1S/C28H50O8/c1-27(2,3)24-28(4,5)25-6-8-26(9-7-25)36-23-22-35-21-20-34-19-18-33-17-16-32-15-14-31-13-12-30-11-10-29/h6-9,29H,10-24H2,1-5H3",10.1016/j.ces.2022.118208,10.1021/j100804a010
CC(C)(C)CC(C)(C)c1ccc(OCCOCCO)cc1,31.5,294.435,"InChI=1S/C18H30O3/c1-17(2,3)14-18(4,5)15-6-8-16(9-7-15)21-13-12-20-11-10-19/h6-9,19H,10-14H2,1-5H3",10.1016/j.ces.2022.118208,10.1021/j100804a010
CC(C)(C)CC(C)(C)c1ccc(OCCOCCOCCOCCOCCOCCOCCOCCO)cc1,32.5,558.7530000000005,"InChI=1S/C30H54O9/c1-29(2,3)26-30(4,5)27-6-8-28(9-7-27)39-25-24-38-23-22-37-21-20-36-19-18-35-17-16-34-15-14-33-13-12-32-11-10-31/h6-9,31H,10-26H2,1-5H3",10.1016/j.ces.2022.118208,10.1021/j100804a010
CC(C)(C)CC(C)(C)c1ccc(OCCOCCOCCOCCOCCOCCOCCOCCOCCO)cc1,33.7,602.8060000000004,"InChI=1S/C32H58O10/c1-31(2,3)28-32(4,5)29-6-8-30(9-7-29)42-27-26-41-25-24-40-23-22-39-21-20-38-19-18-37-17-16-36-15-14-35-13-12-34-11-10-33/h6-9,33H,10-28H2,1-5H3",10.1016/j.ces.2022.118208,10.1021/j100804a010
CC(C)(C)CC(C)(C)c1ccc(OCCO)cc1,35.0,250.38199999999995,"InChI=1S/C16H26O2/c1-15(2,3)12-16(4,5)13-6-8-14(9-7-13)18-11-10-17/h6-9,17H,10-12H2,1-5H3",10.1016/j.ces.2022.118208,10.1021/j100804a010
CC(C)(C)CC(C)(C)c1ccc(OCCOCCOCCOCCOCCOCCOCCOCCOCCOCCO)cc1,35.5,646.8590000000003,"InChI=1S/C34H62O11/c1-33(2,3)30-34(4,5)31-6-8-32(9-7-31)45-29-28-44-27-26-43-25-24-42-23-22-41-21-20-40-19-18-39-17-16-38-15-14-37-13-12-36-11-10-35/h6-9,35H,10-30H2,1-5H3",10.1016/j.ces.2022.118208,10.1021/j100804a010
CC(C)(C)CC(C)(C)c1ccc(OCCOCCOCCOCCOCCOCCOCCO)cc1,28.1,514.7000000000006,"InChI=1S/C28H50O8/c1-27(2,3)24-28(4,5)25-6-8-26(9-7-25)36-23-22-35-21-20-34-19-18-33-17-16-32-15-14-31-13-12-30-11-10-29/h6-9,29H,10-24H2,1-5H3",10.1016/j.ces.2022.118208,10.1016/j.colsurfa.2017.02.093
CC(C)(C)CC(C)(C)c1ccc(OCCOCCOCCOCCOCCOCCOCCOCCOCCO)cc1,29.6,602.8060000000004,"InChI=1S/C32H58O10/c1-31(2,3)28-32(4,5)29-6-8-30(9-7-29)42-27-26-41-25-24-40-23-22-39-21-20-38-19-18-37-17-16-36-15-14-35-13-12-34-11-10-33/h6-9,33H,10-28H2,1-5H3",10.1016/j.ces.2022.118208,10.1016/j.colsurfa.2017.02.093
CCCCCCCCN(CCCNC(=O)C(O)C(O)C(O)C(O)CO)CCN(CCCCCCCC)CCCNC(=O)C(O)C(O)C(O)C(O)CO,28.2,755.0040000000005,"InChI=1S/C36H74N4O12/c1-3-5-7-9-11-13-19-39(21-15-17-37-35(51)33(49)31(47)29(45)27(43)25-41)23-24-40(20-14-12-10-8-6-4-2)22-16-18-38-36(52)34(50)32(48)30(46)28(44)26-42/h27-34,41-50H,3-26H2,1-2H3,(H,37,51)(H,38,52)",10.1016/j.ces.2022.118208,10.1016/j.jcis.2003.09.020
CCCCCCCCCCCCN(CCCNC(=O)C(O)C(O)C(O)C(O)CO)CCN(CCCCCCCCCCCC)CCCNC(=O)C(O)C(O)C(O)C(O)CO,32.0,867.2199999999997,"InChI=1S/C44H90N4O12/c1-3-5-7-9-11-13-15-17-19-21-27-47(29-23-25-45-43(59)41(57)39(55)37(53)35(51)33-49)31-32-48(28-22-20-18-16-14-12-10-8-6-4-2)30-24-26-46-44(60)42(58)40(56)38(54)36(52)34-50/h35-42,49-58H,3-34H2,1-2H3,(H,45,59)(H,46,60)",10.1016/j.ces.2022.118208,10.1016/j.jcis.2003.09.020
CCCCCCCCCCCCN(CCCNC(=O)C(O)C(O)C(O)C(O)C(O)CO)CCN(CCCCCCCCCCCC)CCCNC(=O)C(O)C(O)C(O)C(O)C(O)CO,33.0,927.2719999999996,"InChI=1S/C46H94N4O14/c1-3-5-7-9-11-13-15-17-19-21-27-49(29-23-25-47-45(63)43(61)41(59)39(57)37(55)35(53)33-51)31-32-50(28-22-20-18-16-14-12-10-8-6-4-2)30-24-26-48-46(64)44(62)42(60)40(58)38(56)36(54)34-52/h35-44,51-62H,3-34H2,1-2H3,(H,47,63)(H,48,64)",10.1016/j.ces.2022.118208,10.1016/j.jcis.2003.09.020
CCCCCCOCCOCCOCCO,30.4,234.33599999999993,"InChI=1S/C12H26O4/c1-2-3-4-5-7-14-9-11-16-12-10-15-8-6-13/h13H,2-12H2,1H3",10.1016/j.ces.2022.118208,10.1021/acs.jpcc.9b01522
CCCCCCCCOCCOCCOCCOCCO,30.5,306.44300000000004,"InChI=1S/C16H34O5/c1-2-3-4-5-6-7-9-18-11-13-20-15-16-21-14-12-19-10-8-17/h17H,2-16H2,1H3",10.1016/j.ces.2022.118208,10.1007/s00396-007-1747-0
CCCCCCCCOCCOCCOCCOCCOCCOCCO,32.8,394.54900000000026,"InChI=1S/C20H42O7/c1-2-3-4-5-6-7-9-22-11-13-24-15-17-26-19-20-27-18-16-25-14-12-23-10-8-21/h21H,2-20H2,1H3",10.1016/j.ces.2022.118208,10.1039/TF9646000202
CCCC(CCC)COCCOCCOCCOCCOCCOCCO,31.7,394.54900000000026,"InChI=1S/C20H42O7/c1-3-5-20(6-4-2)19-27-18-17-26-16-15-25-14-13-24-12-11-23-10-9-22-8-7-21/h20-21H,3-19H2,1-2H3",10.1016/j.ces.2022.118208,10.1007/BF01500880
CCCCC(CCCC)COCCOCCOCCOCCOCCOCCOCCOCCOCCO,32.6,554.7620000000005,"InChI=1S/C28H58O10/c1-3-5-7-28(8-6-4-2)27-38-26-25-37-24-23-36-22-21-35-20-19-34-18-17-33-16-15-32-14-13-31-12-11-30-10-9-29/h28-29H,3-27H2,1-2H3",10.1016/j.ces.2022.118208,10.1007/BF01500880
CCCCCOCCOCCOCCOCCOCCOCCO,34.3,352.46800000000013,"InChI=1S/C17H36O7/c1-2-3-4-6-19-8-10-21-12-14-23-16-17-24-15-13-22-11-9-20-7-5-18/h18H,2-17H2,1H3",10.1016/j.ces.2022.118208,10.1007/BF01500880
CCC(CC)COCCOCCOCCOCCOCCOCCO,33.6,366.4950000000002,"InChI=1S/C18H38O7/c1-3-18(4-2)17-25-16-15-24-14-13-23-12-11-22-10-9-21-8-7-20-6-5-19/h18-19H,3-17H2,1-2H3",10.1016/j.ces.2022.118208,10.1007/BF01500880
CC(C)COCCOCCOCCOCCOCCOCCO,35.0,338.4410000000001,"InChI=1S/C16H34O7/c1-16(2)15-23-14-13-22-12-11-21-10-9-20-8-7-19-6-5-18-4-3-17/h16-17H,3-15H2,1-2H3",10.1016/j.ces.2022.118208,10.1007/BF01500880
CCCCCCOCCOCCOCCOCCO,32.0,278.38899999999995,"InChI=1S/C14H30O5/c1-2-3-4-5-7-16-9-11-18-13-14-19-12-10-17-8-6-15/h15H,2-14H2,1H3",10.1016/j.ces.2022.118208,10.1016/0095-8522(62)90020-X
CCCCCCOCCOCCOCCOCCOCCO,33.0,322.44200000000006,"InChI=1S/C16H34O6/c1-2-3-4-5-7-18-9-11-20-13-15-22-16-14-21-12-10-19-8-6-17/h17H,2-16H2,1H3",10.1016/j.ces.2022.118208,10.1016/0095-8522(62)90020-X
CCCCCCCCCCCCCCOCCOCCOCCOCCOCCOCCO,32.2,478.71100000000047,"InChI=1S/C26H54O7/c1-2-3-4-5-6-7-8-9-10-11-12-13-15-28-17-19-30-21-23-32-25-26-33-24-22-31-20-18-29-16-14-27/h27H,2-26H2,1H3",10.1016/j.ces.2022.118208,10.1039/F19757100217
CCCCCCCCCCCCCCCCOCCOCCOCCOCCOCCOCCOCCOCCOCCOCCOCCOCCOCCOCCOCCOCCOCCO,39.7,991.3479999999993,"InChI=1S/C50H102O18/c1-2-3-4-5-6-7-8-9-10-11-12-13-14-15-17-52-19-21-54-23-25-56-27-29-58-31-33-60-35-37-62-39-41-64-43-45-66-47-49-68-50-48-67-46-44-65-42-40-63-38-36-61-34-32-59-30-28-57-26-24-55-22-20-53-18-16-51/h51H,2-50H2,1H3",10.1016/j.ces.2022.118208,10.1016/0021-9797(76)90313-1
CCCCCCCCCCCCCCCCOCCOCCOCCOCCOCCOCCOCCOCCOCCOCCOCCOCCOCCOCCOCCOCCOCCOCCOCCOCCOCCOCCOCCOCCOCCOCCOCCOCCOCCOCCOCCOCCOCCOCCOCCOCCOCCOCCOCCOCCOCCOCCOCCOCCO,44.7,2180.7790000000014,"InChI=1S/C104H210O45/c1-2-3-4-5-6-7-8-9-10-11-12-13-14-15-17-106-19-21-108-23-25-110-27-29-112-31-33-114-35-37-116-39-41-118-43-45-120-47-49-122-51-53-124-55-57-126-59-61-128-63-65-130-67-69-132-71-73-134-75-77-136-79-81-138-83-85-140-87-89-142-91-93-144-95-97-146-99-101-148-103-104-149-102-100-147-98-96-145-94-92-143-90-88-141-86-84-139-82-80-137-78-76-135-74-72-133-70-68-131-66-64-129-62-60-127-58-56-125-54-52-123-50-48-121-46-44-119-42-40-117-38-36-115-34-32-113-30-28-111-26-24-109-22-20-107-18-16-105/h105H,2-104H2,1H3",10.1016/j.ces.2022.118208,10.1016/0021-9797(76)90313-1
CCCCCCCCCCCCCCCCOCCOCCOCCOCCOCCOCCOCCOCCOCCOCCOCCOCCOCCOCCOCCOCCOCCOCCOCCOCCOCCOCCOCCOCCOCCOCCOCCOCCOCCOCCOCCOCCOCCOCCOCCOCCOCCOCCOCCOCCOCCOCCOCCOCCOCCOCCOCCOCCOCCOCCOCCOCCOCCOCCOCCOCCOCCOCCOCCOCCOCCOCCOCCO,47.5,3017.785999999999,"InChI=1S/C142H286O64/c1-2-3-4-5-6-7-8-9-10-11-12-13-14-15-17-144-19-21-146-23-25-148-27-29-150-31-33-152-35-37-154-39-41-156-43-45-158-47-49-160-51-53-162-55-57-164-59-61-166-63-65-168-67-69-170-71-73-172-75-77-174-79-81-176-83-85-178-87-89-180-91-93-182-95-97-184-99-101-186-103-105-188-107-109-190-111-113-192-115-117-194-119-121-196-123-125-198-127-129-200-131-133-202-135-137-204-139-141-206-142-140-205-138-136-203-134-132-201-130-128-199-126-124-197-122-120-195-118-116-193-114-112-191-110-108-189-106-104-187-102-100-185-98-96-183-94-92-181-90-88-179-86-84-177-82-80-175-78-76-173-74-72-171-70-68-169-66-64-167-62-60-165-58-56-163-54-52-161-50-48-159-46-44-157-42-40-155-38-36-153-34-32-151-30-28-149-26-24-147-22-20-145-18-16-143/h143H,2-142H2,1H3",10.1016/j.ces.2022.118208,10.1016/0021-9797(76)90313-1
CCCCCCCCCC(=O)OC(C)C(=O)NCCCN(C)C,33.0,328.4970000000001,"InChI=1S/C18H36N2O3/c1-5-6-7-8-9-10-11-13-17(21)23-16(2)18(22)19-14-12-15-20(3)4/h16H,5-15H2,1-4H3,(H,19,22)",10.1016/j.ces.2022.118208,10.1007/s11743-000-0142-z
CCCCCCCCCCC(=O)OC(C)C(=O)NCCCN(C)C,34.1,342.52400000000017,"InChI=1S/C19H38N2O3/c1-5-6-7-8-9-10-11-12-14-18(22)24-17(2)19(23)20-15-13-16-21(3)4/h17H,5-16H2,1-4H3,(H,20,23)",10.1016/j.ces.2022.118208,10.1007/s11743-000-0142-z
CCCCCCCCCCCC(=O)OC(C)C(=O)NCCCN(C)C,27.8,356.5510000000001,"InChI=1S/C20H40N2O3/c1-5-6-7-8-9-10-11-12-13-15-19(23)25-18(2)20(24)21-16-14-17-22(3)4/h18H,5-17H2,1-4H3,(H,21,24)",10.1016/j.ces.2022.118208,10.1007/s11743-000-0142-z
CCCCCCCCCCCCCC(=O)OC(C)C(=O)NCCCN(C)C,26.5,384.60500000000013,"InChI=1S/C22H44N2O3/c1-5-6-7-8-9-10-11-12-13-14-15-17-21(25)27-20(2)22(26)23-18-16-19-24(3)4/h20H,5-19H2,1-4H3,(H,23,26)",10.1016/j.ces.2022.118208,10.1007/s11743-000-0142-z
CCCCCCCCCCCCCCCC(=O)OC(C)C(=O)NCCCN(C)C,33.4,412.65900000000016,"InChI=1S/C24H48N2O3/c1-5-6-7-8-9-10-11-12-13-14-15-16-17-19-23(27)29-22(2)24(28)25-20-18-21-26(3)4/h22H,5-21H2,1-4H3,(H,25,28)",10.1016/j.ces.2022.118208,10.1007/s11743-000-0142-z
CCCCCCCCCCCCCCCCCC(=O)OC(C)C(=O)NCCCN(C)C,29.0,440.7130000000002,"InChI=1S/C26H52N2O3/c1-5-6-7-8-9-10-11-12-13-14-15-16-17-18-19-21-25(29)31-24(2)26(30)27-22-20-23-28(3)4/h24H,5-23H2,1-4H3,(H,27,30)",10.1016/j.ces.2022.118208,10.1007/s11743-000-0142-z
