SMILES,Surfactant_Type_1,Surfactant_Type_2,Surfactant_Type_3
CCCCCCCCCCOC(=O)C[N+](C)(C)CCCN=Cc1ccccc1O.[Cl-],cationic,,
CCCCCCCCCCCCCCOC(=O)C[N+](C)(C)CCCN=Cc1ccccc1O.[Cl-],cationic,,
CCCCCCCCCCCCCCCCOC(=O)C[N+](C)(C)CCCN=Cc1ccccc1O.[Cl-],cationic,,
CCCCCCCCCCCCOC(=O)[N+](CC)(CC)CC.[I-],cationic,,
CCCCCCCCCCCCCCCCOC(=O)[N+](CC)(CC)CC.[I-],cationic,,
CCCCCCCCCCCCCCCCCCOC(=O)[N+](CC)(CC)CC.[I-],cationic,,
CCCCCCCCOC(=O)C[N+](C)(C)CC[N+](C)(C)CC(=O)OCCCCCCCC.[Cl-].[Cl-],cationic,gemini,
CCCCCCCCCCCCOC(=O)C[N+](C)(C)CC[N+](C)(C)CC(=O)OCCCCCCCCCCCC.[Cl-].[Cl-],cationic,gemini,
CCCCCCCCCCCCCCCCOC(=O)C[N+](C)(C)CC[N+](C)(C)CC(=O)OCCCCCCCCCCCCCCCC.[Cl-].[Cl-],cationic,gemini,
CCCCCCCCCCCCCCCCCCOC(=O)C[N+](C)(C)CC[N+](C)(C)CC(=O)OCCCCCCCCCCCCCCCCCC.[Cl-].[Cl-],cationic,gemini,
CCCCCCCC[N+](C)(C)c1ccc(C=Nc2c(C)n(C)n(-c3ccccc3)c2=O)cc1.[Br-],cationic,,
CCCCCCCCCCCC[N+](C)(C)c1ccc(C=Nc2c(C)n(C)n(-c3ccccc3)c2=O)cc1.[Br-],cationic,,
CCCCCCCCCCCCCCCC[N+](C)(C)c1ccc(C=Nc2c(C)n(C)n(-c3ccccc3)c2=O)cc1.[Br-],cationic,,
CCCCCCCCCCCC[N+](C)(C)CCC[N+](C)(C)CCCCCCCCCCCC.[Br-].[Br-],cationic,gemini,
CCCCCCCCCCCC[N+](C)(C)CCCC[N+](C)(C)CCCCCCCCCCCC.[Br-].[Br-],cationic,gemini,
CCCCCCCCCCCC[N+](C)(C)CCCCCC[N+](C)(C)CCCCCCCCCCCC.[Br-].[Br-],cationic,gemini,
CCCCCCCCCCCC[N+](C)(C)CCCCCCCC[N+](C)(C)CCCCCCCCCCCC.[Br-].[Br-],cationic,gemini,
CCCCCCCCCCCC[N+](C)(C)CCCCCCCCCC[N+](C)(C)CCCCCCCCCCCC.[Br-].[Br-],cationic,gemini,
CCCCCCCCCCCC[N+](C)(C)CCCCCCCCCCCC[N+](C)(C)CCCCCCCCCCCC.[Br-].[Br-],cationic,gemini,
CCCCCCCCCCCC[N+](C)(C)CCCCCCCCCCCCCC[N+](C)(C)CCCCCCCCCCCC.[Br-].[Br-],cationic,gemini,
CCCCCCCCCCCC[N+](C)(C)CCCCCCCCCCCCCCCC[N+](C)(C)CCCCCCCCCCCC.[Br-].[Br-],cationic,gemini,
CC(C)CCCCCc1ccc(OCCOCCOCCOCCOCCOCCOCCOCCOCCOCCO)cc1,non-ionic,,
CC(C)CCCCCc1ccc(OCCOCCOCCOCCOCCOCCOCCOCCOCCOCCOCCOCCOCCOCCOCCO)cc1,non-ionic,,
CC(C)CCCCCc1ccc(OCCOCCOCCOCCOCCOCCOCCOCCOCCOCCOCCOCCOCCOCCOCCOCCOCCOCCOCCOCCO)cc1,non-ionic,,
CC(C)CCCCCc1ccc(OCCOCCOCCOCCOCCOCCOCCOCCOCCOCCOP(=O)(O)O)cc1,anionic,,
CC(C)CCCCCc1ccc(OCCOCCOCCOCCOCCOCCOCCOCCOCCOCCOCCOCCOCCOCCOCCOP(=O)(O)O)cc1,anionic,,
CC(C)CCCCCc1ccc(OCCOCCOCCOCCOCCOCCOCCOCCOCCOCCOCCOCCOCCOCCOCCOCCOCCOCCOCCOCCOP(=O)(O)O)cc1,non-ionic,,
O=C(NCCOCCO)C(F)(F)C(F)(F)C(F)(F)C(F)(F)C(F)(F)C(F)(F)C(F)(F)F,non-ionic,,
CCCCCCCCCC(=O)OC(C)C(=O)NCCCN(C)C,non-ionic,,
CCCCCCCCCCC(=O)OC(C)C(=O)NCCCN(C)C,non-ionic,,
CCCCCCCCCCCC(=O)OC(C)C(=O)NCCCN(C)C,non-ionic,,
CCCCCCCCCCCCCC(=O)OC(C)C(=O)NCCCN(C)C,non-ionic,,
CCCCCCCCCCCCCCCC(=O)OC(C)C(=O)NCCCN(C)C,non-ionic,,
CCCCCCCCCCCCCCCCCC(=O)OC(C)C(=O)NCCCN(C)C,non-ionic,,
C=CCCCCCCCCCC(=O)OC(C)C(=O)NCCCN(C)C,non-ionic,,
CCCCCCC(=O)OC(C)C(=O)NCCC[N+](C)(C)C.COS(=O)(=O)[O-],cationic,organic counterion,
CCCCCCCC(=O)OC(C)C(=O)NCCC[N+](C)(C)C.COS(=O)(=O)[O-],cationic,organic counterion,
CCCCCCCCC(=O)OC(C)C(=O)NCCC[N+](C)(C)C.COS(=O)(=O)[O-],cationic,organic counterion,
CCCCCCCCCC(=O)OC(C)C(=O)NCCC[N+](C)(C)C.COS(=O)(=O)[O-],cationic,organic counterion,
CCCCCCCCCCC(=O)OC(C)C(=O)NCCC[N+](C)(C)C.COS(=O)(=O)[O-],cationic,organic counterion,
CCCCCCCCCCCC(=O)OC(C)C(=O)NCCC[N+](C)(C)C.COS(=O)(=O)[O-],cationic,organic counterion,
CCCCCCCCCCCCCC(=O)OC(C)C(=O)NCCC[N+](C)(C)C.COS(=O)(=O)[O-],cationic,organic counterion,
CCCCCCCCCCCCCCCC(=O)OC(C)C(=O)NCCC[N+](C)(C)C.COS(=O)(=O)[O-],cationic,organic counterion,
CCCCCCCCCCCCCCCCCC(=O)OC(C)C(=O)NCCC[N+](C)(C)C.COS(=O)(=O)[O-],cationic,organic counterion,
C=CCCCCCCCCC(=O)OC(C)C(=O)NCCC[N+](C)(C)C.COS(=O)(=O)[O-],cationic,organic counterion,
CCCCCCCCCC[n+]1ccn(CCCCn2cc[n+](CCCCCCCCCC)c2)c1.[Br-].[Br-],cationic,gemini,
CCCCCCCCCCCC[n+]1ccn(CCCCn2cc[n+](CCCCCCCCCCCC)c2)c1.[Br-].[Br-],cationic,gemini,
CCCCCCCCCCCCCC[n+]1ccn(CCCCn2cc[n+](CCCCCCCCCCCCCC)c2)c1.[Br-].[Br-],cationic,gemini,
CCCCCCCCCCCC[n+]1ccn(CCn2cc[n+](CCCCCCCCCCCC)c2)c1.[Br-].[Br-],cationic,gemini,
CCCCCCCCCCCC[n+]1ccn(CCCCCCn2cc[n+](CCCCCCCCCCCC)c2)c1.[Br-].[Br-],cationic,gemini,
CCCCCCCCCC[NH2+]CCO.[Br-],cationic,,
CCCCCCCCCC[NH+](CCO)CCO.[Br-],cationic,,
CCCCCCCCCC[N+](CCO)(CCO)CCO.[Br-],cationic,,
CCCCCCCCCC[NH+](C)CCO.[Br-],cationic,,
CC(=O)[O-].CCCCCCCCCCCC[NH2+]CC(C)O,cationic,organic counterion,
CCC(=O)[O-].CCCCCCCCCCCC[NH2+]CC(C)O,cationic,organic counterion,
CCCCCCCCCCCC[NH2+]CC(C)O.[Cl-],cationic,,
CCCCCCCCCCCC[NH2+]CC(C)O.[Br-],cationic,,
CCCCCCCCCCCC[NH+](C)CC(C)O.[I-],cationic,,
CCCCCCCCCCCC[NH+](CC)CC(C)O.[Br-],cationic,,
CCCCCCCCCCCC[NH+](CCC)CC(C)O.[Br-],cationic,,
CCCCCCCCC[NH2+]CCO.[Br-],cationic,,
CCCCCCCCC[NH+](CCO)CCO.[Br-],cationic,,
CCCCCCCCC[N+](CCO)(CCO)CCO.[Br-],cationic,,
CCCCCCCCC[NH2+]CCO.[I-],cationic,,
CCCCCCCCC[NH+](CCO)CCO.[I-],cationic,,
CCCCCCCCC[N+](CCO)(CCO)CCO.[I-],cationic,,
CCCCCCCC[NH+](CCCCC[NH+](CCCCCCCC)CC(C)O)CC(C)O.[Br-].[Br-],cationic,gemini,
CCCCCCCCC[NH+](CCCCC[NH+](CCCCCCCCC)CC(C)O)CC(C)O.[Br-].[Br-],cationic,gemini,
CCCCCCCCCCCC[NH+](CCCCC[NH+](CCCCCCCCCCCC)CC(C)O)CC(C)O.[Br-].[Br-],cationic,gemini,
CCCCCCCCCCCCCCCC[NH+](CCCCC[NH+](CCCCCCCCCCCCCCCC)CC(C)O)CC(C)O.[Br-].[Br-],cationic,gemini,
CCCCCCCC[N+](CCCCC[N+](CCCCCCCC)(CC(C)O)CC(C)O)(CC(C)O)CC(C)O.[Br-].[Br-],cationic,gemini,
CCCCCCCCC[N+](CCCCC[N+](CCCCCCCCC)(CC(C)O)CC(C)O)(CC(C)O)CC(C)O.[Br-].[Br-],cationic,gemini,
CCCCCCCCCCCC[N+](CCCCC[N+](CCCCCCCCCCCC)(CC(C)O)CC(C)O)(CC(C)O)CC(C)O.[Br-].[Br-],cationic,gemini,
CCCCCCCCCCCCCCCC[N+](CCCCC[N+](CCCCCCCCCCCCCCC)(CC(C)O)CC(C)O)(CC(C)O)CC(C)O.[Br-].[Br-],cationic,gemini,
CCCCCCCCCCCCCC[NH2+]CCO.[Br-],cationic,,
CCCCCCCCCCCCCC[NH+](CCO)CCO.[Br-],cationic,,
CCCCCCCCCCCCCC[N+](CCO)(CCO)CCO.[Br-],cationic,,
CCCCCCCCCCCCCC[NH+](C)CCO.[Br-],cationic,,
CCCCCCCCCCCCCC[N+](C)(CCO)CCO.[Br-],cationic,,
CCCCCCCCCCCCCC[N+](CCO)(CCO)CC(C)O.[Br-],cationic,,
CCCCCCCCCCCCCC[N+](CCO)(CC(C)O)CC(C)O.[Br-],cationic,,
CCCCCCCCCCCCCC[N+](CC(C)O)(CC(C)O)CC(C)O.[Br-],cationic,,
CCCCCCCCCCO[C@@H]1O[C@H](CO)[C@@H](O)[C@H](O)[C@H]1O,non-ionic,sugar based,
CCCCCCCCCCO[C@@H]1O[C@H](CO)[C@@H](O[C@H]2O[C@H](CO)[C@@H](O)[C@H](O)[C@H]2O)[C@H](O)[C@H]1O,non-ionic,sugar based,
CCCCCCCCCCCCO[C@@H]1O[C@H](CO)[C@@H](O)[C@H](O)[C@H]1O,non-ionic,sugar based,
CCCCCCCCCCCCO[C@@H]1O[C@H](CO)[C@@H](O[C@H]2O[C@H](CO)[C@@H](O)[C@H](O)[C@H]2O)[C@H](O)[C@H]1O,non-ionic,sugar based,
CCCCCCCCCCCCO[C@@H]1O[C@H](CO)[C@@H](O[C@H]2O[C@H](CO)[C@@H](O)[C@H](O)[C@H]2O)[C@H](O)[C@H]1O,non-ionic,sugar based,
CCCCCCCCCCC(=O)N(C)C[C@H](O)[C@@H](O)[C@H](O)[C@H](O)CO,non-ionic,sugar based,
CCCCCCCCC(O)C(O)CCCCCCCC(=O)NCCCO,non-ionic,,
CCCCCCCCC(O)C(O)CCCCCCCC(=O)NCCO,non-ionic,,
CCCCCCCCOCCOCCOCCOCCO,non-ionic,,
CCCCCOC(=O)[C@@H](Cc1ccccc1)NC(=O)c1ccccc1S(=O)(=O)[O-].[Na+],anionic,,
CCCCCCCCOC(=O)[C@@H](Cc1ccccc1)NC(=O)c1ccccc1S(=O)(=O)[O-].[Na+],anionic,,
CCCCCCCCCCOC(=O)[C@@H](Cc1ccccc1)NC(=O)c1ccccc1S(=O)(=O)[O-].[Na+],anionic,,
CCCCCCCCCCCCOC(=O)[C@@H](Cc1ccccc1)NC(=O)c1ccccc1S(=O)(=O)[O-].[Na+],anionic,,
CCCCCCCCCCCCCCOC(=O)[C@@H](Cc1ccccc1)NC(=O)c1ccccc1S(=O)(=O)[O-].[Na+],anionic,,
CCCCCCCCCCCCOC(=O)[C@@H](C)NC(=O)c1ccccc1S(=O)(=O)[O-].[Na+],anionic,,
CCCCCCCCCC(=O)N[N+](C)(C)CCC[N+](C)(C)NC(=O)CCCCCCCCC.[Br-].[Br-],cationic,gemini,
CCCCCCCCCCCC(=O)N[N+](C)(C)CCC[N+](C)(C)NC(=O)CCCCCCCCCCC.[Br-].[Br-],cationic,gemini,
CCCCCCCCCCCCCC(=O)N[N+](C)(C)CCC[N+](C)(C)NC(=O)CCCCCCCCCCCCC.[Br-].[Br-],cationic,gemini,
CCCCCCCCCCCCCCCC(=O)N[N+](C)(C)CCC[N+](C)(C)NC(=O)CCCCCCCCCCCCCCC.[Br-].[Br-],cationic,gemini,
CCCCCCCCCCCCC(=O)N[N+](C)(C)C.[I-],cationic,,
CCCCCCCC[N+](C)(C)CCN=Cc1ccc([N+](C)(C)CCCCCCCC)cc1.[Br-].[Br-],cationic,gemini,
CCCCCCCCCCCC[N+](C)(C)CCN=Cc1ccc([N+](C)(C)CCCCCCCCCCCC)cc1.[Br-].[Br-],cationic,gemini,
CCCCCCCCCCCCCCCC[N+](C)(C)CCN=Cc1ccc([N+](C)(C)CCCCCCCCCCCCCCCC)cc1.[Br-].[Br-],cationic,gemini,
CCCCCCn1cc[n+](CCCC)c1.[Br-],cationic,gemini,
CCCCCCCCn1cc[n+](CCCC)c1.[Br-],cationic,gemini,
CCCCCCCCCCn1cc[n+](CCCC)c1.[Br-],cationic,gemini,
CCCCCCCCCCCCn1cc[n+](CCCC)c1.[Br-],cationic,gemini,
CCCCCCCCCCCCCCn1cc[n+](CCCC)c1.[Br-],cationic,gemini,
CCCCCCn1cc[n+](C)c1.[Br-],cationic,gemini,
CCCCCCCCn1cc[n+](C)c1.[Br-],cationic,gemini,
CCCCCCCCCCn1cc[n+](C)c1.[Br-],cationic,,
CCCCCCCCCCCCn1cc[n+](C)c1.[Br-],cationic,,
CCCCCCCCCCCCCCCCn1cc[n+](C)c1.[Br-],cationic,,
CCCCCCCCn1cc[n+](CCCCCCCC)c1.[Br-],cationic,gemini,
CCCCCCCCCCCCn1cc[n+](CCCCCCCCCCCC)c1.[Br-],cationic,gemini,
CCCC[n+]1ccn(CCCCCCCCn2cc[n+](CCCC)c2)c1.[Br-].[Br-],cationic,gemini,
CCCC[n+]1ccn(CCCCCCCCCCn2cc[n+](CCCC)c2)c1.[Br-].[Br-],cationic,gemini,
CCCC[n+]1ccn(CCCCCCCCCCCCn2cc[n+](CCCC)c2)c1.[Br-].[Br-],cationic,gemini,
C[n+]1ccn(CCCCCCCCCCn2cc[n+](C)c2)c1.[Br-].[Br-],cationic,gemini,
CCCCCCCCCC[n+]1ccn(CCCCCCCCCCCCn2cc[n+](CCCCCCCCCC)c2)c1.[Br-].[Br-],cationic,gemini,
CCCCCCCCCCCCCCCCCCOCCOCCOCCOCCOCCOCCOCCOCCOCCOCCOCCOCCOCCOCCOCCOCCO,non-ionic,,
CCCCCCCCCCCCCCCCCCOCCOCCOCCOCCOCCOCCOCCOCCOCCOCCOCCOCCOCCOCCOCCOCCOCCOCCOCCOCCOCCOCCO,non-ionic,,
CCCCCCCCCCCCCCCCCCOCCOCCOCCOCCOCCOCCOCCOCCOCCOCCOCCOCCOCCOCCOCCOCCOCCOCCOCCOCCOCCOCCOCCOCCOCCOCCOCCOCCOCCOCCOCCOCCOCCOCCOCCOCCOCCOCCOCCOCCOCCOCCOCCO,non-ionic,,
CCCCCCCCCCCCCCCCCCOCCOCCOCCOCCOCCOCCOCCOCCOCCOCCOCCOCCOCCOCCOCCOCCOCCOCCOCCOCCOCCOCCOCCOCCOCCOCCOCCOCCOCCOCCOCCOCCOCCOCCOCCOCCOCCOCCOCCOCCOCCOCCOCCOCCOCCOCCOCCOCCOCCOCCOCCOCCO,non-ionic,,
CCCCCCCCCCCCOS(=O)(=O)[O-].[Na+],anionic,,
CCCCCCCCCCCCOCCOS(=O)(=O)[O-].[Na+],anionic,,
CCCCCCCCCCCCOCCOCCOS(=O)(=O)[O-].[Na+],anionic,,
CCCCCCCCCCOCCOCCOS(=O)(=O)[O-].[Na+],anionic,,
CCCCCCCCCCCCCCOCCOCCOS(=O)(=O)[O-].[Na+],anionic,,
CCCCCCCCCCCCCCCCOCCOCCOS(=O)(=O)[O-].[Na+],anionic,,
CCCCCCCC(=O)N[C@H]1C(OC)O[C@H](COS(=O)(=O)[O-])[C@@H](O)[C@@H]1O.[Na+],anionic,,
CCCCCCCCCCCC(=O)N[C@H]1C(OC)O[C@H](COS(=O)(=O)[O-])[C@@H](O)[C@@H]1O.[Na+],anionic,,
CCCCCCCCCCCCCCCC(=O)N[C@H]1C(OC)O[C@H](COS(=O)(=O)[O-])[C@@H](O)[C@@H]1O.[Na+],anionic,,
CCCCCCCCCCC(CCC(CCCCCCCCC)[n+]1ccccc1)[n+]1ccccc1.[Br-].[Br-],cationic,gemini,
CCCCCCCCCCCCC(CCC(CCCCCCCCCCC)[n+]1ccccc1)[n+]1ccccc1.[Br-].[Br-],cationic,gemini,
CCCCCCCCCCCCCCC(CCC(CCCCCCCCCCCCC)[n+]1ccccc1)[n+]1ccccc1.[Br-].[Br-],cationic,gemini,
CCCCCCCCCCCCC(CSCCSCCSCCSCC(CCCCCCCCCCC)[n+]1ccccc1)[n+]1ccccc1.[Br-].[Br-],cationic,gemini,
CCCCCCCCCCCCC(CSCCSCCSCCSCC(CCCCCCCCCCC)[n+]1ccccc1)[n+]1ccccc1.[Cl-].[Cl-],cationic,gemini,
CCCCCCCCCCCCC(CSCCSCCSCCSCCSCC(CCCCCCCCCCC)[n+]1ccccc1)[n+]1ccccc1.[Cl-].[Cl-],cationic,gemini,
CCCCCCCCCCCCC(CSCCSCCSCCSCCSCCSCCSCCSCCSCC(CCCCCCCCCCC)[n+]1ccccc1)[n+]1ccccc1.[Cl-].[Cl-],cationic,gemini,
CCCCCCCCCCCCC(CSCCSCCSCCSCCSCCSCCSCCSCCSCCSCCSCCSCCSCC(CCCCCCCCCCC)[n+]1ccccc1)[n+]1ccccc1.[Cl-].[Cl-],cationic,gemini,
CCCCCCCCCCCCC(CSCCSCCSCC(CCCCCCCCCCC)[n+]1ccccc1)[n+]1ccccc1.CS(=O)(=O)[O-].CS(=O)(=O)[O-],cationic,gemini,organic counterion
CCCCCCCCCCCCC(CSCCSCCSCCSCC(CCCCCCCCCCC)[n+]1ccccc1)[n+]1ccccc1.CS(=O)(=O)[O-].CS(=O)(=O)[O-],cationic,gemini,organic counterion
CCCCCCCCCCCCC(CSCCSCCSCCSCCSCC(CCCCCCCCCCC)[n+]1ccccc1)[n+]1ccccc1.CS(=O)(=O)[O-].CS(=O)(=O)[O-],cationic,gemini,organic counterion
CCCCCCCCCCCCC(CSCCSCCSCCSCCSCCSCCSCCSCCSCC(CCCCCCCCCCC)[n+]1ccccc1)[n+]1ccccc1.CS(=O)(=O)[O-].CS(=O)(=O)[O-],cationic,gemini,organic counterion
CCCCCCCCCCCCC(CSCCSCCSCCSCCSCCSCCSCCSCCSCCSCCSCCSCCSCC(CCCCCCCCCCC)[n+]1ccccc1)[n+]1ccccc1.CS(=O)(=O)[O-].CS(=O)(=O)[O-],cationic,gemini,organic counterion
CCCCCCCCCCC(CSCCSCCSCCSCCSCC(CCCCCCCCC)[n+]1ccccc1)[n+]1ccccc1.[Br-].[Br-],cationic,gemini,
CCCCCCCCCCC(CSCCSCCSCCSCCSCCSCCSCC(CCCCCCCCC)[n+]1ccccc1)[n+]1ccccc1.[Br-].[Br-],cationic,gemini,
CCCCCCCCCCCCC(CSCCSCCSCCSCCSCC(CCCCCCCCCCC)[n+]1ccccc1)[n+]1ccccc1.[Br-].[Br-],cationic,gemini,
CCCCCCCCCCCCC(CSCCSCCSCCSCCSCCSCCSCC(CCCCCCCCCCC)[n+]1ccccc1)[n+]1ccccc1.[Br-].[Br-],cationic,gemini,
CCCCCCCCCCC(CSCCSCC(CCCCCCCCCC)[n+]1ccn(C)c1)[n+]1ccn(C)c1.[Br-].[Br-],cationic,gemini,
CCCCCCCCCCC(CSCCCSCC(CCCCCCCCCC)[n+]1ccn(C)c1)[n+]1ccn(C)c1.[Br-].[Br-],cationic,gemini,
CCCCCCCCCCC(CSCCCCSCC(CCCCCCCCCC)[n+]1ccn(C)c1)[n+]1ccn(C)c1.[Br-].[Br-],cationic,gemini,
CCCCCCCCCCCCC(CSCCSCC(CCCCCCCCCCCC)[n+]1ccn(C)c1)[n+]1ccn(C)c1.[Br-].[Br-],cationic,gemini,
CCCCCCCCCCCCC(CSCCCSCC(CCCCCCCCCCCC)[n+]1ccn(C)c1)[n+]1ccn(C)c1.[Br-].[Br-],cationic,gemini,
CCCCCCCCCCCCC(CSCCCCSCC(CCCCCCCCCCCC)[n+]1ccn(C)c1)[n+]1ccn(C)c1.[Br-].[Br-],cationic,gemini,
CCCCCCCCCCCCCCC(CSCCSCC(CCCCCCCCCCCCCC)[n+]1ccn(C)c1)[n+]1ccn(C)c1.[Br-].[Br-],cationic,gemini,
CCCCCCCCCCCCCCC(CSCCCSCC(CCCCCCCCCCCCCC)[n+]1ccn(C)c1)[n+]1ccn(C)c1.[Br-].[Br-],cationic,gemini,
CCCCCCCCCCCCCCC(CSCCCCSCC(CCCCCCCCCCCCCC)[n+]1ccn(C)c1)[n+]1ccn(C)c1.[Br-].[Br-],cationic,gemini,
CCCCCCCCCCCCCCCc1cccc(OCCC(CSCCSCC(CCOc2cccc(CCCCCCCCCCCCCCC)c2)[n+]2ccn(C)c2)[n+]2ccn(C)c2)c1.[Br-].[Br-],cationic,gemini,
CCCCCCCCCCCCCCCc1cccc(OCCC(CSCCCSCC(CCOc2cccc(CCCCCCCCCCCCCCC)c2)[n+]2ccn(C)c2)[n+]2ccn(C)c2)c1.[Br-].[Br-],cationic,gemini,
CCCCCCCCCCCCCCCc1cccc(OCCC(CSCCCCSCC(CCOc2cccc(CCCCCCCCCCCCCCC)c2)[n+]2ccn(C)c2)[n+]2ccn(C)c2)c1.[Br-].[Br-],cationic,gemini,
CCCCCCCCCCCCCCCc1cccc(OCCC(CSCCCCCCSCC(CCOc2cccc(CCCCCCCCCCCCCCC)c2)[n+]2ccn(C)c2)[n+]2ccn(C)c2)c1.[Br-].[Br-],cationic,gemini,
CCCCCCCCCCCCCCCc1cccc(OCCC(CSCCSCC(CCOc2cccc(CCCCCCCCCCCCCCC)c2)[n+]2ccccc2)[n+]2ccccc2)c1.[Br-].[Br-],cationic,gemini,
CCCCCCCCCCCCCCCc1cccc(OCCC(CSCCCSCC(CCOc2cccc(CCCCCCCCCCCCCCC)c2)[n+]2ccccc2)[n+]2ccccc2)c1.[Br-].[Br-],cationic,gemini,
CCCCCCCCCCCCCCCc1cccc(OCCC(CSCCCCSCC(CCOc2cccc(CCCCCCCCCCCCCCC)c2)[n+]2ccccc2)[n+]2ccccc2)c1.[Br-].[Br-],cationic,gemini,
CCCCCCCCCCCCCCCc1cccc(OCCC(CSCCCCCCSCC(CCOc2cccc(CCCCCCCCCCCCCCC)c2)[n+]2ccccc2)[n+]2ccccc2)c1.[Br-].[Br-],cationic,gemini,
CCCCCCCCCCCCCCOC(=O)C[N+]1(C)CCCC1.[Cl-],cationic,,
CCCCCCCCCCCCCCOC(=O)C[N+]1(C)CCCC1.[Br-],cationic,,
CCCCCCCCCCCCCCCCOC(=O)C[N+]1(C)CCCC1.[Cl-],cationic,,
CCCCCCCCCCCCCCCCOC(=O)C[N+]1(C)CCCC1.[Br-],cationic,,
CCCCCCCCCCCC[N+](C)(C)CC(=O)OCCOC(=O)C[N+](C)(C)CCCCCCCCCCCC.[Br-].[Br-],cationic,gemini,
CCCCCCCCCCCC[N+](C)(C)CC(=O)OCCOCCOC(=O)C[N+](C)(C)CCCCCCCCCCCC.[Br-].[Br-],cationic,gemini,
CCCCCCCCCCCC[N+](C)(C)CC(=O)OCCOCCOCCOC(=O)C[N+](C)(C)CCCCCCCCCCCC.[Br-].[Br-],cationic,gemini,
CCCCCCCCCCCC[N+]1(CC(=O)OCCOC(=O)C[N+]2(CCCCCCCCCCCC)CCCCC2)CCCCC1.[Br-].[Br-],cationic,gemini,
CCCCCCCCCCCC[N+]1(CC(=O)OCCOC(=O)C[N+]2(CCCCCCCCCCCC)CCCC2)CCCC1.[Br-].[Br-],cationic,gemini,
CCCCCCCCCCCC[N+]1(CC(=O)OCCOC(=O)C[N+]2(CCCCCCCCCCCC)CCOCC2)CCOCC1.[Br-].[Br-],cationic,gemini,
CCCCCCCCCCCC[N+](CC)(CC)CC(=O)OCCOC(=O)C[N+](CC)(CC)CCCCCCCCCCCC.[Br-].[Br-],cationic,gemini,
CCCCCCCCn1cc[n+](C)c1.[Cl-],cationic,,
CCCCCCCCn1cc[n+](C)c1.[I-],cationic,,
CCCCCCCCCCCCCCSCCC(=O)OC[C@H]1OC(O)[C@@H](O)[C@@H](O)[C@@H]1O,non-ionic,sugar based,
CCCCCCCCC(CCCCCCCC)SCCC(=O)OC[C@H]1OC(O)[C@@H](O)[C@@H](O)[C@@H]1O,non-ionic,sugar based,
O=C(CCSCCCCCCCCCCCCCCSCCC(=O)OC[C@H]1OC(O)[C@@H](O)[C@@H](O)[C@@H]1O)OC[C@H]1OC(O)[C@@H](O)[C@@H](O)[C@@H]1O,non-ionic,sugar based,
CCCCCCCCCCCCC(CSCCC(=O)OC[C@H]1OC(O)[C@@H](O)[C@@H](O)[C@@H]1O)SCCC(=O)OC[C@H]1OC(O)[C@@H](O)[C@@H](O)[C@@H]1O,non-ionic,sugar based,
CCCC[N+](C)(C)CCOCC[N+](C)(C)CCCC.[Br-].[Br-],cationic,gemini,
CCCCCC[N+](C)(C)CCOCC[N+](C)(C)CCCCCC.[Br-].[Br-],cationic,gemini,
CCCCCCCC[N+](C)(C)CCOCC[N+](C)(C)CCCCCCCC.[Br-].[Br-],cationic,gemini,
CCCCCCCCCC[N+](C)(C)CCOCC[N+](C)(C)CCCCCCCCCC.[Br-].[Br-],cationic,gemini,
CCCCCCCCCCCC[N+](C)(C)CCOCC[N+](C)(C)CCCCCCCCCCCC.[Br-].[Br-],cationic,gemini,
CCCCCCCCCCCCCC[N+](C)(C)CCOCC[N+](C)(C)CCCCCCCCCCCCCC.[Br-].[Br-],cationic,gemini,
CCCCCCCCCCCCCCCC[N+](C)(C)CCOCC[N+](C)(C)CCCCCCCCCCCCCCCC.[Br-].[Br-],cationic,gemini,
CCCCCCCCCCCCCCCCCC[N+](C)(C)CCOCC[N+](C)(C)CCCCCCCCCCCCCCCCCC.[Br-].[Br-],cationic,gemini,
CCCCCCCC[N+](C)(C)CC[N+](C)(C)CCCCCCCC.[Br-].[Br-],cationic,gemini,
CCCCCCCCCC[N+](C)(C)CC[N+](C)(C)CCCCCCCCCC.[Br-].[Br-],cationic,gemini,
CCCCCCCCCCCC[N+](C)(C)CC[N+](C)(C)CCCCCCCCCCCC.[Br-].[Br-],cationic,gemini,
CCCCCCCCCCCCCC[N+](C)(C)CC[N+](C)(C)CCCCCCCCCCCCCC.[Br-].[Br-],cationic,gemini,
CCCCCCCCCCCCCCCC[N+](C)(C)CC[N+](C)(C)CCCCCCCCCCCCCCCC.[Br-].[Br-],cationic,gemini,
CCCCCCCCCCCCCCCCCC[N+](C)(C)CC[N+](C)(C)CCCCCCCCCCCCCCCCCC.[Br-].[Br-],cationic,gemini,
CCCCCCCC[N+](C)(C)CCC[N+](C)(C)CCCCCCCC.[Cl-].[Cl-],cationic,gemini,
CCCCCCCCCC[N+](C)(C)CCC[N+](C)(C)CCCCCCCCCC.[Cl-].[Cl-],cationic,gemini,
CCCCCCCCCCCC[N+](C)(C)CCC[N+](C)(C)CCCCCCCCCCCC.[Cl-].[Cl-],cationic,gemini,
CCCCCCCCCCCCCC[N+](C)(C)CCC[N+](C)(C)CCCCCCCCCCCCCC.[Cl-].[Cl-],cationic,gemini,
CCCCCCCCCCCCCCCC[N+](C)(C)CCC[N+](C)(C)CCCCCCCCCCCCCCCC.[Cl-].[Cl-],cationic,gemini,
CCCCCCCCCCCCCCCCCC[N+](C)(C)CCC[N+](C)(C)CCCCCCCCCCCCCCCCCC.[Cl-].[Cl-],cationic,gemini,
CCCCCCCC[N+](C)(C)CCCC[N+](C)(C)CCCCCCCC.[Br-].[Br-],cationic,gemini,
CCCCCCCCCC[N+](C)(C)CCCC[N+](C)(C)CCCCCCCCCC.[Br-].[Br-],cationic,gemini,
CCCCCCCCCCCCCC[N+](C)(C)CCCC[N+](C)(C)CCCCCCCCCCCCCC.[Br-].[Br-],cationic,gemini,
CCCCCCCCCCCCCCCC[N+](C)(C)CCCC[N+](C)(C)CCCCCCCCCCCCCCCC.[Br-].[Br-],cationic,gemini,
CCCCCCCCCCCCCCCCCC[N+](C)(C)CCCC[N+](C)(C)CCCCCCCCCCCCCCCCCC.[Br-].[Br-],cationic,gemini,
CCCCCCCC[N+](C)(C)CCCCCC[N+](C)(C)CCCCCCCC.[Br-].[Br-],cationic,gemini,
CCCCCCCCCC[N+](C)(C)CCCCCC[N+](C)(C)CCCCCCCCCC.[Br-].[Br-],cationic,gemini,
CCCCCCCCCCCCCC[N+](C)(C)CCCCCC[N+](C)(C)CCCCCCCCCCCCCC.[Br-].[Br-],cationic,gemini,
CCCCCCCCCCCCCCCC[N+](C)(C)CCCCCC[N+](C)(C)CCCCCCCCCCCCCCCC.[Br-].[Br-],cationic,gemini,
CCCCCCCCCCCCCCCCCC[N+](C)(C)CCCCCC[N+](C)(C)CCCCCCCCCCCCCCCCCC.[Br-].[Br-],cationic,gemini,
CCCCCCCC[N+](C)(C)CCCCCCCC[N+](C)(C)CCCCCCCC.[Br-].[Br-],cationic,gemini,
CCCCCCCCCC[N+](C)(C)CCCCCCCC[N+](C)(C)CCCCCCCCCC.[Br-].[Br-],cationic,gemini,
CCCCCCCCCCCCCC[N+](C)(C)CCCCCCCC[N+](C)(C)CCCCCCCCCCCCCC.[Br-].[Br-],cationic,gemini,
CCCCCCCCCCCCCCCC[N+](C)(C)CCCCCCCC[N+](C)(C)CCCCCCCCCCCCCCCC.[Br-].[Br-],cationic,gemini,
CCCCCCCCCCCCCCCCCC[N+](C)(C)CCCCCCCC[N+](C)(C)CCCCCCCCCCCCCCCCCC.[Br-].[Br-],cationic,gemini,
CCCCCCCCCCN(C)C(=O)[C@H](O)[C@@H](O)[C@H](O)[C@H](O)CO,non-ionic,sugar based,
CCCCCCCCCCCCN(C)C(=O)[C@H](O)[C@@H](O)[C@H](O)[C@H](O)CO,non-ionic,sugar based,
CCCCCCCCCCCCCCN(C)C(=O)[C@H](O)[C@@H](O)[C@H](O)[C@H](O)CO,non-ionic,sugar based,
CCCCCCCCCCCCCCCCN(C)C(=O)[C@H](O)[C@@H](O)[C@H](O)[C@H](O)CO,non-ionic,sugar based,
CCCCCCCCCCCCCCCCCCN(C)C(=O)[C@H](O)[C@@H](O)[C@H](O)[C@H](O)CO,non-ionic,sugar based,
CCCCCCCCCCN(C)C(=O)[C@H](O)[C@@H](O)[C@H](O[C@@H]1O[C@H](CO)[C@H](O)[C@H](O)[C@H]1O)[C@H](O)CO,non-ionic,sugar based,
CCCCCCCCCCCCN(C)C(=O)[C@H](O)[C@@H](O)[C@H](O[C@@H]1O[C@H](CO)[C@H](O)[C@H](O)[C@H]1O)[C@H](O)CO,non-ionic,sugar based,
CCCCCCCCCCCCCCN(C)C(=O)[C@H](O)[C@@H](O)[C@H](O[C@@H]1O[C@H](CO)[C@H](O)[C@H](O)[C@H]1O)[C@H](O)CO,non-ionic,sugar based,
CCCCCCCCCCCCCCCCN(C)C(=O)[C@H](O)[C@@H](O)[C@H](O[C@@H]1O[C@H](CO)[C@H](O)[C@H](O)[C@H]1O)[C@H](O)CO,non-ionic,sugar based,
CCCCCCCCCCCCCCCCCCN(C)C(=O)[C@H](O)[C@@H](O)[C@H](O[C@@H]1O[C@H](CO)[C@H](O)[C@H](O)[C@H]1O)[C@H](O)CO,non-ionic,sugar based,
CCCCCCCC/C=C\CCCCCCCCN(C)C(=O)[C@H](O)[C@@H](O)[C@H](O)[C@H](O)CO,non-ionic,sugar based,
CCCCCCCC/C=C\CCCCCCCCN(C)C(=O)[C@H](O)[C@@H](O)[C@H](O[C@@H]1O[C@H](CO)[C@H](O)[C@H](O)[C@H]1O)[C@H](O)CO,non-ionic,sugar based,
CCCCCCCCCC[N+]1(CCCC[N+]2(CCCCCCCCCC)CCCC2)CCCC1.[Br-].[Br-],cationic,gemini,
CCCCCCCCCCCC[N+]1(CCCC[N+]2(CCCCCCCCCCCC)CCCC2)CCCC1.[Br-].[Br-],cationic,gemini,
CCCCCCCCCCCCCC[N+]1(CCCC[N+]2(CCCCCCCCCCCCCC)CCCC2)CCCC1.[Br-].[Br-],cationic,gemini,
CCCCCCCCCCCCCCCC[N+]1(CCCC[N+]2(CCCCCCCCCCCCCCCC)CCCC2)CCCC1.[Br-].[Br-],cationic,gemini,
CCCCCCCCCCCC[N+]1(CCC[N+]2(CCCCCCCCCCCC)CCCC2)CCCC1.[Br-].[Br-],cationic,gemini,
CCCCCCCCCCCC[N+]1(CCCCCC[N+]2(CCCCCCCCCCCC)CCCC2)CCCC1.[Br-].[Br-],cationic,gemini,
CCCCCCCCCCCC[N+]1(CCCCCCCC[N+]2(CCCCCCCCCCCC)CCCC2)CCCC1.[Br-].[Br-],cationic,gemini,
CCCCCCCCCCCC[N+]1(CCCCCCCCCC[N+]2(CCCCCCCCCCCC)CCCC2)CCCC1.[Br-].[Br-],cationic,gemini,
CCCCCCCCCCCC[N+]1(CCCCCCCCCCCC[N+]2(CCCCCCCCCCCC)CCCC2)CCCC1.[Br-].[Br-],cationic,gemini,
CCCCCCCCCCCC[N+]1(CCCCCCCCCCCCCC[N+]2(CCCCCCCCCCCC)CCCC2)CCCC1.[Br-].[Br-],cationic,gemini,
CCCCCCCCCCCC[N+]1(CCCCCCCCCCCCCCCC[N+]2(CCCCCCCCCCCC)CCCC2)CCCC1.[Br-].[Br-],cationic,gemini,
CCCCCCCCCCCCNC(=O)C[N+](C)(C)CCNC(=O)COc1ccccc1.[Cl-],cationic,,
CCCCCCCCCCCCCCNC(=O)C[N+](C)(C)CCNC(=O)COc1ccccc1.[Cl-],cationic,,
CCCCCCCCCCCCCCCCNC(=O)C[N+](C)(C)CCNC(=O)COc1ccccc1.[Cl-],cationic,,
CCCCCCCCCCCC(=O)NCC[N+](C)(C)c1ccccc1.[Cl-],cationic,,
CCCCCCCCCCCCCC(=O)NCC[N+](C)(C)c1ccccc1.[Cl-],cationic,,
CCCCCCCCCCCCCCCC(=O)NCC[N+](C)(C)c1ccccc1.[Cl-],cationic,,
CCCCCCCCCC[N+](C)(C)CCOC(=O)CCC(=O)OCC[N+](C)(C)CCCCCCCCCC.[Cl-].[Cl-],cationic,gemini,
CCCCCCCCCCCC[N+](C)(C)CCOC(=O)CCC(=O)OCC[N+](C)(C)CCCCCCCCCCCC.[Cl-].[Cl-],cationic,gemini,
CCCCCCCCCCCCCC[N+](C)(C)CCOC(=O)CCC(=O)OCC[N+](C)(C)CCCCCCCCCCCCCC.[Cl-].[Cl-],cationic,gemini,
CCCCCCCCCCCCCCCC[N+](C)(C)CCOC(=O)CCC(=O)OCC[N+](C)(C)CCCCCCCCCCCCCCCC.[Cl-].[Cl-],cationic,gemini,
CCCCCCCCCCCCCCCCCC[N+](C)(C)CCOC(=O)CCC(=O)OCC[N+](C)(C)CCCCCCCCCCCCCCCCCC.[Cl-].[Cl-],cationic,gemini,
CCCCCCCCCC[N+](C)(C)CCOC(=O)CCCCCCC(=O)OCC[N+](C)(C)CCCCCCCCCC.[Cl-].[Cl-],cationic,gemini,
CCCCCCCCCCCC[N+](C)(C)CCOC(=O)CCCCCCC(=O)OCC[N+](C)(C)CCCCCCCCCCCC.[Cl-].[Cl-],cationic,gemini,
CCCCCCCCCCCCCC[N+](C)(C)CCOC(=O)CCCCCCC(=O)OCC[N+](C)(C)CCCCCCCCCCCCCC.[Cl-].[Cl-],cationic,gemini,
CCCCCCCCCCCCCCCC[N+](C)(C)CCOC(=O)CCCCCCC(=O)OCC[N+](C)(C)CCCCCCCCCCCCCCCC.[Cl-].[Cl-],cationic,gemini,
CCCCCCCCCCCCCCCCCC[N+](C)(C)CCOC(=O)CCCCCCC(=O)OCC[N+](C)(C)CCCCCCCCCCCCCCCCCC.[Cl-].[Cl-],cationic,gemini,
CCCCCCCCCCCOCC(O)C[n+]1ccn(C)c1.[Cl-],cationic,,
CCCCCCCCCCCOCC(O)C[n+]1ccn(C)c1.[Br-],cationic,,
CCCCCCCCCCCCCOCC(O)C[n+]1ccn(C)c1.[Cl-],cationic,,
CCCCCCCCCCCCCOCC(O)C[n+]1ccn(C)c1.[Br-],cationic,,
CCCCCCCCCCCCCCCOCC(O)C[n+]1ccn(C)c1.[Cl-],cationic,,
CCCCCCCCCCCCCCCOCC(O)C[n+]1ccn(C)c1.[Br-],cationic,,
CCCCCCCCCCCCOc1ccc[n+](CCCC[n+]2cccc(OCCCCCCCCCCCC)c2)c1.[Br-].[Br-],cationic,gemini,
CCCCCCCCCCCCOc1ccc[n+](CCCCC[n+]2cccc(OCCCCCCCCCCCC)c2)c1.[Br-].[Br-],cationic,gemini,
CCCCCCCCCCCCOc1ccc[n+](CCCCCC[n+]2cccc(OCCCCCCCCCCCC)c2)c1.[Br-].[Br-],cationic,gemini,
CCCCCCCCCCCCCCOc1ccc[n+](CCCC[n+]2cccc(OCCCCCCCCCCCCCC)c2)c1.[Br-].[Br-],cationic,gemini,
CCCCCCCCCCCCCCOc1ccc[n+](CCCCC[n+]2cccc(OCCCCCCCCCCCCCC)c2)c1.[Br-].[Br-],cationic,gemini,
CCCCCCCCCCCCCCOc1ccc[n+](CCCCCC[n+]2cccc(OCCCCCCCCCCCCCC)c2)c1.[Br-].[Br-],cationic,gemini,
CCCCCCCCCCOc1ccc[n+](CC(O)C[n+]2cccc(OCCCCCCCCCC)c2)c1.[Br-].[Br-],cationic,gemini,
CCCCCCCCCCCCOc1ccc[n+](CC(O)C[n+]2cccc(OCCCCCCCCCCCC)c2)c1.[Br-].[Br-],cationic,gemini,
CCCCCCCCCCCCCCOc1ccc[n+](CC(O)C[n+]2cccc(OCCCCCCCCCCCCCC)c2)c1.[Br-].[Br-],cationic,gemini,
CCCCCCCCCCCCCCCCOc1ccc[n+](CC(O)C[n+]2cccc(OCCCCCCCCCCCCCCCC)c2)c1.[Br-].[Br-],cationic,gemini,
CCCCCC[N+](C)(C)CCCCCCC[N+](C)(C)CCCCCC.[Br-].[Br-],cationic,gemini,
CCCCCCCC[N+](C)(C)CCCCCCC[N+](C)(C)CCCCCCCC.[Br-].[Br-],cationic,gemini,
CCCCCCCCC[N+](C)(C)CCCCCCC[N+](C)(C)CCCCCCCCC.[Br-].[Br-],cationic,gemini,
CCCCCCCCCC[N+](C)(C)CCCCCCC[N+](C)(C)CCCCCCCCCC.[Br-].[Br-],cationic,gemini,
CCCCCCCCCCC[N+](C)(C)CCCCCCC[N+](C)(C)CCCCCCCCCCC.[Br-].[Br-],cationic,gemini,
CCCCCCCCCCCC[N+](C)(C)CCCCCCC[N+](C)(C)CCCCCCCCCCCC.[Br-].[Br-],cationic,gemini,
CCCCCCCCCCCCC[N+](C)(C)CCCCCCC[N+](C)(C)CCCCCCCCCCCCC.[Br-].[Br-],cationic,gemini,
CCCCCCCCCCCCCC[N+](C)(C)CCCCCCC[N+](C)(C)CCCCCCCCCCCCCC.[Br-].[Br-],cationic,gemini,
CCCCCCCCCCCCCCCC[N+](C)(C)CCCCCCC[N+](C)(C)CCCCCCCCCCCCCCCC.[Br-].[Br-],cationic,gemini,
CCCCCCCC[N+](C)(C)CCCN(C)CCC[N+](C)(C)CCCCCCCC.[Br-].[Br-],cationic,gemini,
CCCCCCCCC[N+](C)(C)CCCN(C)CCC[N+](C)(C)CCCCCCCCC.[Br-].[Br-],cationic,gemini,
CCCCCCCCCC[N+](C)(C)CCCN(C)CCC[N+](C)(C)CCCCCCCCCC.[Br-].[Br-],cationic,gemini,
CCCCCCCCCCC[N+](C)(C)CCCN(C)CCC[N+](C)(C)CCCCCCCCCCC.[Br-].[Br-],cationic,gemini,
CCCCCCCCCCCC[N+](C)(C)CCCN(C)CCC[N+](C)(C)CCCCCCCCCCCC.[Br-].[Br-],cationic,gemini,
CCCCCCCCCCCCC[N+](C)(C)CCCN(C)CCC[N+](C)(C)CCCCCCCCCCCCC.[Br-].[Br-],cationic,gemini,
CCCCCCCCCCCCCC[N+](C)(C)CCCN(C)CCC[N+](C)(C)CCCCCCCCCCCCCC.[Br-].[Br-],cationic,gemini,
CCCCCCCCCCCCCCC[N+](C)(C)CCCN(C)CCC[N+](C)(C)CCCCCCCCCCCCCCC.[Br-].[Br-],cationic,gemini,
CCCCCCCCCCCCCCCC[N+](C)(C)CCCN(C)CCC[N+](C)(C)CCCCCCCCCCCCCCCC.[Br-].[Br-],cationic,gemini,
CCCCCCCC[N+](C)(C)CCCOCCC[N+](C)(C)CCCCCCCC.[Br-].[Br-],cationic,gemini,
CCCCCCCCC[N+](C)(C)CCCOCCC[N+](C)(C)CCCCCCCCC.[Br-].[Br-],cationic,gemini,
CCCCCCCCCC[N+](C)(C)CCCOCCC[N+](C)(C)CCCCCCCCCC.[Br-].[Br-],cationic,gemini,
CCCCCCCCCCC[N+](C)(C)CCCOCCC[N+](C)(C)CCCCCCCCCCC.[Br-].[Br-],cationic,gemini,
CCCCCCCCCCCC[N+](C)(C)CCCOCCC[N+](C)(C)CCCCCCCCCCCC.[Br-].[Br-],cationic,gemini,
CCCCCCCCCCCCC[N+](C)(C)CCCOCCC[N+](C)(C)CCCCCCCCCCCCC.[Br-].[Br-],cationic,gemini,
CCCCCCCCCCCCCC[N+](C)(C)CCCOCCC[N+](C)(C)CCCCCCCCCCCCCC.[Br-].[Br-],cationic,gemini,
CCCCCCCCCCCCCCCC[N+](C)(C)CCCOCCC[N+](C)(C)CCCCCCCCCCCCCCCC.[Br-].[Br-],cationic,gemini,
CCCCCC[N+](C)(C)CCCSCCC[N+](C)(C)CCCCCC.[Br-].[Br-],cationic,gemini,
CCCCCCCC[N+](C)(C)CCCSCCC[N+](C)(C)CCCCCCCC.[Br-].[Br-],cationic,gemini,
CCCCCCCCCC[N+](C)(C)CCCSCCC[N+](C)(C)CCCCCCCCCC.[Br-].[Br-],cationic,gemini,
CCCCCCCCCCCC[N+](C)(C)CCCSCCC[N+](C)(C)CCCCCCCCCCCC.[Br-].[Br-],cationic,gemini,
CCCCCCCCCCCCCC[N+](C)(C)CCCSCCC[N+](C)(C)CCCCCCCCCCCCCC.[Br-].[Br-],cationic,gemini,
CCCCCCCCCCCCCCCC[N+](C)(C)CCCSCCC[N+](C)(C)CCCCCCCCCCCCCCCC.[Br-].[Br-],cationic,gemini,
CCCCCCCCCCCCCCCCCC[N+](C)(C)CCCSCCC[N+](C)(C)CCCCCCCCCCCCCCCCCC.[Br-].[Br-],cationic,gemini,
CCCCCCCCCCCC[N+](C)(C)CC(O)COc1ccc(OCC(O)C[N+](C)(C)CCCCCCCCCCCC)cc1.[Cl-].[Cl-],cationic,gemini,
CCCCCCCCCCCCCC[N+](C)(C)CC(O)COc1ccc(OCC(O)C[N+](C)(C)CCCCCCCCCCCCCC)cc1.[Cl-].[Cl-],cationic,gemini,
CCCCCCCCCCCCCCCC[N+](C)(C)CC(O)COc1ccc(OCC(O)C[N+](C)(C)CCCCCCCCCCCCCCCC)cc1.[Cl-].[Cl-],cationic,gemini,
CCCCCCCCCCCCOCC(O)C[N+](C)(C)CCCC[N+](C)(C)CC(O)COCCCCCCCCCCCC.[Br-].[Br-],cationic,gemini,
CCCCCCCCCCCCCCOCC(O)C[N+](C)(C)CCCC[N+](C)(C)CC(O)COCCCCCCCCCCCCCC.[Br-].[Br-],cationic,gemini,
CCCCCCCCCCCCCCCCOCC(O)C[N+](C)(C)CCCC[N+](C)(C)CC(O)COCCCCCCCCCCCCCCCC.[Br-].[Br-],cationic,gemini,
CCCCCCCCCCn1cc[n+](C)c1.F[B-](F)(F)F,cationic,,
CCCCCCCCCCCC[N+](C)(C)CCOCCOCC[N+](C)(C)CCCCCCCCCCCC.[Br-].[Br-],cationic,gemini,
CCCCCCCCCCCC[N+](C)(C)CCOCCOCCOCC[N+](C)(C)CCCCCCCCCCCC.[Br-].[Br-],cationic,gemini,
CCCCCCCCCCCC[N+](C)(C)CCOCCOCCOCCOCC[N+](C)(C)CCCCCCCCCCCC.[Br-].[Br-],cationic,gemini,
CCCCCCCCCCCC[N+](C)(C)CCOCCOCCOCCOCCOCC[N+](C)(C)CCCCCCCCCCCC.[Br-].[Br-],cationic,gemini,
CCCCCCCCCCCC(=O)Oc1cccc2ccc[n+](CCCCCCCCCC)c12.[Br-],cationic,,
CCCCCCCCCCCCCC(=O)Oc1cccc2ccc[n+](CCCCCCCCCC)c12.[Br-],cationic,,
CCCCCCCCCCCCCCCC(=O)Oc1cccc2ccc[n+](CCCCCCCCCC)c12.[Br-],cationic,,
CCCCCCCCCCCCCCCCCC(=O)Oc1cccc2ccc[n+](CCCCCCCCCC)c12.[Br-],cationic,,
CCCCCCCCCCCC(=O)Oc1cccc2ccc[n+](CCCCCC[n+]3cccc4cccc(OC(=O)CCCCCCCCCCC)c43)c12.[Br-].[Br-],cationic,gemini,
CCCCCCCCCCCCCC(=O)Oc1cccc2ccc[n+](CCCCCC[n+]3cccc4cccc(OC(=O)CCCCCCCCCCCCC)c43)c12.[Br-].[Br-],cationic,gemini,
CCCCCCCCCCCCCCCC(=O)Oc1cccc2ccc[n+](CCCCCC[n+]3cccc4cccc(OC(=O)CCCCCCCCCCCCCCC)c43)c12.[Br-].[Br-],cationic,gemini,
CCCCCCCCCCCCCCCCCC(=O)Oc1cccc2ccc[n+](CCCCCC[n+]3cccc4cccc(OC(=O)CCCCCCCCCCCCCCCCC)c43)c12.[Br-].[Br-],cationic,gemini,
CCCCCCCCCCCC(=O)Oc1cccc2ccc[n+](CCCCCCCCCC[n+]3cccc4cccc(OC(=O)CCCCCCCCCCC)c43)c12.[Br-].[Br-],cationic,gemini,
CCCCCCCCCCCCCC(=O)Oc1cccc2ccc[n+](CCCCCCCCCC[n+]3cccc4cccc(OC(=O)CCCCCCCCCCCCC)c43)c12.[Br-].[Br-],cationic,gemini,
CCCCCCCCCCCCCCCC(=O)Oc1cccc2ccc[n+](CCCCCCCCCC[n+]3cccc4cccc(OC(=O)CCCCCCCCCCCCCCC)c43)c12.[Br-].[Br-],cationic,gemini,
CCCCCCCCCCCCCCCCCC(=O)Oc1cccc2ccc[n+](CCCCCCCCCC[n+]3cccc4cccc(OC(=O)CCCCCCCCCCCCCCCCC)c43)c12.[Br-].[Br-],cationic,gemini,
CCCCOCCOCCOCCOCCOCCOCCO,non-ionic,,
CCCCCCOCCOCCOCCOCCOCCOCCO,non-ionic,,
CC(C)CCOCCOCCOCCOCCOCCOCCO,non-ionic,,
CCC(CC)CCOCCOCCOCCOCCOCCOCCO,non-ionic,,
CCCC(CCC)CCOCCOCCOCCOCCOCCOCCO,non-ionic,,
CCCCC(CCCC)CCOCCOCCOCCOCCOCCOCCO,non-ionic,,
CCCCC(CCCC)CCOCCOCCOCCOCCOCCOCCOCCOCCOCCO,non-ionic,,
C[N+](CCO)(CCO)CC(O)CC(F)(F)C(F)(F)C(F)(F)C(F)(F)C(F)(F)C(F)(F)C(F)(F)C(F)(F)F.[Cl-],cationic,,
CCCCCCCCCc1ccc(OCC(O)C[N+](C)(C)C)cc1.[Br-],cationic,,
CCCCCCCCCCCCOCC(C)OCC(C)OCC(C)OCC(C)OCC(C)OCC(C)OS(=O)(=O)[O-].[Na+],anionic,,
CCCCCCCCCCCCOCC(C)OCC(C)OCC(C)OCC(C)OCC(C)OCC(C)OCC(C)OCC(C)OCC(C)OCC(C)OS(=O)(=O)[O-].[Na+],anionic,,
CCCCCCCCCCCCOCC(C)OCC(C)OCC(C)OCC(C)OCC(C)OCC(C)OCC(C)OCC(C)OCC(C)OCC(C)OCC(C)OCC(C)OCC(C)OCC(C)OS(=O)(=O)[O-].[Na+],anionic,,
CCCCCCCCCCCCOCC(C)OCC(C)OCC(C)OCC(C)OCC(C)OCC(C)OCC(=O)[O-].[Na+],anionic,,
CCCCCCCCCCCCOCC(C)OCC(C)OCC(C)OCC(C)OCC(C)OCC(C)OCC(C)OCC(C)OCC(C)OCC(C)OCC(=O)[O-].[Na+],anionic,,
CCCCCCCCCCCCOCC(C)OCC(C)OCC(C)OCC(C)OCC(C)OCC(C)OCC(C)OCC(C)OCC(C)OCC(C)OCC(C)OCC(C)OCC(C)OCC(C)OCC(=O)[O-].[Na+],anionic,,
CCCCCCCCCCCCOCC(C)OCC(C)OCC(C)OCC(C)OCC(C)OCC(C)OCCOCCOS(=O)(=O)[O-].[Na+],anionic,,
CCCCCCCCCCCCOCC(C)OCC(C)OCC(C)OCC(C)OCC(C)OCC(C)OCCOCCOCC(=O)[O-].[Na+],anionic,,
CCCCCCCC[N+](C)(C)CCC[N+](C)(C)CCCCCCCC.[Br-].[Br-],cationic,gemini,
CCCCCCCCOCC(O)CO,non-ionic,,
CCCCCCCCOCCO,non-ionic,,
CCCCCCCCO[C@@H]1O[C@H](CO)[C@@H](O)[C@H](O)[C@H]1O,non-ionic,sugar based,
CCCCCCCCO[C@H]1O[C@H](CO)[C@@H](O)[C@H](O)[C@@H]1O,non-ionic,sugar based,
CCCCCCCCO[C@@H]1O[C@H](CO)[C@H](O)[C@H](O)[C@H]1O,non-ionic,sugar based,
CCCCCCCCCCO[C@H]1O[C@H](CO)[C@@H](O)[C@H](O)[C@@H]1O,non-ionic,sugar based,
CCCCCCCCCCO[C@@H]1O[C@H](CO)[C@H](O)[C@H](O)[C@H]1O,non-ionic,sugar based,
CCCCCCCCCCCCO[C@H]1O[C@H](CO)[C@@H](O)[C@H](O)[C@@H]1O,non-ionic,sugar based,
CCCCCCCCCCCCO[C@@H]1O[C@H](CO)[C@H](O)[C@H](O)[C@H]1O,non-ionic,sugar based,
CCCCOCC(O)C(O)C(O)CO,non-ionic,sugar based,
CCCCCOCC(O)C(O)C(O)CO,non-ionic,sugar based,
CCCCCCOCC(O)C(O)C(O)CO,non-ionic,sugar based,
CCCCCCCOC([C@@H](O)C(O)[C@@H](O)CO)[C@@H](O)CO,non-ionic,sugar based,
CCCCCCCCOC([C@@H](O)C(O)[C@@H](O)CO)[C@@H](O)CO,non-ionic,sugar based,
CCCCCCCCCOC([C@@H](O)C(O)[C@@H](O)CO)[C@@H](O)CO,non-ionic,sugar based,
CCCCCOC(=O)C([C@@H](O)C(O)[C@@H](O)CO)[C@@H](O)CO,non-ionic,sugar based,
CCCCCCOC(=O)C([C@@H](O)C(O)[C@@H](O)CO)[C@@H](O)CO,non-ionic,sugar based,
CCCCCCCOC(=O)C([C@@H](O)C(O)[C@@H](O)CO)[C@@H](O)CO,non-ionic,sugar based,
CCCCCCCCOC(=O)C([C@@H](O)C(O)[C@@H](O)CO)[C@@H](O)CO,non-ionic,sugar based,
CCCCCCCCCOC(=O)C([C@@H](O)C(O)[C@@H](O)CO)[C@@H](O)CO,non-ionic,sugar based,
CCCCCCCCCCOC(=O)C([C@@H](O)C(O)[C@@H](O)CO)[C@@H](O)CO,non-ionic,sugar based,
CCCCSCC(O)C(O)C(O)CO,non-ionic,sugar based,
CCCCCCSC[C@@H](O)[C@H](O)[C@@H](O)CO,non-ionic,sugar based,
CCCCCCCCSC[C@@H](O)[C@H](O)[C@@H](O)CO,non-ionic,sugar based,
CCCCCCCCCCSC[C@@H](O)[C@H](O)[C@@H](O)CO,non-ionic,sugar based,
CCCCCCSC[C@@H](O)[C@@H](O)[C@H](O)CO,non-ionic,sugar based,
CCCCCCCCSC[C@@H](O)[C@@H](O)[C@H](O)CO,non-ionic,sugar based,
CCCCCCSC[C@@H](O)[C@@H](O)[C@@H](O)CO,non-ionic,sugar based,
CCCCCCCCSC[C@@H](O)[C@@H](O)[C@@H](O)CO,non-ionic,sugar based,
CCCCCCSC[C@H]1OC(=O)[C@@H](O)[C@@H]1O,non-ionic,sugar based,
CCCCCCCCSC[C@H]1OC(=O)[C@@H](O)[C@@H]1O,non-ionic,sugar based,
CCCCCCCCCCSC[C@H]1OC(=O)[C@@H](O)[C@@H]1O,non-ionic,sugar based,
CCCCCCSC[C@H]1OC(=O)[C@H](O)[C@H]1O,non-ionic,sugar based,
CCCCCCCCSC[C@H]1OC(=O)[C@H](O)[C@H]1O,non-ionic,sugar based,
CCCCCCCCCCSC[C@H]1OC(=O)[C@H](O)[C@H]1O,non-ionic,sugar based,
CCCCCC(CCCC)O[C@@H]1O[C@H](CO)[C@@H](O)[C@H](O)[C@H]1O,non-ionic,sugar based,
CCCCCCC(CCC)O[C@@H]1O[C@H](CO)[C@@H](O)[C@H](O)[C@H]1O,non-ionic,sugar based,
CCCCCCC(CC)O[C@@H]1O[C@H](CO)[C@@H](O)[C@H](O)[C@H]1O,non-ionic,sugar based,
CCCCCCCCC(C)O[C@@H]1O[C@H](CO)[C@@H](O)[C@H](O)[C@H]1O,non-ionic,sugar based,
CCCCCCCC(=O)N[C@@H]1O[C@H](CO)[C@H](O)[C@H](O)[C@H]1O,non-ionic,sugar based,
CCCCCCCC(=O)N[C@@H]1O[C@H](CO)[C@@H](O)[C@H](O)[C@H]1O,non-ionic,sugar based,
CC(C)CCCC(C)CCO[C@@H]1O[C@H](CO)[C@@H](O)[C@H](O)[C@H]1O,non-ionic,sugar based,
CC(C)CCCC(C)CCOC1OC(CO)C(OC2OC(CO)C(O)C(O)C2O)C(O)C1O,non-ionic,,
CC(C)CCCC(C)CCO[C@H]1O[C@H](CO)[C@@H](O[C@H]2O[C@H](CO)[C@@H](O[C@H]3O[C@H](CO)[C@@H](O)[C@H](O)[C@H]3O)[C@H](O)[C@H]2O)[C@H](O)[C@H]1O,non-ionic,sugar based,
CCCCCCCCO[C@@H]1O[C@H](CO)[C@@H](O)[C@H](O)[C@H]1N,non-ionic,sugar based,
CCCCCCCCCO[C@@H]1O[C@H](CO)[C@@H](O)[C@H](O)[C@H]1N,non-ionic,sugar based,
CCCCCCCCCCN(C)C(=O)[C@H](O)[C@@H](O)[C@H](O[C@@H]1O[C@H](C)[C@H](O)[C@H](O)[C@H]1O)[C@H](O)CO,non-ionic,sugar based,
CCCCCCCCCCCCN(C)C(=O)[C@H](O)[C@@H](O)[C@H](O[C@@H]1O[C@H](C)[C@H](O)[C@H](O)[C@H]1O)[C@H](O)CO,non-ionic,sugar based,
CCCCCCCCCCCCCCN(C)C(=O)[C@H](O)[C@@H](O)[C@H](O[C@@H]1O[C@H](C)[C@H](O)[C@H](O)[C@H]1O)[C@H](O)CO,non-ionic,sugar based,
CCCCCCCCCCCCCCCCN(C)C(=O)[C@H](O)[C@@H](O)[C@H](O[C@@H]1O[C@H](C)[C@H](O)[C@H](O)[C@H]1O)[C@H](O)CO,non-ionic,sugar based,
CCCCCCCCCCCCCCCCCCN(C)C(=O)[C@H](O)[C@@H](O)[C@H](O[C@@H]1O[C@H](C)[C@H](O)[C@H](O)[C@H]1O)[C@H](O)CO,non-ionic,sugar based,
CCCCCCCC/C=C\CCCCCCCCN(C)C(=O)[C@H](O)[C@@H](O)[C@H](O[C@@H]1O[C@H](C)[C@H](O)[C@H](O)[C@H]1O)[C@H](O)CO,non-ionic,sugar based,
CCCCCCCCCC(=O)N(C)CC(O)CO,non-ionic,,
CCCCCCCCCC(=O)N(C)C[C@H](O)[C@@H](O)[C@H](O)CO,non-ionic,sugar based,
CCCCCCCC(=O)N(C)C[C@H](O)[C@@H](O)[C@H](O)[C@H](O)CO,non-ionic,sugar based,
CCCCCCCCC(=O)N(C)C[C@H](O)[C@@H](O)[C@H](O)[C@H](O)CO,non-ionic,sugar based,
CCCCCCCCCC(=O)N(C)C[C@H](O)[C@@H](O)[C@H](O)[C@H](O)CO,non-ionic,sugar based,
CCCCCCCCCCOC1CC(O)C(OC2OC(CO)C(O)C(O)C2O)C(CO)O1,non-ionic,,
CCCCCCCC/C=C\CCCCCCCCOC1OC(CO)C(OC2OC(CO)C(O)C(O)C2O)C(O)C1O,non-ionic,,
CCCCCCCC/C=C\CCCCCCCCO[C@H]1O[C@H](CO)[C@@H](O[C@H]2O[C@H](CO)[C@@H](O[C@H]3O[C@H](CO)[C@@H](O)[C@H](O)[C@H]3O)[C@H](O)[C@H]2O)[C@H](O)[C@H]1O,non-ionic,sugar based,
CCCCCCCC/C=C\CCCCCCCC(=O)NCCOC1O[C@H](CO)[C@@H](O[C@H]2O[C@H](CO)[C@@H](O)[C@H](O)[C@H]2O)[C@H](O)[C@H]1O,non-ionic,sugar based,
CCCCCCNC(=O)[C@H](O)[C@@H](O)[C@H](O[C@H]1O[C@H](CO)[C@@H](O)[C@H](O)[C@H]1O)[C@H](O)CO,non-ionic,sugar based,
CCCCCCCCNC(=O)[C@H](O)[C@@H](O)[C@H](O[C@H]1O[C@H](CO)[C@@H](O)[C@H](O)[C@H]1O)[C@H](O)CO,non-ionic,sugar based,
CCCCCCCCCCNC(=O)[C@H](O)[C@@H](O)[C@H](O[C@H]1O[C@H](CO)[C@@H](O)[C@H](O)[C@H]1O)[C@H](O)CO,non-ionic,sugar based,
CCCCCCCCCCCCNC(=O)[C@H](O)[C@@H](O)[C@H](O[C@H]1O[C@H](CO)[C@@H](O)[C@H](O)[C@H]1O)[C@H](O)CO,non-ionic,sugar based,
CCCCCCCCCCN=C(O)[C@H](O)[C@@H](O)[C@H](O[C@@H]1O[C@H](C)[C@H](O)[C@H](O)[C@H]1O)[C@H](O)CO,non-ionic,sugar based,
CCCCCCCCCCCC(=O)OC1O[C@H](CO)[C@@H](O[C@H]2O[C@H](CO)[C@@H](O)[C@H](O)[C@H]2O)[C@H](O)[C@H]1O,non-ionic,sugar based,
CCCCCCCCCC(=O)NC[C@H]1O[C@@H](O[C@@H]([C@H](O)[C@@H](O)CO)[C@H](O)CO)[C@H](O)[C@@H](O)[C@H]1O,non-ionic,sugar based,
CCCCCCCCCCCC(=O)NC[C@H]1O[C@@H](O[C@@H]([C@H](O)[C@@H](O)CO)[C@H](O)CO)[C@H](O)[C@@H](O)[C@H]1O,non-ionic,sugar based,
CCCCCCCCCCCCCC(=O)NC[C@H]1O[C@@H](O[C@@H]([C@H](O)[C@@H](O)CO)[C@H](O)CO)[C@H](O)[C@@H](O)[C@H]1O,non-ionic,sugar based,
CCCCCCCCCO[C@@H]1O[C@H](CO)[C@@H](O)[C@H](O)[C@H]1O,non-ionic,sugar based,
CCCCCCC(CCCCCCCOC[C@H]1OC(O)[C@@H](O)[C@@H](O)[C@@H]1O)C(CC)SCCC,non-ionic,sugar based,
CCCCCCCCCCC(=O)OC(O)[C@H]1O[C@H](O[C@]2(CO)O[C@H](CO)[C@@H](O)[C@@H]2O)[C@H](O)[C@@H](O)[C@@H]1O,non-ionic,sugar based,
CCCCCCCCCCC(=O)OC(O)[C@H]1O[C@H](OC[C@H]2O[C@H](O[C@]3(CO)O[C@H](CO)[C@@H](O)[C@@H]3O)[C@H](O)[C@@H](O)[C@@H]2O)[C@H](O)[C@@H](O)[C@H]1O,non-ionic,sugar based,
CCCCCCCCCCC(=O)OC(O)[C@H]1O[C@H](OC[C@H]2O[C@H](OC[C@H]3O[C@H](O[C@]4(CO)O[C@H](CO)[C@@H](O)[C@@H]4O)[C@H](O)[C@@H](O)[C@@H]3O)[C@H](O)[C@@H](O)[C@H]2O)[C@H](O)[C@@H](O)[C@H]1O,non-ionic,sugar based,
CCCCCCCCSC1O[C@H](CO)[C@@H](O)[C@H](O)[C@H]1O,non-ionic,sugar based,
CCCCCCCCSC(O)C1OC(=O)C(O)C1O,non-ionic,,
CCCCCCCCOC(O)CO,non-ionic,,
CCCCCCSC(O)C1OC(=O)C(O)C1O,non-ionic,,
CCCCCCCCCOC(=O)C(C(O)CO)C(O)C(O)C(O)CO,non-ionic,,
CCCCCCCCSC1OC(=O)C(O)C(O)C1O,non-ionic,,
CCCCCCCCCCOC(=O)C(C(O)CO)C(O)C(O)C(O)CO,non-ionic,sugar based,
CCCCCCCCCCN(C)CC(O)CO,non-ionic,,
CCCCCCSC1OC(=O)C(O)C(O)C1O,non-ionic,,
CCCCCCCC(CC)O[C@@H]1O[C@H](CO)[C@@H](O)[C@H](O)[C@H]1O,non-ionic,sugar based,
CCCCCCSC[C@H](O)[C@H](O)[C@H](O)CO,non-ionic,sugar based,
Cc1cccc(C(=O)N(C)CCCCCCCCCCCC=O)c1C,non-ionic,,
CCCCCCCC(CCCCCC)SCCC(=O)OC[C@H]1OC(O)[C@@H](O)[C@@H](O)[C@@H]1O,non-ionic,sugar based,
CCCCCCCCCCO[C@@H]1O[C@H](CO)[C@@H](O)[C@H](O)[C@@H]1O,non-ionic,sugar based,
CCCCCCCCOC(=O)C(C(O)CO)C(O)C(O)C(O)CO,non-ionic,sugar based,
CCCCCCCCS[C@@H]1O[C@H](CO)[C@@H](O)[C@H](O)[C@@H]1O,non-ionic,sugar based,
CCCCCCCCSC[C@@H](O)[C@H](O)[C@H](O)CO,non-ionic,sugar based,
CCCCCO[C@@H]1CO[C@H]2[C@@H]1OC[C@@H]2O,non-ionic,sugar based,
CCCCCCCOC(=O)C(C(O)CO)C(O)C(O)C(O)CO,non-ionic,,
CCCCCOC(=O)C(C(O)CO)C(O)C(O)C(O)CO,non-ionic,,
CCCCCCSC[C@@H](O)[C@H](O)[C@H](O)CO,non-ionic,sugar based,
CCCCCCCCCN[C@H]1[C@@H](O)[C@H](O)[C@@H](CO)O[C@H]1O,non-ionic,sugar based,
CCCCCCCCCO[C@@H]1O[C@H](CO)[C@@H](O)[C@H](O)[C@@H]1O,non-ionic,sugar based,
CCCCCCCCCNC(=O)C(O)C(O)C(OC1OC(CO)C(O)C(O)C1O)C(O)CO,non-ionic,sugar based,
CCCCO[C@@H]1CO[C@H]2[C@@H]1OC[C@@H]2O,non-ionic,sugar based,
CCCCCCCNC(=O)C(O)C(O)C(OC1OC(CO)C(O)C(O)C1O)C(O)CO,non-ionic,sugar based,
CCCCCCCCN[C@H]1[C@@H](O)[C@H](O)[C@@H](CO)O[C@H]1O,non-ionic,sugar based,
CCCCCCCCC(=O)N(C)CC(O)C(O)C(O)C(O)CO,non-ionic,,
CCCCCCCCCCNC(=O)C(O)C(O)C(OC1OC(C)C(O)C(O)C1O)C(O)CO,non-ionic,,
CCCCCCOC(=O)C(C(O)CO)C(O)C(O)C(O)CO,non-ionic,,
CC(C)CCCC(C)CCO[C@@H]1O[C@H](CO)[C@@H](O[C@H]2O[C@H](CO)[C@@H](O)[C@H](O)[C@H]2O)[C@H](O)[C@H]1O,non-ionic,sugar based,
CCCCCCCCCCCCCCCCCCN(C)C(=O)C(O)C(O)C(OC1OC(C)C(O)C(O)C1O)C(O)CO,non-ionic,,
CCCCCCCC/C=C\CCCCCCCCC(=O)NCCCO[C@@H]1O[C@H](CO)[C@@H](O[C@H]2O[C@H](CO)[C@@H](O)[C@H](O)[C@H]2O)[C@H](O)[C@H]1O,non-ionic,sugar based,
CCCCCCCCCCCCN(C)C(=O)C(O)C(O)C(O)C(O)CO,non-ionic,,
CCCCCCCCCCCCCCCCN(C)C(=O)C(O)C(O)C(OC1OC(C)C(O)C(O)C1O)C(O)CO,non-ionic,,
CCCCCCCCCCCCCCN(C)C(=O)C(O)C(O)C(OC1OC(C)C(O)C(O)C1O)C(O)CO,non-ionic,,
CCCCCCCCCCCCN(C)C(=O)C(O)C(O)C(OC1OC(C)C(O)C(O)C1O)C(O)CO,non-ionic,,
CCCCCCCCCCCCCC(=O)NC(O)C1OC(OC(C(O)CO)C(O)C(O)CO)C(O)C(O)C1O,non-ionic,,
CCCCCCCCCCCC(=O)NC(O)C1OC(OC(C(O)CO)C(O)C(O)CO)C(O)C(O)C1O,non-ionic,,
CCCCCCCCCCC(=O)OC(O)C1OC(OC2(CO)OC(CO)C(O)C2O)C(O)C(O)C1O,non-ionic,,
CCCCCCCC/C=C\CCCCCCCCO[C@@H]1O[C@H](CO)[C@@H](O[C@H]2O[C@H](CO)[C@@H](O)[C@H](O)[C@H]2O)[C@H](O)[C@H]1O,non-ionic,sugar based,
CCCCCCCCCCN(C)C(=O)C(O)C(O)C(OC1OC(C)C(O)C(O)C1O)C(O)CO,non-ionic,,
CCCCCCCCCCCCC(=O)OC1O[C@H](CO)[C@@H](O[C@H]2O[C@H](CO)[C@@H](O)[C@H](O)[C@H]2O)[C@H](O)[C@H]1O,non-ionic,sugar based,
CC(C)CCCC(C)CCOC1O[C@H](CO)[C@@H](O[C@H]2O[C@H](CO)[C@@H](O[C@H]3O[C@H](CO)[C@@H](O)[C@H](O)[C@H]3O)[C@H](O)[C@H]2O)[C@H](O)[C@H]1O,non-ionic,sugar based,
CCCCCCCCCC(=O)NC(O)C1OC(OC(C(O)CO)C(O)C(O)CO)C(O)C(O)C1O,non-ionic,,
CCCCCCCC/C=C\CCCCCCCCOC1O[C@H](CO)[C@@H](O[C@H]2O[C@H](CO)[C@@H](O[C@H]3O[C@H](CO)[C@@H](O)[C@H](O)[C@H]3O)[C@H](O)[C@H]2O)[C@H](O)[C@H]1O,non-ionic,sugar based,
CCCCCCCCCCC(=O)OC(O)C1OC(OCC2OC(OCC3OC(OC4(CO)OC(CO)C(O)C4O)C(O)C(O)C3O)C(O)C(O)C2O)C(O)C(O)C1O,non-ionic,,
CCCCCCCCCCCC(=O)OC[C@H]1O[C@H](OC[C@H]2O[C@H](O[C@]3(CO)O[C@H](CO)[C@@H](O)[C@@H]3O)[C@H](O)[C@@H](O)[C@@H]2O)[C@H](O)[C@@H](O)[C@H]1O,non-ionic,sugar based,
CCCCCCCC1=NCC[N+]1(CCCCCC[N+]1(CCNCCN)CCN=C1CCCCCCC)CCNCCN.[Br-].[Br-],cationic,gemini,
CCCCCCCCCCCC1=NCC[N+]1(CCCCCC[N+]1(CCNCCN)CCN=C1CCCCCCCCCCC)CCNCCN.[Br-].[Br-],cationic,gemini,
CCCCCCCCCCCCCC1=NCC[N+]1(CCCCCC[N+]1(CCNCCN)CCN=C1CCCCCCCCCCCCC)CCNCCN.[Br-].[Br-],cationic,gemini,
CCCCCCCCCCCCCCCC1=NCC[N+]1(CCCCCC[N+]1(CCNCCN)CCN=C1CCCCCCCCCCCCCCC)CCNCCN.[Br-].[Br-],cationic,gemini,
CCCCCCCCCCCCCCCC[N+](C)(C)C.[Br-],cationic,,
CCCCCCCCCCCCCC[N+](C)(C)C.[Br-],cationic,,
CCCCCCCCCCCC[N+](C)(C)C.[Br-],cationic,,
CCCCCCCCCCCCCCCC[N+](C)(C)Cc1ccccc1.[Cl-],cationic,,
CCCCCCCCCCCCCC[N+](C)(C)Cc1ccccc1.[Cl-],cationic,,
CCCCCCCCCCCC[N+](C)(C)Cc1ccccc1.[Cl-],cationic,,
CCCCCCCCCCCCCC[N+](C)(C)Cc1ccccc1.[Br-],cationic,,
CCCCCCCCCCCCCCCC[n+]1ccccc1.[Cl-],cationic,,
CCCCCCCCCCCC[n+]1ccccc1.[Cl-],cationic,,
CCCCCCCCCCCCCC[n+]1ccccc1.CCCCCCCS(=O)(=O)[O-],anionic-cationic mixture,,
CCCCCCCCCCCC[N+](C)(C)Cc1ccccc1CO.[Cl-],cationic,,
CCCCCCCCCCCCCC[N+](C)(C)Cc1ccccc1CO.[Cl-],cationic,,
CCCCCCCCCCCCCCCC[N+](C)(C)Cc1ccccc1CO.[Cl-],cationic,,
CCCCCCCCCCCCCCCCCC[N+](C)(C)Cc1ccccc1CO.[Cl-],cationic,,
CCCCCCCCCCCCCCCCCC[N+](C)(C)Cc1ccccc1.[Cl-],cationic,,
CCCCCCCC[n+]1cccc(NC(=O)Nc2ccc[n+](CCCCCCCC)c2)c1.[Br-].[Br-],cationic,gemini,
CCCCCCCCCC[n+]1cccc(NC(=O)Nc2ccc[n+](CCCCCCCCCC)c2)c1.[Br-].[Br-],cationic,gemini,
CCCCCCCCCCCC[n+]1cccc(NC(=O)Nc2ccc[n+](CCCCCCCCCCCC)c2)c1.[Br-].[Br-],cationic,gemini,
CCCCCCCCCCCCCC[n+]1cccc(NC(=O)Nc2ccc[n+](CCCCCCCCCCCCCC)c2)c1.[Br-].[Br-],cationic,gemini,
CCCCCCCCCc1ccc(OCC(C)OCC(C)OCC(C)OS(=O)(=O)[O-])cc1.[Na+],anionic,,
CCCCCCCCCc1ccc(OCC(C)OCC(C)OCC(C)OCC(C)OCC(C)OCC(C)OS(=O)(=O)[O-])cc1.[Na+],anionic,,
CCCCCCCCCc1ccc(OCC(C)OCC(C)OCC(C)OCC(C)OCC(C)OCC(C)OCC(C)OCC(C)OCC(C)OS(=O)(=O)[O-])cc1.[Na+],anionic,,
CCCCCCCCCc1ccc(OCC(C)OCC(C)OCC(C)OCC(C)OCC(C)OCC(C)OCC(C)OCC(C)OCC(C)OCC(C)OCC(C)OCC(C)OS(=O)(=O)[O-])cc1.[Na+],anionic,,
CCCCCCCCCCCC[N+](C)(C)CC(=O)Nc1ncccn1.[Cl-],cationic,,
CCCCCCCCCCCC[N+](C)(C)CC(=O)Nc1nccs1.[Cl-],cationic,,
CCCCCCCCCCCC[N+](C)(C)CC(=O)Nc1ccccc1.[Cl-],cationic,,
CCCCCCCCCCCC[N+](C)(C)CCOC(=O)C(=O)OCC[N+](C)(C)CCCCCCCCCCCC.[Br-].[Br-],cationic,gemini,
CCCCCCCCCCCC[n+]1ccc(C=Nc2ccc(C(=O)[O-])cc2)cc1.[Br-].[Na+],zwitterionic,,
CCCCCCCCCCCC[n+]1ccc(C=Nc2cc[n+](CCCCCCCCCCCC)cc2)cc1.[Br-].[Br-],cationic,gemini,
CCCCCCCCCCCC[N+]1(C)CCCC1=NCCc1ccccc1.[Br-],cationic,,
CCCCCCCCCCCC[N+]1(C)CCCC1=NCCO.[Br-],cationic,,
CCCCCCCCCCCC[N+]1(C)CCCC1=Nc1ccc(O)cc1.[Br-],cationic,,
CCCCCCCCCCCC[N+](C)(C)NC(=O)CCC(=O)N1CCOCC1.[I-],cationic,,
CCCCCCCCCCCCCC[N+](C)(C)NC(=O)CCC(=O)N1CCOCC1.[I-],cationic,,
CCCCCCCCCCCCCCCC[N+](C)(C)NC(=O)CCC(=O)N1CCOCC1.[I-],cationic,,
CCCCCCCCCCCC[N+](C)(C)NC(=O)CCC(=O)N1CCCCC1.[I-],cationic,,
CCCCCCCCCCCCCC[N+](C)(C)NC(=O)CCC(=O)N1CCCCC1.[I-],cationic,,
CCCCCCCCCCCCCCCC[N+](C)(C)NC(=O)CCC(=O)N1CCCCC1.[I-],cationic,,
CCCCCCCCCCCC[N+](C)(C)CCNC(=O)CCN(CCC(=O)NCC[N+](C)(C)CCCCCCCCCCCC)CCN(CCC(=O)NCC[N+](C)(C)CCCCCCCCCCCC)CCC(=O)NCC[N+](C)(C)CCCCCCCCCCCC.[Br-].[Br-].[Br-].[Br-],cationic,gemini,
CCCCCCCCCCCC(=O)NCCC[N+](C)(C)Cc1ccc(C[N+](C)(C)CCCNC(=O)CCCCCCCCCCC)cc1.[Cl-].[Cl-],cationic,gemini,
CCCCCCCCCCCCCC(=O)NCCC[N+](C)(C)Cc1ccc(C[N+](C)(C)CCCNC(=O)CCCCCCCCCCCCC)cc1.[Cl-].[Cl-],cationic,gemini,
CCCCCCCCCCCCCCCC(=O)NCCC[N+](C)(C)Cc1ccc(C[N+](C)(C)CCCNC(=O)CCCCCCCCCCCCCCC)cc1.[Cl-].[Cl-],cationic,gemini,
CCCCCCCCCCCC[N+](CCO)(CCO)CCCC[N+](CCO)(CCO)CCCCCCCCCCCC.[Br-].[Br-],cationic,gemini,
CCCCCCCCCCCC[N+](CCO)(CCO)CCCCCC[N+](CCO)(CCO)CCCCCCCCCCCC.[Br-].[Br-],cationic,gemini,
CCCCCCCCCCCC[N+](CCO)(CCO)CCCCCCCC[N+](CCO)(CCO)CCCCCCCCCCCC.[Br-].[Br-],cationic,gemini,
CCCCCCCCCCCC[N+](CCO)(CCO)CCCCCCCCCC[N+](CCO)(CCO)CCCCCCCCCCCC.[Br-].[Br-],cationic,gemini,
CCCCCCCCCCCC(=O)NCCC[N+](C)(C)C/C=C/C[N+](C)(C)CCCNC(=O)CCCCCCCCCCC.[Br-].[Br-],cationic,gemini,
CCCCCCCCCCCC(=O)NCCC[N+](C)(C)C/C=C\C[N+](C)(C)CCCNC(=O)CCCCCCCCCCC.[Br-].[Br-],cationic,gemini,
CCCCCCCC/C=C\CCCCCCC(=O)NCCC[N+](C)(C)C/C=C/C[N+](C)(C)CCCNC(=O)CCCCCC/C=C\CCCCCCCC.[Br-].[Br-],cationic,gemini,
CCCCCCCC=CCCCCCCC(=O)NCCC[N+](C)(C)C/C=C\C[N+](C)(C)CCCNC(=O)CCCCCC/C=C\CCCCCCCC.[Br-].[Br-],cationic,gemini,
CCCCCCCC/C=C\CCCCCCC(=O)NCCC[N+](C)(C)CC[N+](C)(C)CCCNC(=O)CCCCCC/C=C\CCCCCCCC.[Br-].[Br-],cationic,gemini,
CCCCCCCC/C=C\CCCCCCC(=O)NCCC[N+](C)(C)CCCC[N+](C)(C)CCCNC(=O)CCCCCC/C=C\CCCCCCCC.[Br-].[Br-],cationic,gemini,
CCCCCCCCCCCC[NH3+].[Cl-],cationic,,
CCCCCCCCCCCC[NH2+]C.[Cl-],cationic,,
CCCCCCCCCCCC[NH+](C)C.[Cl-],cationic,,
CCCCCCCCCCCC[N+](C)(C)C.[Cl-],cationic,,
CCCCCCCCCCC(O)Cn1cc[n+](CCC[n+]2ccn(CC(O)CCCCCCCCCC)c2)c1.[Br-].[Br-],cationic,gemini,
CCCCCCCCCCC(O)Cn1cc[n+](CCCC[n+]2ccn(CC(O)CCCCCCCCCC)c2)c1.[Br-].[Br-],cationic,gemini,
CCCCCCCCCCC(O)Cn1cc[n+](CCCCC[n+]2ccn(CC(O)CCCCCCCCCC)c2)c1.[Br-].[Br-],cationic,gemini,
CCCCCCCCCCC(O)Cn1cc[n+](CCCCCC[n+]2ccn(CC(O)CCCCCCCCCC)c2)c1.[Br-].[Br-],cationic,gemini,
CCCCCCCCCCC(O)Cn1cc[n+](CCCCCCCC[n+]2ccn(CC(O)CCCCCCCCCC)c2)c1.[Br-].[Br-],cationic,gemini,
CCCCCCCCCCC(O)Cn1cc[n+](CCO)c1.[Br-],cationic,,
CCCCCCCCCCC(O)Cn1cc[n+](CCO)c1.[Cl-],cationic,,
CCCCCCCCCCCCCCC(O)Cn1cc[n+](CCO)c1.[Br-],cationic,,
CCCCCCCCCCCCCCC(O)Cn1cc[n+](CCO)c1.[Cl-],cationic,,
CCCCCCCCCCCCC(O)Cn1cc[n+](CCO)c1.[Br-],cationic,,
CCCCCCCCCCCCC(O)Cn1cc[n+](CCO)c1.[Cl-],cationic,,
CCCCCCCCOCC(COCCCCCCCC)(C[N+](C)(C)C)C[N+](C)(C)C.[I-].[I-],cationic,gemini,
CCCCCCCCCCOCC(COCCCCCCCCCC)(C[N+](C)(C)C)C[N+](C)(C)C.[I-].[I-],cationic,gemini,
CCCCCCCCCCCCOCC(COCCCCCCCCCCCC)(C[N+](C)(C)C)C[N+](C)(C)C.[I-].[I-],cationic,gemini,
CCCCCCCCCCCCCCOCC(COCCCCCCCCCCCCCC)(C[N+](C)(C)C)C[N+](C)(C)C.[I-].[I-],cationic,gemini,
CCCCCCCCOCC(CC[N+](C)(C)C)(CC[N+](C)(C)C)COCCCCCCCC.[I-].[I-],cationic,gemini,
CCCCCCCCCCOCC(CC[N+](C)(C)C)(CC[N+](C)(C)C)COCCCCCCCCCC.[I-].[I-],cationic,gemini,
CCCCCCCCCCCCOCC(CC[N+](C)(C)C)(CC[N+](C)(C)C)COCCCCCCCCCCCC.[I-].[I-],cationic,gemini,
CCCCCCCCCCCCCCOCC(CC[N+](C)(C)C)(CC[N+](C)(C)C)COCCCCCCCCCCCCCC.[I-].[I-],cationic,gemini,
CCCCCCCCOCC(CCC[N+](C)(C)C)(CCC[N+](C)(C)C)COCCCCCCCC.[I-].[I-],cationic,gemini,
CCCCCCCCCCOCC(CCC[N+](C)(C)C)(CCC[N+](C)(C)C)COCCCCCCCCCC.[I-].[I-],cationic,gemini,
CCCCCCCCCCCCOCC(CCC[N+](C)(C)C)(CCC[N+](C)(C)C)COCCCCCCCCCCCC.[I-].[I-],cationic,gemini,
CCCCCCCCCCCCCCOCC(CCC[N+](C)(C)C)(CCC[N+](C)(C)C)COCCCCCCCCCCCCCC.[I-].[I-],cationic,gemini,
CCCCCCCCOCC(COCCCCCCCC)(COCC[N+](C)(C)C)COCC[N+](C)(C)C.[I-].[I-],cationic,gemini,
CCCCCCCCCCOCC(COCCCCCCCCCC)(COCC[N+](C)(C)C)COCC[N+](C)(C)C.[I-].[I-],cationic,gemini,
CCCCCCCCCCCCOCC(COCCCCCCCCCCCC)(COCC[N+](C)(C)C)COCC[N+](C)(C)C.[I-].[I-],cationic,gemini,
CCCCCCCCCCCCCCOCC(COCCCCCCCCCCCCCC)(COCC[N+](C)(C)C)COCC[N+](C)(C)C.[I-].[I-],cationic,gemini,
CCCCCCCCOCC(COCCCCCCCC)(COCCC[N+](C)(C)C)COCCC[N+](C)(C)C.[I-].[I-],cationic,gemini,
CCCCCCCCCCOCC(COCCCCCCCCCC)(COCCC[N+](C)(C)C)COCCC[N+](C)(C)C.[I-].[I-],cationic,gemini,
CCCCCCCCCCCCOCC(COCCCCCCCCCCCC)(COCCC[N+](C)(C)C)COCCC[N+](C)(C)C.[I-].[I-],cationic,gemini,
CCCCCCCCCCCCCCOCC(COCCCCCCCCCCCCCC)(COCCC[N+](C)(C)C)COCCC[N+](C)(C)C.[I-].[I-],cationic,gemini,
CCCCCCOS(=O)(=O)[O-].[Na+],anionic,,
CCCCCCCOS(=O)(=O)[O-].[Na+],anionic,,
CCCCCCCCCOS(=O)(=O)[O-].[Na+],anionic,,
CCCCCCCCC(=O)[O-].[K+],anionic,,
CCCCCCCCCCC(=O)[O-].[K+],anionic,,
CCCCCCCCCCCCC(=O)[O-].[K+],anionic,,
CCCCCCCCCCCCCCC(=O)[O-].[K+],anionic,,
CCCCCCCCCCCCCCCCC(=O)[O-].[K+],anionic,,
CCCCCCC(C)OS(=O)(=O)[O-].[Na+],anionic,,
CCCCCCCCC(CC)OS(=O)(=O)[O-].[Na+],anionic,,
CCCCCC(CCCCC)OS(=O)(=O)[O-].[Na+],anionic,,
CCCCCCCCCCCC(C)OS(=O)(=O)[O-].[Na+],anionic,,
CCCCCCC(CCCCCC)OS(=O)(=O)[O-].[Na+],anionic,,
CCCCCCCCCCCCCCC(CCCCCCCCCCCCCC)OS(=O)(=O)[O-].[Na+],anionic,,
CCCCCCCCCCc1ccc(S(=O)(=O)[O-])cc1.[Na+],anionic,,
CCCCCCCCCCCCc1ccc(S(=O)(=O)[O-])cc1.[Na+],anionic,,
CCCCCCCCC(CC)c1ccc(S(=O)(=O)[O-])cc1.[Na+],anionic,,
CCCCCCCC(CCC)c1ccc(S(=O)(=O)[O-])cc1.[Na+],anionic,,
CCCCCCC(CCCC)c1ccc(S(=O)(=O)[O-])cc1.[Na+],anionic,,
CCCCCC(CCCCC)c1ccc(S(=O)(=O)[O-])cc1.[Na+],anionic,,
CCCCCCCC(CCCC)c1ccc(S(=O)(=O)[O-])cc1.[Na+],anionic,,
CCCCCCCCCCC(CC)c1ccc(S(=O)(=O)[O-])cc1.[Na+],anionic,,
CCCCCCCCCC(CCC)c1ccc(S(=O)(=O)[O-])cc1.[Na+],anionic,,
CCCCCCCCC(CCCC)c1ccc(S(=O)(=O)[O-])cc1.[Na+],anionic,,
CCCCCCCC(CCCCC)c1ccc(S(=O)(=O)[O-])cc1.[Na+],anionic,,
CCCCCCC(CCCCCC)c1ccc(S(=O)(=O)[O-])cc1.[Na+],anionic,,
CCCCCCCCCCCCC(C)c1ccc(S(=O)(=O)[O-])cc1.[Na+],anionic,,
CCCCCCCCCCCC(CC)c1ccc(S(=O)(=O)[O-])cc1.[Na+],anionic,,
CCCCCCCCCCC(CCC)c1ccc(S(=O)(=O)[O-])cc1.[Na+],anionic,,
CCCCCCCCCC(CCCC)c1ccc(S(=O)(=O)[O-])cc1.[Na+],anionic,,
CCCCCCCCC(CCCCC)c1ccc(S(=O)(=O)[O-])cc1.[Na+],anionic,,
CCCCCCCC(CCCCCC)c1ccc(S(=O)(=O)[O-])cc1.[Na+],anionic,,
CCCCCCCCCCCCOCCOCCOCCOCCOS(=O)(=O)[O-].[Na+],anionic,,
CCCCCCCCCCCCCCOCCOS(=O)(=O)[O-].[Na+],anionic,,
CCCCCCCCCCCCCCOCCOCCOCCOCCOS(=O)(=O)[O-].[Na+],anionic,,
CCCCCCCCC(=O)OCCS(=O)(=O)[O-].[Na+],anionic,,
CCCCCCCCCCC(=O)OCCS(=O)(=O)[O-].[Na+],anionic,,
CCCCCCCCCCCCC(=O)OCCS(=O)(=O)[O-].[Na+],anionic,,
CCCCCC(C)Cc1ccc(OCCOCCOCCOCCOCCOCCOCCOCCOCCOCCOP(=O)(O)O)cc1,anionic,,
CCCCCC(C)Cc1ccc(OCCOCCOCCOCCOCCOCCOCCOCCOCCOCCOCCOCCOCCOCCOCCOP(=O)(O)O)cc1,anionic,,
CCCCCC(C)Cc1ccc(OCCOCCOCCOCCOCCOCCOCCOCCOCCOCCOCCOCCOCCOCCOCCOCCOCCOCCOCCOCCOP(=O)(O)O)cc1,anionic,,
CCCCCCCC(=O)N[C@H]1[C@@H](OC)O[C@H](COS(=O)(=O)[O-])[C@@H](O)[C@@H]1O.[Na+],anionic,,
CCCCCCCCCCCC(=O)N[C@H]1[C@@H](OC)O[C@H](COS(=O)(=O)[O-])[C@@H](O)[C@@H]1O.[Na+],anionic,,
CCCCCCCCCCCCCCCC(=O)N[C@H]1[C@@H](OC)O[C@H](COS(=O)(=O)[O-])[C@@H](O)[C@@H]1O.[Na+],anionic,,
CCCCCCS(=O)(=O)[O-].[Na+],anionic,,
CCCCCCCCS(=O)(=O)[O-].[Na+],anionic,,
CCCCCCCCCCS(=O)(=O)[O-].[Na+],anionic,,
CCCCCCCCCCCCS(=O)(=O)[O-].[Na+],anionic,,
CCCCCCCCCCCCCS(=O)(=O)[O-].[Na+],anionic,,
CCCCCCCCCCCCCCS(=O)(=O)[O-].[Na+],anionic,,
CCCCCCCCCCCCCCCS(=O)(=O)[O-].[Na+],anionic,,
CCCCCCCCCCCCCCCCS(=O)(=O)[O-].[Na+],anionic,,
CCCCCCCCCCCCCCCCCS(=O)(=O)[O-].[Na+],anionic,,
CCCCCCCCCCC(C)S(=O)(=O)[O-].[Na+],anionic,,
CCCCCCCCCC(CC)S(=O)(=O)[O-].[Na+],anionic,,
CCCCCCCCC(CCC)S(=O)(=O)[O-].[Na+],anionic,,
CCCCCCCC(CCCC)S(=O)(=O)[O-].[Na+],anionic,,
CCCCCCC(CCCCC)S(=O)(=O)[O-].[Na+],anionic,,
CCCCCCCC(CCCCCCC)S(=O)(=O)[O-].[Na+],anionic,,
CCCCCCCc1ccc(S(=O)(=O)[O-])cc1.[Na+],anionic,,
CCCCCCCCc1ccc(S(=O)(=O)[O-])cc1.[Na+],anionic,,
CCCCCCC(CC)c1ccc(S(=O)(=O)[O-])cc1.[Na+],anionic,,
CCCCCCCCC(C)c1ccc(S(=O)(=O)[O-])cc1.[Na+],anionic,,
CCCCCCCC(CC)c1ccc(S(=O)(=O)[O-])cc1.[Na+],anionic,,
CCCCCC(CCCC)c1ccc(S(=O)(=O)[O-])cc1.[Na+],anionic,,
CCCCCCCCCC(C)c1ccc(S(=O)(=O)[O-])cc1.[Na+],anionic,,
CCCCCCCCCCC(C)c1ccc(S(=O)(=O)[O-])cc1.[Na+],anionic,,
CCCCCCCCCC(CC)c1ccc(S(=O)(=O)[O-])cc1.[Na+],anionic,,
CCCCCCCCC(CCC)c1ccc(S(=O)(=O)[O-])cc1.[Na+],anionic,,
CCCCCCC(CCCCC)c1ccc(S(=O)(=O)[O-])cc1.[Na+],anionic,,
CCCCCCCCCCCC(C)c1ccc(S(=O)(=O)[O-])cc1.[Na+],anionic,,
CCCCCCCCCCCCCC(C)c1ccc(S(=O)(=O)[O-])cc1.[Na+],anionic,,
CCCCCCCCOS(=O)(=O)[O-].[Na+],anionic,,
CCCCCCCCCCOS(=O)(=O)[O-].[Na+],anionic,,
CCCCCCCCCCCOS(=O)(=O)[O-].[Na+],anionic,,
CCCCCCCCCCCCCOS(=O)(=O)[O-].[Na+],anionic,,
CCCCCCCCCCCCCCOS(=O)(=O)[O-].[Na+],anionic,,
CCCCCCCCCCCCCCCOS(=O)(=O)[O-].[Na+],anionic,,
CCCCCCCCCCCCCCCCOS(=O)(=O)[O-].[Na+],anionic,,
CCCCCCCCCCCCCCCCCCOS(=O)(=O)[O-].[Na+],anionic,,
CCCCCCCCC(C)OS(=O)(=O)[O-].[Na+],anionic,,
CCCCCCCCCCCCC(C)OS(=O)(=O)[O-].[Na+],anionic,,
CCCCCCCCCCCC(CC)OS(=O)(=O)[O-].[Na+],anionic,,
CCCCCCCCCCC(CCC)OS(=O)(=O)[O-].[Na+],anionic,,
CCCCCCCCCC(CCCC)OS(=O)(=O)[O-].[Na+],anionic,,
CCCCCCCC(CCCCCC)OS(=O)(=O)[O-].[Na+],anionic,,
CCCCCCCCCCCCCC(C)OS(=O)(=O)[O-].[Na+],anionic,,
CCCCCCCCCCCCC(CC)OS(=O)(=O)[O-].[Na+],anionic,,
CCCCCCCCCCC(CCCC)OS(=O)(=O)[O-].[Na+],anionic,,
CCCCCCCC(CCCCCCC)OS(=O)(=O)[O-].[Na+],anionic,,
CCCCCCCCCCCCC(CCC)OS(=O)(=O)[O-].[Na+],anionic,,
CCCCCCCCCCC(CCCCC)OS(=O)(=O)[O-].[Na+],anionic,,
CCCCCCCCC(CCCCCCC)OS(=O)(=O)[O-].[Na+],anionic,,
CCCCCCCCCCCCCCCC(C)OS(=O)(=O)[O-].[Na+],anionic,,
CCCCCCCCC(CCCCCCCC)OS(=O)(=O)[O-].[Na+],anionic,,
CCCCCCCCCCCCCCCCC(C)OS(=O)(=O)[O-].[Na+],anionic,,
CCCCCCCCCCCCCCC(CCC)OS(=O)(=O)[O-].[Na+],anionic,,
CCCCCCCCCCCCC(CCCCC)OS(=O)(=O)[O-].[Na+],anionic,,
CCCCCCCCCC(CCCCCCCCC)OS(=O)(=O)[O-].[Na+],anionic,,
CCCCCCCCCCCCCCC(CCCC)OS(=O)(=O)[O-].[Na+],anionic,,
CCCCCCCCCCCCCC(C)COS(=O)(=O)[O-].[Na+],anionic,,
CCCCCCCCCCCCC(CC)COS(=O)(=O)[O-].[Na+],anionic,,
CCCCCCCCCCCC(CCC)COS(=O)(=O)[O-].[Na+],anionic,,
CCCCCCCCCCC(CCCC)COS(=O)(=O)[O-].[Na+],anionic,,
CCCCCCCCCC(CCCCC)COS(=O)(=O)[O-].[Na+],anionic,,
CCCCCCCCC(CCCCCC)COS(=O)(=O)[O-].[Na+],anionic,,
CCCCCCCC(CCCCCCC)COS(=O)(=O)[O-].[Na+],anionic,,
CCCCCCCCC(O)CCS(=O)(=O)[O-].[Na+],anionic,,
CCCCCCCCCC(CCS(=O)(=O)[O-])OC.[Na+],anionic,,
CCCCCCCCCC(CCS(=O)(=O)[O-])OCC.[Na+],anionic,,
CCCCCCCCCC(CCS(=O)(=O)[O-])OCCC.[Na+],anionic,,
CCCCCCCCCC(CCS(=O)(=O)[O-])OC(C)C.[Na+],anionic,,
CCCCCCCCCC(CCS(=O)(=O)[O-])OCCCC.[Na+],anionic,,
CCCCCCCCCC(CCS(=O)(=O)[O-])OCCCCCC.[Na+],anionic,,
CCCCCCCCCC(CCS(=O)(=O)[O-])OCCCCCCCC.[Na+],anionic,,
CCCCCCCCCC(CCS(=O)(=O)[O-])OCC(CC)CCCC.[Na+],anionic,,
CCCCCCCCCC(CCS(=O)(=O)[O-])Oc1ccccc1.[Na+],anionic,,
CCCCCCCCCC(O)CCS(=O)(=O)[O-].[Na+],anionic,,
CCCCCCCCCCCC(O)CCS(=O)(=O)[O-].[Na+],anionic,,
CCCCCCCCCCCC(CCO)CCS(=O)(=O)[O-].[Na+],anionic,,
CCCCCCCCCCCC(CCS(=O)(=O)[O-])OCCOCCO.[Na+],anionic,,
CCCCCCCCCCCC(CCS(=O)(=O)[O-])Oc1ccccc1.[Na+],anionic,,
CCCCCCCCCCCC(CCS(=O)(=O)[O-])Oc1cc(Cl)c(Cl)cc1Cl.[Na+],anionic,,
CCCCCCCCCCCC(CCS(=O)(=O)[O-])N(C)C.[Na+],anionic,,
CCCCCCCCCCCC(CCS(=O)(=O)[O-])NCCC.[Na+],anionic,,
CCCCCCCCCCCC(CCS(=O)(=O)[O-])NCCCC.[Na+],anionic,,
CCCCCCCCCCCC(CCS(=O)(=O)[O-])N1CCOCC1.[Na+],anionic,,
CCCCCCCCCCCC(CCS(=O)(=O)[O-])N1CCCCC1.[Na+],anionic,,
CCCCCCCCCCCC(=O)CCS(=O)(=O)[O-].[Na+],anionic,,
CCCCCCCCCCCCCC(O)CCS(=O)(=O)[O-].[Na+],anionic,,
CCCCCCCCCCCCCC(CCS(=O)(=O)[O-])OC.[Na+],anionic,,
CCCCCCCCCCCCCC(CCS(=O)(=O)[O-])OCCC.[Na+],anionic,,
CCCCCCCCCCCCCC(CCS(=O)(=O)[O-])OCCCC.[Na+],anionic,,
CCCCCCCCCCCCCC(=O)CCS(=O)(=O)[O-].[Na+],anionic,,
CCCCCCCCCCCCCCCC(O)CCS(=O)(=O)[O-].[Na+],anionic,,
CCCCCCCCCCOCCS(=O)(=O)[O-].[Na+],anionic,,
CCCCCCCCCCC(CO)S(=O)(=O)[O-].[Na+],anionic,,
CCCCCCCCCCCCC(CO)S(=O)(=O)[O-].[Na+],anionic,,
CCCCCCOC(=O)CS(=O)(=O)[O-].[Na+],anionic,,
CCCCCCCCOC(=O)CS(=O)(=O)[O-].[Na+],anionic,,
CCCCCCCCCCOC(=O)CS(=O)(=O)[O-].[Na+],anionic,,
CCCCCCCCCCCCCCOC(=O)CCS(=O)(=O)[O-].[Na+],anionic,,
CCCCCCCCCCC(C(=O)OC)S(=O)(=O)[O-].[Na+],anionic,,
CCCCCCCCCCCCC(C(=O)OC)S(=O)(=O)[O-].[Na+],anionic,,
CCCCCCCCCCCCCCC(C(=O)OC)S(=O)(=O)[O-].[Na+],anionic,,
CCCCCCCCCCCCCCC(C(=O)OCCC)S(=O)(=O)[O-].[Na+],anionic,,
CCCCCCCCCCCCCCCCC(C(=O)OC)S(=O)(=O)[O-].[Na+],anionic,,
CCCCCCCCCCCCCCCCC(C(=O)OCC)S(=O)(=O)[O-].[Na+],anionic,,
CCCCCCCCCCCCCCCCC(C(=O)OCCC)S(=O)(=O)[O-].[Na+],anionic,,
CCCCCCCCCCCCCCCCC(C(=O)OC(C)C)S(=O)(=O)[O-].[Na+],anionic,,
CCCCC(CC)COC(=O)CC(C(=O)OCC(CC)CCCC)S(=O)(=O)[O-].[Na+],anionic,,
CCCCOC(=O)CC(C(=O)OCCCC)S(=O)(=O)[O-].[Na+],anionic,,
CCCCCOC(=O)CC(C(=O)OCCCCC)S(=O)(=O)[O-].[Na+],anionic,,
CCCCCCOC(=O)CC(C(=O)OCCCCCC)S(=O)(=O)[O-].[Na+],anionic,,
CCCCCCCCOC(=O)CC(C(=O)OCCCCCCCC)S(=O)(=O)[O-].[Na+],anionic,,
CCCCCCOCCOCCOCCO,non-ionic,,
CCCCCCOCCOCCOCCOCCO,non-ionic,,
CCCCCCOCCOCCOCCOCCOCCO,non-ionic,,
CCCCCCCCOCCOCCOCCOCCOCCO,non-ionic,,
CCCCCCCCCOCCOCCOCCOCCOCCOCCOCCOCCO,non-ionic,,
CCCCCCCCCCOCCOCCOCCOCCOCCO,non-ionic,,
CCCCCCCCCCOCCOCCOCCOCCOCCOCCOCCO,non-ionic,,
CCCCCCCCCCCCOCCO,non-ionic,,
CCCCCCCCCCCCOCCOCCOCCOCCOCCOCCOCCOCCOCCOCCOCCOCCOCCOCCO,non-ionic,,
CCCCCCCCCCCCCCOCCOCCOCCOCCOCCOCCOCCOCCOCCO,non-ionic,,
CCCCCCCCCCCCCCCCOCCOCCOCCOCCOCCOCCOCCOCCO,non-ionic,,
CCCCCCCCCCCCCCCCOCCOCCOCCOCCOCCOCCOCCOCCOCCOCCO,non-ionic,,
CC(C)(C)CC(C)(C)c1ccc(OCCOCCOCCOCCOCCOCCOCCOCCOCCOCCOCCOCCOCCOCCOCCOCCOCCOCCOCCOCCOCCOCCOCCOCCOCCOCCOCCOCCOCCOCCO)cc1,non-ionic,,
CC(C)(C)CC(C)(C)c1ccc(OCCOCCOCCOCCOCCOCCOCCOCCOCCOCCOCCOCCOCCOCCOCCOCCOCCOCCOCCOCCOCCOCCOCCOCCOCCOCCOCCOCCOCCOCCOCCOCCOCCOCCOCCOCCOCCOCCOCCOCCO)cc1,non-ionic,,
CCCCCCCCCc1ccc(OCCOCCO)cc1,non-ionic,,
CCCCCCCCCc1ccc(OCCOCCOCCOCCOCCO)cc1,non-ionic,,
CCCCCCCCCc1ccc(OCCOCCOCCOCCOCCOCCOCCOCCOCCOCCOCCOCCO)cc1,non-ionic,,
COCCOCCOCCCC(F)(F)C(F)(F)C(F)(F)C(F)F,non-ionic,,
COCCOCCOCCCC(F)(F)C(F)(F)C(F)(F)C(F)(F)F,non-ionic,,
COCCOCCOCCCC(F)(F)C(F)(F)C(F)(F)C(F)(F)C(F)(F)C(F)F,non-ionic,,
COCCOCCOCCCC(F)(F)C(F)(F)C(F)(F)C(F)(F)C(F)(F)C(F)(F)F,non-ionic,,
CCCCCCCCCCCCC(=O)N(CCOCCOCCO)CCN(CCOCCOCCO)C(=O)CCCCCCCCCCCC,non-ionic,,
CCCCCCCCCCCCC(=O)N(CCOCCOCCOCCOCCOCCO)CCN(CCOCCOCCOCCOCCOCCO)C(=O)CCCCCCCCCCCC,non-ionic,,
CCCCCCCCCCCCC(=O)N(CCOCCOCCOCCOCCOCCOCCOCCOCCO)CCN(CCOCCOCCOCCOCCOCCOCCOCCOCCO)C(=O)CCCCCCCCCCCC,non-ionic,,
CC(C)(C)CC(C)(C)c1ccc(OCCOCCOCCOCCOCCOCCOCCOCCOCCO)cc1,non-ionic,,
COCCOCCOC(=O)NC(CCC(F)(F)C(F)(F)C(F)(F)C(F)(F)F)NC(=O)OCCOCCOC,non-ionic,,
COCCOCCOCCOC(=O)NC(CCC(F)(F)C(F)(F)C(F)(F)C(F)(F)F)NC(=O)OCCOCCOCCOC,non-ionic,,
COCCOCCOC(=O)NC(CCC(F)(F)C(F)(F)C(F)(F)C(F)(F)C(F)(F)C(F)(F)F)NC(=O)OCCOCCOC,non-ionic,,
COCCOCCOCCOC(=O)NC(CCC(F)(F)C(F)(F)C(F)(F)C(F)(F)C(F)(F)C(F)(F)F)NC(=O)OCCOCCOCCOC,non-ionic,,
COCCOCCOC(=O)NC(CCC(F)(F)C(F)(F)C(F)(F)C(F)(F)C(F)(F)C(F)(F)C(F)(F)C(F)(F)F)NC(=O)OCCOCCOC,non-ionic,,
COCCOCCOCCOC(=O)NC(CCC(F)(F)C(F)(F)C(F)(F)C(F)(F)C(F)(F)C(F)(F)C(F)(F)C(F)(F)F)NC(=O)OCCOCCOCCOC,non-ionic,,
CCCCCCCCCCCCCCCC=CC(=O)OC(CO)COC(CO)COC(CO)COC(CO)CO,non-ionic,sugar based,
CCCCCCCCCCCC(=O)OCCC(CO)COC(CO)COC(CO)COC(CO)CO,non-ionic,sugar based,
CCCCCCCCCCCCCCCCCC(=O)OCCC(CO)COC(CO)COC(CO)COC(CO)CO,non-ionic,sugar based,
CCCCCCCCCCCCCCCC=CC(=O)OC(CO)COC(CO)COC(CO)COC(CO)COC(CO)COC(CO)CO,non-ionic,sugar based,
CCCCCCCCCCCC(=O)OCCC(CO)COC(CO)COC(CO)COC(CO)COC(CO)COC(CO)CO,non-ionic,sugar based,
CCCCCCCCCCCCCCCCCC(=O)OCCC(CO)COC(CO)COC(CO)COC(CO)COC(CO)COC(CO)CO,non-ionic,sugar based,
CCCCCCCCCCCCCCCC=CC(=O)OC(CO)COC(CO)COC(CO)COC(CO)COC(CO)COC(CO)COC(CO)COC(CO)COC(CO)COC(CO)CO,non-ionic,sugar based,
CCCCCCCCCCCC(=O)OCCC(CO)COC(CO)COC(CO)COC(CO)COC(CO)COC(CO)COC(CO)COC(CO)COC(CO)COC(CO)CO,non-ionic,sugar based,
CCCCCCCCCCCC(=O)OCC(O)C1OCC(O)C1O,non-ionic,,
CCCCCCCC/C=C\CCCCCCCC(=O)OC[C@@H](O)[C@H]1OC[C@H](O)[C@H]1O,non-ionic,sugar based,
CCCCCCCC/C=C\CCCCCCCC(=O)OC[C@@H](OC(=O)CCCCCCC/C=C\CCCCCCCC)[C@H]1OC[C@H](O)[C@H]1OC(=O)CCCCCCC/C=C\CCCCCCCC,non-ionic,sugar based,
CCCCCCCC(=O)OC[C@H]1O[C@@H](O[C@H]2[C@H](O)[C@@H](O)[C@H](O)O[C@@H]2CO)[C@H](O)[C@@H](O)[C@H]1O,non-ionic,sugar based,
CCCCCCCC(=O)OC[C@H]1O[C@@H](O[C@@H]([C@H](O)[C@@H](O)CO)[C@H](O)CO)[C@H](O)[C@@H](O)[C@H]1O,non-ionic,sugar based,
CCCCCCCCCCCC(=O)OC[C@H]1O[C@@H](O[C@H]2[C@H](O)[C@@H](O)[C@H](O)O[C@@H]2CO)[C@H](O)[C@@H](O)[C@H]1O,non-ionic,sugar based,
CCCCCCCCCCCC(=O)OC[C@H]1O[C@@H](O[C@@H]([C@H](O)[C@@H](O)CO)[C@H](O)CO)[C@H](O)[C@@H](O)[C@H]1O,non-ionic,sugar based,
CCCCCCCCCCCCCCCC(=O)OC[C@H]1O[C@@H](O[C@H]2[C@H](O)[C@@H](O)[C@H](O)O[C@@H]2CO)[C@H](O)[C@@H](O)[C@H]1O,non-ionic,sugar based,
CCCCCCCCCCCCCCCC(=O)OC[C@H]1O[C@@H](O[C@@H]([C@H](O)[C@@H](O)CO)[C@H](O)CO)[C@H](O)[C@@H](O)[C@H]1O,non-ionic,sugar based,
CCCCCCCCCCCCO[C@@H]1OC(CO)[C@@H](O[C@H]2OC(CO)[C@@H](O)[C@H](O)C2O)[C@H](O)C1O,non-ionic,sugar based,
CCCCC(=O)OCC(O)C(O)C(O)CO,non-ionic,sugar based,
CCCCCC(=O)OCC(O)C(O)C(O)CO,non-ionic,sugar based,
CCCCCCC(=O)OCC(O)C(O)C(O)CO,non-ionic,sugar based,
CCCCCCCC(=O)OCC(O)C(O)C(O)CO,non-ionic,sugar based,
CCCCCCCCC(=O)OCC(O)C(O)C(O)CO,non-ionic,sugar based,
CCCCCCCCCC(=O)OCC(O)C(O)C(O)CO,non-ionic,sugar based,
CCCCCCCOCC(O)C(O)C(O)CO,non-ionic,sugar based,
CCCCCCCCOCC(O)C(O)C(O)CO,non-ionic,sugar based,
CCCCCCCCCOCC(O)C(O)C(O)CO,non-ionic,sugar based,
CCCCCCCCCCOCC(O)C(O)C(O)CO,non-ionic,sugar based,
CCCCCCCCCCCOCC(O)C(O)C(O)CO,non-ionic,sugar based,
CCCCCSCC(O)C(O)C(O)CO,non-ionic,sugar based,
CCCCCCSCC(O)C(O)C(O)CO,non-ionic,sugar based,
CCCCCCCCC(=O)OC[C@H]1OC(O)[C@H](O)[C@@H](O)[C@@H]1O,non-ionic,sugar based,
CCCCCCCCCCCCC(=O)OC[C@H]1OC(O)[C@H](O)[C@@H](O)[C@@H]1O,non-ionic,sugar based,
CCCCCCCCCCCCCCCCC(=O)OC[C@H]1OC(O)[C@H](O)[C@@H](O)[C@@H]1O,non-ionic,sugar based,
CCCCCCCCCCCCCCCCCCC(=O)OC[C@H]1OC(O)[C@H](O)[C@@H](O)[C@@H]1O,non-ionic,sugar based,
CCCCCCCCCCCC(=O)OC[C@H]1O[C@H](O[C@H]2[C@H](O)[C@@H](O)[C@@H](O)O[C@@H]2CO)[C@H](O)[C@@H](O)[C@@H]1O,non-ionic,sugar based,
CCCCCCCCCCC(=O)NCCOCCOCCOCCO,non-ionic,,
CCCCCCCS[C@@H]1O[C@H](CO)[C@@H](O)[C@H](O)[C@H]1O,non-ionic,sugar based,
CCCCCCCCN(CCCNC(=O)[C@H](O)[C@@H](O)[C@H](O)[C@H](O)CO)CCN(CCCCCCCC)CCCNC(=O)[C@H](O)[C@@H](O)[C@H](O)[C@H](O)CO,non-ionic,sugar based,
CCCCCCCCCCCCN(CCCNC(=O)[C@@H](O)[C@H](O)[C@@H](O)[C@@H](O)CO)CCN(CCCCCCCCCCCC)CCCNC(=O)[C@@H](O)[C@H](O)[C@@H](O)[C@@H](O)CO,non-ionic,sugar based,
CCCCCCCCCCCCN(CCCNC(=O)[C@H](O)[C@@H](O)[C@H](O)[C@@H](O)[C@@H](O)CO)CCN(CCCCCCCCCCCC)CCCNC(=O)[C@H](O)[C@@H](O)[C@H](O)[C@@H](O)[C@@H](O)CO,non-ionic,sugar based,
CCCCCCCCN(CCCNC(=O)[C@H](O)[C@@H](O)[C@H](O[C@@H]1O[C@H](CO)[C@H](O)[C@H](O)[C@H]1O)[C@H](O)CO)CCN(CCCCCCCC)CCCNC(=O)[C@H](O)[C@@H](O)[C@H](O[C@@H]1O[C@H](CO)[C@H](O)[C@H](O)[C@H]1O)[C@H](O)CO,non-ionic,sugar based,
CCCCCCCCCCCCN(CCCNC(=O)[C@H](O)[C@@H](O)[C@H](O[C@@H]1O[C@H](CO)[C@H](O)[C@H](O)[C@H]1O)[C@H](O)CO)CCN(CCCCCCCCCCCC)CCCNC(=O)[C@H](O)[C@@H](O)[C@H](O[C@@H]1O[C@H](CO)[C@H](O)[C@H](O)[C@H]1O)[C@H](O)CO,non-ionic,sugar based,
CCCCO[C@H]1O[C@H](COC(=O)CCC(=O)OC[C@H]2O[C@H](OCCCC)[C@H](O)[C@@H](O)[C@@H]2O)[C@@H](O)[C@H](O)[C@H]1O,non-ionic,sugar based,
CCCCO[C@H]1O[C@H](COC(=O)CCCC(=O)OC[C@H]2O[C@H](OCCCC)[C@H](O)[C@@H](O)[C@@H]2O)[C@@H](O)[C@H](O)[C@H]1O,non-ionic,sugar based,
CCCCO[C@H]1O[C@H](COC(=O)CCCCCCC(=O)OC[C@H]2O[C@H](OCCCC)[C@H](O)[C@@H](O)[C@@H]2O)[C@@H](O)[C@H](O)[C@H]1O,non-ionic,sugar based,
CCCCO[C@H]1O[C@H](CO)[C@@H](O)[C@H](O)[C@H]1OC(=O)CCC(=O)O[C@H]1[C@@H](OCCCC)O[C@H](CO)[C@@H](O)[C@@H]1O,non-ionic,sugar based,
CCCCO[C@H]1O[C@H](CO)[C@@H](O)[C@H](O)[C@H]1OC(=O)CCCCCCC(=O)O[C@H]1[C@@H](OCCC)O[C@H](CO)[C@@H](O)[C@@H]1O,non-ionic,sugar based,
CCCCO[C@H]1O[C@@H](CO)[C@@H](O)[C@H](O)[C@H]1O,non-ionic,sugar based,
CCCCOCCO,non-ionic,,
CCCCCCCCCOCCO,non-ionic,,
CCCCCCCCOCCOCCOCCO,non-ionic,,
CCCCCCCCOCCOCCOCCOCCOCCOCCO,non-ionic,,
CCCCCCCCOCCOCCOCCOCCOCCOCCOCCOCCOCCO,non-ionic,,
CCCCCCCCCCOCCOCCOCCO,non-ionic,,
CCCCCCCCCCOCCOCCOCCOCCO,non-ionic,,
CCCCCCCCCCOCCOCCOCCOCCOCCOCCO,non-ionic,,
CCCCCCCCCCOCCOCCOCCOCCOCCOCCOCCOCCO,non-ionic,,
CCCCCCCCCCOCCOCCOCCOCCOCCOCCOCCOCCOCCO,non-ionic,,
CCCCCCCCCCCOCCOCCOCCOCCOCCOCCOCCOCCO,non-ionic,,
CCCCCCCCCCCCOCCOCCO,non-ionic,,
CCCCCCCCCCCCOCCOCCOCCO,non-ionic,,
CCCCCCCCCCCCOCCOCCOCCOCCO,non-ionic,,
CCCCCCCCCCCCOCCOCCOCCOCCOCCO,non-ionic,,
CCCCCCCCCCCCOCCOCCOCCOCCOCCOCCO,non-ionic,,
CCCCCCCCCCCCOCCOCCOCCOCCOCCOCCOCCO,non-ionic,,
CCCCCCCCCCCCOCCOCCOCCOCCOCCOCCOCCOCCO,non-ionic,,
CCCCCCCCCCCCOCCOCCOCCOCCOCCOCCOCCOCCOCCO,non-ionic,,
CCCCCCCCCCCCOCCOCCOCCOCCOCCOCCOCCOCCOCCOCCOCCOCCO,non-ionic,,
CCCCCCCCCCCCCOCCOCCOCCOCCOCCOCCOCCOCCO,non-ionic,,
CCCCCCCCCCCCCCOCCOCCOCCOCCOCCOCCO,non-ionic,,
CCCCCCCCCCCCCCOCCOCCOCCOCCOCCOCCOCCOCCO,non-ionic,,
CCCCCCCCCCCCCCCOCCOCCOCCOCCOCCOCCOCCOCCO,non-ionic,,
CCCCCCCCCCCCCCCCOCCOCCOCCOCCOCCOCCO,non-ionic,,
CCCCCCCCCCCCCCCCOCCOCCOCCOCCOCCOCCOCCO,non-ionic,,
CCCCCCCCCCCCCCCCOCCOCCOCCOCCOCCOCCOCCOCCOCCO,non-ionic,,
CCCCCCCCCCCCCCCCOCCOCCOCCOCCOCCOCCOCCOCCOCCOCCOCCOCCO,non-ionic,,
CC(C)(C)CC(C)(C)c1ccc(OCCO)cc1,non-ionic,,
CC(C)(C)CC(C)(C)c1ccc(OCCOCCO)cc1,non-ionic,,
CC(C)(C)CC(C)(C)c1ccc(OCCOCCOCCO)cc1,non-ionic,,
CC(C)(C)CC(C)(C)c1ccc(OCCOCCOCCOCCO)cc1,non-ionic,,
CC(C)(C)CC(C)(C)c1ccc(OCCOCCOCCOCCOCCO)cc1,non-ionic,,
CC(C)(C)CC(C)(C)c1ccc(OCCOCCOCCOCCOCCOCCO)cc1,non-ionic,,
CC(C)(C)CC(C)(C)c1ccc(OCCOCCOCCOCCOCCOCCOCCO)cc1,non-ionic,,
CC(C)(C)CC(C)(C)c1ccc(OCCOCCOCCOCCOCCOCCOCCOCCO)cc1,non-ionic,,
CC(C)(C)CC(C)(C)c1ccc(OCCOCCOCCOCCOCCOCCOCCOCCOCCOCCO)cc1,non-ionic,,
CC(C)COCCOCCOCCOCCOCCOCCO,non-ionic,,
CCC(CC)COCCOCCOCCOCCOCCOCCO,non-ionic,,
CCCC(CCC)COCCOCCOCCOCCOCCOCCO,non-ionic,,
CCCCC(CCCC)COCCOCCOCCOCCOCCOCCO,non-ionic,,
CCCCC(CCCC)COCCOCCOCCOCCOCCOCCOCCOCCOCCO,non-ionic,,
CCCCCCCCC(O)CO,non-ionic,,
CCCCCCCCC(O)CCO,non-ionic,sugar based,
CCCCCCCCCCC(O)CO,non-ionic,,
CCCCCCCCCCCCC(O)CCO,non-ionic,,
CCCCCCCCCCCCNC[C@H](O)[C@@H](O)[C@H](O[C@@H]1O[C@H](CO)[C@H](O)[C@H](O)[C@H]1O)[C@H](O)CO,non-ionic,sugar based,
CCCCCCCCCCCC(=O)OC[C@H]1O[C@H](O[C@]2(CO)O[C@H](CO)[C@@H](O)[C@@H]2O)[C@H](O)[C@@H](O)[C@@H]1O,non-ionic,sugar based,
CCCCCCCCCCCCCCCCCC(=O)OC[C@H]1O[C@H](O[C@]2(CO)O[C@H](CO)[C@@H](O)[C@@H]2O)[C@H](O)[C@@H](O)[C@@H]1O,non-ionic,sugar based,
CCCCCCCCCCCC(=O)N(CCO)CCO,non-ionic,,
CCCCCCCCCC(=O)N(CCOCCOCCO)CCOCCOCCO,non-ionic,,
CCCCCCCCCC(=O)N(CCOCCOCCOCCO)CCOCCOCCOCCO,non-ionic,,
CCCCCCCCCCCC(=O)N(CCOCCO)CCOCCO,non-ionic,,
CCCCCCCCCCCC(=O)N(CCOCCOCCO)CCOCCOCCO,non-ionic,,
CCCCCCCCCCCC(=O)N(CCOCCOCCOCCO)CCOCCOCCOCCO,non-ionic,,
CCCCCCCCCCCCN[C@@H](C)C(=O)OCCOCCOCCOCCO,non-ionic,,
CCCCCCCCCCCCNCC(=O)OCCOCCOCCOCCO,non-ionic,,
CCCCCCCCCCCCN(C)CC(=O)OCCOCCOCCOCCO,non-ionic,,
OCCOCCOCCSCCC(F)(F)C(F)(F)C(F)(F)C(F)(F)C(F)(F)C(F)(F)F,non-ionic,,
OCCOCCOCCOCCSCCC(F)(F)C(F)(F)C(F)(F)C(F)(F)C(F)(F)C(F)(F)F,non-ionic,,
OCCOCCOCCOCCOCCOCCSCCC(F)(F)C(F)(F)C(F)(F)C(F)(F)C(F)(F)C(F)(F)F,non-ionic,,
OCCOCCOCCOCCOCCOCCOCCOCCSCCC(F)(F)C(F)(F)C(F)(F)C(F)(F)C(F)(F)C(F)(F)F,non-ionic,,
OCCOCCSCCOCCSCCC(F)(F)C(F)(F)C(F)(F)C(F)(F)C(F)(F)C(F)(F)F,non-ionic,,
OCCOCCSCCOCCOCCSCCC(F)(F)C(F)(F)C(F)(F)C(F)(F)C(F)(F)C(F)(F)F,non-ionic,,
OCCOCCSCCOCCOCCOCCSCCC(F)(F)C(F)(F)C(F)(F)C(F)(F)C(F)(F)C(F)(F)F,non-ionic,,
COCCOCCOCCN(CCOCCOCCOC)C(=O)CC(F)(F)C(F)(F)C(F)(F)C(F)(F)C(F)(F)C(F)(F)F,non-ionic,,
COCCOCCOCCN(CCOCCOCCOC)C(=O)CC(F)(F)C(F)(F)C(F)(F)C(F)(F)C(F)(F)C(F)(F)C(F)(F)C(F)(F)F,non-ionic,,
COCCN(CCOC)C(=O)CC(F)(F)C(F)(F)C(F)(F)C(F)(F)C(F)(F)C(F)(F)C(F)(F)C(F)(F)C(F)(F)C(F)(F)F,non-ionic,,
CCCCCCCCCCC[n+]1ccccc1.[Br-],cationic,,
CCCCCCCCCCCC[n+]1ccccc1.[Br-],cationic,,
CCCCCCCCCCCCC[n+]1ccccc1.[Br-],cationic,,
CCCCCCCCCCCCCC[n+]1ccccc1.[Br-],cationic,,
CCCCCCCCCCCCCCC[n+]1ccccc1.[Br-],cationic,,
CCCCCCCCCCCCCCCC[n+]1ccccc1.[Br-],cationic,,
CCCCCCCCCCCCc1cc[n+](C)cc1.[I-],cationic,,
C[n+]1ccc(CCCCCCCCC(C)(C)C)cc1.[I-],cationic,,
CCC(CC)CCCCCCc1cc[n+](C)cc1.[I-],cationic,,
CCCCCCCCCCCCc1cc[n+](CC)cc1.[I-],cationic,,
CCCCCCCCCCCCc1cc[n+](CCC)cc1.[I-],cationic,,
CCCCCCCCCCCCc1cc[n+](C(C)C)cc1.[I-],cationic,,
CCCCCC[N+](C)(C)C.[Br-],cationic,,
CCCCCCCC[N+](C)(C)C.[Br-],cationic,,
CCCCCCCCCC[N+](C)(C)C.[Br-],cationic,,
CCCCCCCCCCCC[N+](C)(C)CC.[Br-],cationic,,
CCCCCCCCCCCCCC[N+](C)(C)CC.[Br-],cationic,,
CCCCCCCCCCCC[N+](C)(C)c1ccccc1.[Br-],cationic,,
CCCCCCCCCCCCCC[N+](C)(C)c1ccccc1.[Br-],cationic,,
CCCCCCCCCCCCCCCC[N+](C)(C)c1ccccc1.[Br-],cationic,,
CCCCCCCCCCCCCCCC[N+](C)(C)CCO.[Br-],cationic,,
CCCCCCCCCCCCCCCC[N+](C)(CCO)CCO.[Br-],cationic,,
CCCCCCCCCCCCCCCC[N+](CCO)(CCO)CCO.[Br-],cationic,,
CCCCCCCCCCCCCCCC[N+](C)(C)CCOC.[Br-],cationic,,
CCCCCCCCCCCCCCCC[N+](C)(CCOC)CCOC.[Br-],cationic,,
CCCCCCCCCCCCCCCC[N+](CCOC)(CCOC)CCOC.[Br-],cationic,,
CCCCCCCCCCCCCCCC[N+](C)(C)CCC.[Br-],cationic,,
CCCCCCCCCCCCCCCC[N+](C)(CCC)CCC.[Br-],cationic,,
CCCCCCCCCCCCCCCC[N+](CCC)(CCC)CCC.[Br-],cationic,,
CCCCCCCCCCCCCCC(O)C[N+](C)(C)CCO.[Cl-],cationic,,
CCCCCCCCCCCCCCC(O)C[N+](C)(CCO)CCO.[Cl-],cationic,,
CCCCCCCCCCCCCCC(O)C[N+](C)(C)C.[Cl-],cationic,,
C[N+](C)(C)CCCCCCCCCCC(F)(F)C(F)(F)C(F)(C(F)(F)F)C(F)(F)F.[Br-],cationic,,
C[N+](C)(C)CCCCCCCCCCCC(F)(F)C(F)(F)C(F)(F)C(F)(F)F.[Br-],cationic,,
C[N+](C)(C)CCCCCCCCC(F)(F)C(F)(F)C(F)(F)C(F)(F)C(F)(F)C(F)(F)F.[Br-],cationic,,
C[N+](C)(C)CCCCCCC(F)(F)C(F)(F)C(F)(F)C(F)(F)C(F)(F)C(F)(F)C(F)(F)C(F)(F)F.[Br-],cationic,,
CCCCCCCCCC[n+]1ccccc1.[Cl-],cationic,,
CCCCCC/C=C\CCCCc1cc[n+](C)cc1.[I-],cationic,,
CCCCCCCCCCC(C)c1cc[n+](C)cc1.[I-],cationic,,
CCCCCCCCCC[N+](C)(C)C.[Cl-],cationic,,
CCCCCCCCCCCCCC[N+](CC)(CC)CC.[Br-],cationic,,
CCCCCCCCCCCCCC[N+](CCC)(CCC)CCC.[Br-],cationic,,
CCCCCCCCCCCCCC[N+](CCCC)(CCCC)CCCC.[Br-],cationic,,
CCCCCCCCCC[N+](C)(C)CC(O)C[N+](C)(C)CCCCCCCCCC.[Cl-].[Cl-],cationic,gemini,
CCCCCCCCCCCC[N+](C)(C)CC(O)C[N+](C)(C)CCCCCCCCCCCC.[Cl-].[Cl-],cationic,gemini,
CCCCCCCCCCCCCC[N+](C)(C)CC(O)C[N+](C)(C)CCCCCCCCCCCCCC.[Cl-].[Cl-],cationic,gemini,
CCCCCCCCCCCCCCCC[N+](C)(C)CC(O)C[N+](C)(C)CCCCCCCCCCCCCCCC.[Cl-].[Cl-],cationic,gemini,
CCCCCCCCCCCCCCCCCC[N+](C)(C)CC(O)C[N+](C)(C)CCCCCCCCCCCCCCCCCC.[Cl-].[Cl-],cationic,gemini,
CCCCCCCCCCCC[N+](C)(C)CC(O)CN(C)CC(O)C[N+](C)(C)CCCCCCCCCCCC.[Cl-].[Cl-],cationic,gemini,
CCCCCCCCCCCCN(CC(O)C[N+](C)(C)CCCCCCCCCCCC)CC(O)C[N+](C)(C)CCCCCCCCCCCC.[Cl-].[Cl-],cationic,gemini,
CCCCCCCCCCCC[N+](C)(C)CC(O)C[N+](C)(C)CC(O)C[N+](C)(C)CCCCCCCCCCCC.[Cl-].[Cl-].[Cl-],cationic,gemini,
CCCCCCCCCCCC[N+](C)(C)CC(O)C[N+](CCCCCCCCCCCC)(CCCCCCCCCCCC)CC(O)C[N+](C)(C)CCCCCCCCCCCC.[Cl-].[Cl-].[Cl-],cationic,gemini,
CCCCCCCCCCC(=O)OC[C@H]1O[C@H](OCCC[N+](C)(C)C)[C@H](O)[C@@H](O)[C@@H]1O.[I-],cationic,sugar based,
CCCCCCCCCCCCC(=O)OC[C@H]1O[C@H](OCCC[N+](C)(C)C)[C@H](O)[C@@H](O)[C@@H]1O.[I-],cationic,sugar based,
CCCCCCCCCCCCCCC(=O)OC[C@H]1O[C@H](OCCC[N+](C)(C)C)[C@H](O)[C@@H](O)[C@@H]1O.[I-],cationic,sugar based,
CCCCCCCCCCCCCCCCC(=O)OC[C@H]1O[C@H](OCCC[N+](C)(C)C)[C@H](O)[C@@H](O)[C@@H]1O.[I-],cationic,sugar based,
CCCCCCCCCCCCNC(=O)[C@H](O)[C@@H](O)[C@H](O[C@@H]1O[C@H](CO)[C@H](O)[C@H](O)[C@H]1O)[C@H](O)CO,non-ionic,sugar based,
CCCCCCCCCCCC(=O)OC[C@H]1O[C@H](O[C@H]2[C@H](O)[C@@H](O)C(O)O[C@@H]2CO)[C@H](O)[C@@H](O)[C@@H]1O,non-ionic,sugar based,
CCCCCCCCO[C@H]1O[C@H](CO)[C@@H](O)[C@H](O)[C@H]1O,non-ionic,sugar based,
CCCCCCCCCCO[C@H]1O[C@H](CO)[C@@H](O)[C@H](O)[C@H]1O,non-ionic,sugar based,
CCCCCCCC(=O)[O-].[K+],anionic,,
CCCCCCCCCC(=O)[O-].[K+],anionic,,
CCCCCCCCCCCC(=O)[O-].[K+],anionic,,
CCCCCCCCCCCCCC(=O)[O-].[K+],anionic,,
CCCCCCCCCCCCCCCC(=O)[O-].[K+],anionic,,
CCCCCCCCCC[NH3+].[Cl-],cationic,,
CCCCCCCCCCCCCC[NH3+].[Cl-],cationic,,
CCCCCCCCCCCCCCCC[NH3+].[Cl-],cationic,,
CCCCCCCCCCCCCCCCCC[NH3+].[Cl-],cationic,,
CCCCCCCCCCCCN(CCCNC(=O)[C@H](O)[C@@H](O)[C@H](O)[C@H](O)CO)CCN(CCCCCCCCCCCC)CCCNC(=O)[C@H](O)[C@@H](O)[C@H](O)[C@H](O)CO,non-ionic,sugar based,
CCCCCCCC[N+](C)(C)CCN(C)CC[N+](C)(C)CCCCCCCC.[I-].[I-],cationic,gemini,
CCCCCCCCCC[N+](C)(C)CCN(C)CC[N+](C)(C)CCCCCCCCCC.[I-].[I-],cationic,gemini,
CCCCCCCCCCCC[N+](C)(C)CCN(C)CC[N+](C)(C)CCCCCCCCCCCC.[I-].[I-],cationic,gemini,
CCCCCCCCCCCCCC[N+](C)(C)CCN(C)CC[N+](C)(C)CCCCCCCCCCCCCC.[I-].[I-],cationic,gemini,
CCCCCCCCCCCCCCCC[N+](C)(C)CCN(C)CC[N+](C)(C)CCCCCCCCCCCCCCCC.[I-].[I-],cationic,gemini,
CCCCCCCCCCCCCCCCCC[N+](C)(C)CCN(C)CC[N+](C)(C)CCCCCCCCCCCCCCCCCC.[I-].[I-],cationic,gemini,
CCCCCCCCCC[N+](C)(C)CCN(C)CC[N+](C)(C)CCCCCCCCCC.[Br-].[Br-],cationic,gemini,
CCCCCCCCCCCC[N+](C)(C)CCN(C)CC[N+](C)(C)CCCCCCCCCCCC.[Br-].[Br-],cationic,gemini,
CCCCCCCCCCCCCC[N+](C)(C)CCN(C)CC[N+](C)(C)CCCCCCCCCCCCCC.[Br-].[Br-],cationic,gemini,
CCCCCCCCCCCCCCCC[N+](C)(C)CCN(C)CC[N+](C)(C)CCCCCCCCCCCCCCCC.[Br-].[Br-],cationic,gemini,
CCCCCCCCCCCCCCCCCC[N+](C)(C)CCN(C)CC[N+](C)(C)CCCCCCCCCCCCCCCCCC.[Br-].[Br-],cationic,gemini,
CCCCCC(CC)C[N+](C)(C)CCCOP(=O)([O-])OC(CC)CCCCC,zwitterionic,,
CCCCCCCCOP(=O)([O-])OCCC[N+](C)(C)CCCCCCCC,zwitterionic,,
CCCCCCCC[N+](C)(C)CCCOP(=O)([O-])OC(CC)CCCCC,zwitterionic,,
CCCCCCCCCC[N+](C)(C)CCCOP(=O)([O-])OC(CC)CCCCC,zwitterionic,,
CCCCCCCCCCCC[N+](C)(C)CCCOP(=O)([O-])OC(CC)CCCCC,zwitterionic,,
CCCCCCCCCCCCCC[n+]1ccn(CCOC(=O)NCC)c1.[Br-],cationic,,
CCCCCCCCCCCCCC[n+]1ccn(CCOC(=O)NCCCC)c1.[Br-],cationic,,
CCCCCCCCCCCCCCCC[n+]1ccn(CCOC(=O)NCC)c1.[Br-],cationic,,
CCCCCCCCCCCCCCCC[n+]1ccn(CCOC(=O)NCCCC)c1.[Br-],cationic,,
CCCCCCCCCCCCCCCCCC[n+]1ccn(CCOC(=O)NCC)c1.[Br-],cationic,,
CCCCCCCCCCCCCCCCCC[n+]1ccn(CCOC(=O)NCCCC)c1.[Br-],cationic,,
CCCCCCCCCCCCCCCC[N+](C)(C)CCNC(=O)CCc1ccc(OC(=O)/C=C/C(=O)Oc2ccc(CCC(=O)NCC[N+](C)(C)CCCCCCCCCCCCCCCC)cc2)cc1.[Br-].[Br-],cationic,gemini,
CCCCCCCC[N+](C)(C)CCNC(=O)CCc1ccc(OC(=O)/C=C/C(=O)Oc2ccc(CCC(=O)NCC[N+](C)(C)CCCCCCCC)cc2)cc1.[Br-].[Br-],cationic,gemini,
CCCCCCCCCCCC[N+](C)(C)CCNC(=O)CCc1ccc(OC(=O)/C=C/C(=O)Oc2ccc(CCC(=O)NCC[N+](C)(C)CCCCCCCCCCCC)cc2)cc1.[Br-].[Br-],cationic,gemini,
CCCCCCCCCCCCCCCC[N+](CC)(CC)CCO.[Br-],cationic,,
CCCCCCCCCCCCCC[N+](CC)(CC)CCO.[Br-],cationic,,
CCCCCCCCCCCCCCCC[N+](C)(C)CCCCCCCCCC[N+](C)(C)CCCCCCCCCCCCCCCC.[Br-].[Br-],cationic,gemini,
CCCCCCCCCCCCCCCC[N+](C)(C)CCCCCCCCCCCC[N+](C)(C)CCCCCCCCCCCCCCCC.[Br-].[Br-],cationic,gemini,
CCCCCCCCCCCCCCCC[N+](C)(C)CCCCCCCCCC[N+](C)(C)CCCCCCCCCCCCCCCC.CCCCCCCCCCCCCCCC[P+](c1ccccc1)(c1ccccc1)c1ccccc1.[Br-].[Br-],cationic,gemini,
CCCCCCCCCCCCCCCC[N+](C)(C)CCCCCCCCCC[N+](C)(C)CCCCCCCCCCCCCCCC.CCCCCCCCCCCCCCCC[N+](CC)(CC)CCO.[Br-].[Br-].[Br-],cationic,gemini,
CCCCCCCCCCCCCCCC[N+](C)(C)CCCCCCCCCC[N+](C)(C)CCCCCCCCCCCCCCCC.CCCCCCCCCCCCCC[N+](CC)(CC)CCO.[Br-].[Br-].[Br-],cationic,gemini,
CCCCCCCCCCCCCCCC[N+](C)(C)CCCCCCCCCCCC[N+](C)(C)CCCCCCCCCCCCCCCC.CCCCCCCCCCCCCCCC[n+]1ccccc1.[Br-].[Br-].[Br-],cationic,gemini,
CCCCCCCCCCCCCCCC[N+](C)(C)CCCCCCCCCCCC[N+](C)(C)CCCCCCCCCCCCCCCC.CCCCCCCCCCCCCCCC[P+](c1ccccc1)(c1ccccc1)c1ccccc1.[Br-].[Br-],cationic,gemini,
CCCCCCCCCCCCCCCC[N+](C)(C)CCCCCCCCCCCC[N+](C)(C)CCCCCCCCCCCCCCCC.CCCCCCCCCCCCCCCC[N+](CC)(CC)CCO.[Br-].[Br-].[Br-],cationic,gemini,
CCCCCCCCCCCCCCCC[N+](C)(C)CCCCCCCCCCCC[N+](C)(C)CCCCCCCCCCCCCCCC.CCCCCCCCCCCCCC[N+](CC)(CC)CCO.[Br-].[Br-].[Br-],cationic,gemini,
CCCCCCSC[C@H]1OC(=O)[C@H](O)[C@@H]1O,non-ionic,sugar based,
CCCCCCCCSC[C@H]1OC(=O)[C@H](O)[C@@H]1O,non-ionic,sugar based,
CCCCCCCCCCCCSC[C@H]1OC(=O)[C@H](O)[C@@H]1O,non-ionic,sugar based,
CCCCCCSC[C@@H]1OC(=O)[C@H](O)[C@H]1O,non-ionic,sugar based,
CCCCCCCCSC[C@@H]1OC(=O)[C@H](O)[C@H]1O,non-ionic,sugar based,
CCCCCCCCCCSC[C@@H]1OC(=O)[C@H](O)[C@H]1O,non-ionic,sugar based,
CCCCCCCCCCCCSC[C@@H]1OC(=O)[C@H](O)[C@H]1O,non-ionic,sugar based,
CCCCCCCCCCCCSC[C@H]1OC(=O)[C@H](O)[C@H]1O,non-ionic,sugar based,
CCCCCCCCCCSC[C@@H](O)[C@@H](O)[C@@H](O)CO,non-ionic,sugar based,
CCCCCCCCCCCCSC[C@@H](O)[C@@H](O)[C@@H](O)CO,non-ionic,sugar based,
CCCCCCSC[C@H](O)[C@H](O)[C@@H](O)CO,non-ionic,sugar based,
CCCCCCCCSC[C@H](O)[C@H](O)[C@@H](O)CO,non-ionic,sugar based,
CCCCCCCCCCSC[C@H](O)[C@H](O)[C@@H](O)CO,non-ionic,sugar based,
CCCCCCCCCCCCSC[C@H](O)[C@H](O)[C@@H](O)CO,non-ionic,sugar based,
CCCCCCCCCCCCSC[C@@H](O)[C@H](O)[C@@H](O)CO,non-ionic,sugar based,
C[N+](C)(CCCCCCCCCCCC(F)(F)C(F)(F)C(F)(F)C(F)(F)F)CCCCCC[N+](C)(C)CCCCCCCCCCCC(F)(F)C(F)(F)C(F)(F)C(F)(F)F.[Br-].[Br-],cationic,gemini,
C[N+](C)(CCCCCCCCCCCC[N+](C)(C)CCCCCCCCCCCC(F)(F)C(F)(F)C(F)(F)C(F)(F)F)CCCCCCCCCCCC(F)(F)C(F)(F)C(F)(F)C(F)(F)F.[Br-].[Br-],cationic,gemini,
C[N+](C)(CCCCCCCCCCC(F)(F)C(F)(F)C(F)(F)C(F)(F)C(F)(F)F)CCCCCC[N+](C)(C)CCCCCC(F)(F)C(F)(F)C(F)(F)C(F)(F)C(F)(F)F.[Br-].[Br-],cationic,gemini,
C[N+](C)(CCCCCCCCCCCC[N+](C)(C)CCCCCC(F)(F)C(F)(F)C(F)(F)C(F)(F)C(F)(F)F)CCCCCCCCCCC(F)(F)C(F)(F)C(F)(F)C(F)(F)C(F)(F)F.[Br-].[Br-],cationic,gemini,
C[N+](C)(CCCCCCCCC(F)(F)C(F)(F)C(F)(F)C(F)(F)C(F)(F)C(F)(F)F)CCCCCC[N+](C)(C)CCCCCCCCC(F)(F)C(F)(F)C(F)(F)C(F)(F)C(F)(F)C(F)(F)F.[Br-].[Br-],cationic,gemini,
C[N+](C)(CCCCCCC(F)(F)C(F)(F)C(F)(F)C(F)(F)C(F)(F)C(F)(F)C(F)(F)C(F)(F)F)CCCCCC[N+](C)(C)CCCCCCC(F)(F)C(F)(F)C(F)(F)C(F)(F)C(F)(F)C(F)(F)C(F)(F)C(F)(F)F.[Br-].[Br-],cationic,gemini,
C[N+](C)(C)CCCCCCCCCCC(F)(F)C(F)(F)C(F)(F)C(F)(F)C(F)(F)F.[Br-],cationic,,
CCCCCCCC[N+](C)(C)CC(O)COCCOCC(O)C[N+](C)(C)CCCCCCCC.[Br-].[Br-],cationic,gemini,
CCCCCCCCCC[N+](C)(C)CC(O)COCCOCC(O)C[N+](C)(C)CCCCCCCCCC.[Br-].[Br-],cationic,gemini,
CCCCCCCCCCCC[N+](C)(C)CC(O)COCCOCC(O)C[N+](C)(C)CCCCCCCCCCCC.[Br-].[Br-],cationic,gemini,
CCCCCCCCCCCCCC[N+](C)(C)CC(O)COCCOCC(O)C[N+](C)(C)CCCCCCCCCCCCCC.[Br-].[Br-],cationic,gemini,
CCCCCCCCCCCCCCCC[N+](C)(C)CC(O)COCCOCC(O)C[N+](C)(C)CCCCCCCCCCCCCCCC.[Br-].[Br-],cationic,gemini,
CCCCCCCC[N+](C)(C)CC(O)COCCOCCOCC(O)C[N+](C)(C)CCCCCCCC.[Br-].[Br-],cationic,gemini,
CCCCCCCCCC[N+](C)(C)CC(O)COCCOCCOCC(O)C[N+](C)(C)CCCCCCCCCC.[Br-].[Br-],cationic,gemini,
CCCCCCCCCCCC[N+](C)(C)CC(O)COCCOCCOCC(O)C[N+](C)(C)CCCCCCCCCCCC.[Br-].[Br-],cationic,gemini,
CCCCCCCCCCCCCC[N+](C)(C)CC(O)COCCOCCOCC(O)C[N+](C)(C)CCCCCCCCCCCCCC.[Br-].[Br-],cationic,gemini,
CCCCCCCCCCCCCCCC[N+](C)(C)CC(O)COCCOCCOCC(O)C[N+](C)(C)CCCCCCCCCCCCCCCC.[Br-].[Br-],cationic,gemini,
CCCCCCCC[N+](C)(C)CC(O)COCCOCCOCCOCC(O)C[N+](C)(C)CCCCCCCC.[Br-].[Br-],cationic,gemini,
CCCCCCCCCC[N+](C)(C)CC(O)COCCOCCOCCOCC(O)C[N+](C)(C)CCCCCCCCCC.[Br-].[Br-],cationic,gemini,
CCCCCCCCCCCC[N+](C)(C)CC(O)COCCOCCOCCOCC(O)C[N+](C)(C)CCCCCCCCCCCC.[Br-].[Br-],cationic,gemini,
CCCCCCCCCCCCCC[N+](C)(C)CC(O)COCCOCCOCCOCC(O)C[N+](C)(C)CCCCCCCCCCCCCC.[Br-].[Br-],cationic,gemini,
CCCCCCCCCCCCCCCC[N+](C)(C)CC(O)COCCOCCOCCOCC(O)C[N+](C)(C)CCCCCCCCCCCCCCCC.[Br-].[Br-],cationic,gemini,
C=CC(=O)OC(C[N+](C)(C)CCCCCCCCCCCC)C[N+](C)(C)CCCCCCCCCCCC.[Br-].[Br-],cationic,gemini,
C=CC(=O)OC(C[N+](C)(C)CCCCCCCCCCCCCC)C[N+](C)(C)CCCCCCCCCCCCCC.[Br-].[Br-],cationic,gemini,
C=CC(=O)OC(C[N+](C)(C)CCCCCCCCCCCCCCCC)C[N+](C)(C)CCCCCCCCCCCCCCCC.[Br-].[Br-],cationic,gemini,
C=CC(=O)OCC[N+](C)(C)CCCCCCCCCCCC.[Br-],cationic,,
C=CC(=O)OCC[N+](C)(C)CCCCCCCCCCCCCC.[Br-],cationic,,
C=CC(=O)OCC[N+](C)(C)CCCCCCCCCCCCCCCC.[Br-],cationic,,
CCCCCCCCCCCCCC[N+](C)(C)CCC[N+](C)(C)CCCCCCCCCCCCCC.[Br-].[Br-],cationic,gemini,
CCCCCCCCCCCCCCCC[N+](C)(C)CCC[N+](C)(C)CCCCCCCCCCCCCCCC.[Br-].[Br-],cationic,gemini,
CCCCCCCCCC[N+](CCC)(CCC)CCCC[N+](CCC)(CCC)CCCCCCCCCC.[Br-].[Br-],cationic,gemini,
CCCCCCCCCCCC[N+](CCC)(CCC)CCCC[N+](CCC)(CCC)CCCCCCCCCCCC.[Br-].[Br-],cationic,gemini,
CCCCCCCCCCCCCC[N+](CCC)(CCC)CCCC[N+](CCC)(CCC)CCCCCCCCCCCCCC.[Br-].[Br-],cationic,gemini,
CCCCCCCCCCCCCCCC[N+](CCC)(CCC)CCCC[N+](CCC)(CCC)CCCCCCCCCCCCCCCC.[Br-].[Br-],cationic,gemini,
CCCCCCCCCCCCOCC(O)C[N+](C)(C)CC(O)COCCCCCCCCCCCC.COS(=O)(=O)[O-],cationic,organic counter ion,
CCCCCCCCCCCCOCC(O)C[N+](C)(C)CC(O)C[N+](C)(C)CC(O)COCCCCCCCCCCCC.[Cl-].[Cl-],cationic,gemini,
CCCCCCCCCCCCOCC(O)C[N+](C)(C)CC(O)C[N+](C)(C)CC(O)C[N+](C)(C)CC(O)COCCCCCCCCCCCC.COS(=O)(=O)[O-].[Cl-].[Cl-],cationic,gemini,
CCCCCCCCCCCCOCCC(CN(C)CC(COCCCCCCCCCCCC)OCCO)OCCO,non-ionic,,
CCCCCCCCCCCCOCCC(CN(C)CC(COCCCCCCCCCCCC)OCCO)OCCOCCOCCOCCO.CCCCCCCCCCCCOCCC(CN(C)CC(COCCCCCCCCCCCC)OCCOCCO)OCCOCCOCCO,non-ionic,,
CCCCCCCCCCCCOCCOCCOCCOS(=O)(=O)[O-].[Na+],anionic,,
CCCCCCCCCCCCOCCOCCOCCOCCOCCOS(=O)(=O)[O-].[Na+],anionic,,
CCCCCCCCCCCCCCCCOCCOS(=O)(=O)[O-].[Na+],anionic,,
CCCCCCCCCCCCCCCCOCCOCCOCCOS(=O)(=O)[O-].[Na+],anionic,,
CCCCCCCCCCCCCCCCOCCOCCOCCOCCOS(=O)(=O)[O-].[Na+],anionic,,
CCCCCCCCCCCCCCCCCCOCCOS(=O)(=O)[O-].[Na+],anionic,,
CCCCCCCCCCCCCCCCCCOCCOCCOS(=O)(=O)[O-].[Na+],anionic,,
CCCCCCCCCCCCCCCCCCOCCOCCOCCOS(=O)(=O)[O-].[Na+],anionic,,
CCCCCCCCCCCCCCCCCCOCCOCCOCCOCCOS(=O)(=O)[O-].[Na+],anionic,,
CCCCCCCCCCOCC[N+](C)(C)C.[Cl-],cationic,,
CCCCCCCCCCOCCOCC[N+](C)(C)C.[Cl-],cationic,,
CCCCCCCCCCCCOCC[N+](C)(C)C.[Cl-],cationic,,
CCCCCCCCCCCCOCCOCC[N+](C)(C)C.[Cl-],cationic,,
CCCCCCCCCCCCCCCCCC[N+](C)(C)C.[Cl-],cationic,,
CCCCCCCCCCOCC[n+]1ccccc1.[Cl-],cationic,,
CCCCCCCCCCOCCOCC[n+]1ccccc1.[Cl-],cationic,,
CCCCCCCCCCCCOCC[n+]1ccccc1.[Cl-],cationic,,
CCCCCCCCCCCCOCCOCC[n+]1ccccc1.[Cl-],cationic,,
CCCCCCCCCCCCCCCCOCC[n+]1ccccc1.[Cl-],cationic,,
CCCCCCCCCCCCCCCCOCCOCC[n+]1ccccc1.[Cl-],cationic,,
CCCCCCCCCCCCCCCCCC[n+]1ccccc1.[Cl-],cationic,,
CCCCCCCCCC[N+](C)(C)CC(=O)OCCN(CCOC(=O)C[N+](C)(C)CCCCCCCCCC)CCOC(=O)C[N+](C)(C)CCCCCCCCCC.[Br-].[Br-].[Br-],cationic,gemini,
CCCCCCCCCCCC[N+](C)(C)CC(=O)OCCN(CCOC(=O)C[N+](C)(C)CCCCCCCCCC)CCOC(=O)C[N+](C)(C)CCCCCCCCCC.[Br-].[Br-].[Br-],cationic,gemini,
CCCCCCCCCCCCCC[N+](C)(C)CC(=O)OCCN(CCOC(=O)C[N+](C)(C)CCCCCCCCCC)CCOC(=O)C[N+](C)(C)CCCCCCCCCC.[Br-].[Br-].[Br-],cationic,gemini,
CCCCCCCCCCCCCCCC[N+](C)(C)CC(=O)OCCN(CCOC(=O)C[N+](C)(C)CCCCCCCCCC)CCOC(=O)C[N+](C)(C)CCCCCCCCCC.[Br-].[Br-].[Br-],cationic,gemini,
CCCCCCCCCCOCCCOCC[N+](C)(C)C.[Cl-],cationic,,
CCCCCCCCCCCC[n+]1ccccc1.[I-],cationic,,
CCCCCCCCCCCCOCCOCC[n+]1ccccc1.[I-],cationic,,
CCCCCCCCCCCCCCCC[n+]1ccccc1.[I-],cationic,,
CCCCCCCCCCCCCCCCOCC[n+]1ccccc1.[I-],cationic,,
CCCCCCCCCCCCCCCCOCCOCC[n+]1ccccc1.[I-],cationic,,
CCCCCCCCCCCCCC[P+](c1ccccc1)(c1ccccc1)c1ccccc1.[Br-],cationic,,
CCCCCCCCCCCCCC[n+]1ccc(C)cc1.[Br-],cationic,,
CCCCCCCCCCCCCCCC[N+](C)(C)C.[Cl-],cationic,,
CCCCCCCCCCCCCCCC[N+](C)(C)C.Cc1ccc(S(=O)(=O)[O-])cc1,anionic cationic mixture,,
CCCCCCCCCCCCCCCCCC[N+](C)(C)C.[Br-],cationic,,
CCCCCCCCCCO[C@H]1C(O)O[C@H](CO)[C@@H](O)[C@@H]1O,non-ionic,sugar based,
CCCCCCCCC(C)O[C@H]1C(O)O[C@H](CO)[C@@H](O)[C@@H]1O,non-ionic,sugar based,
CCCCCCCC(CC)O[C@H]1C(O)O[C@H](CO)[C@@H](O)[C@@H]1O,non-ionic,sugar based,
CCCCCCC(CCC)O[C@H]1C(O)O[C@H](CO)[C@@H](O)[C@@H]1O,non-ionic,sugar based,
CCCCCC(CCCC)O[C@H]1C(O)O[C@H](CO)[C@@H](O)[C@@H]1O,non-ionic,sugar based,
CCCCCCCCOP(=O)([O-])OCc1ccc(COP(=O)([O-])OCCCCCCCC)cc1.[Na+].[Na+],anionic,gemini,
CCCCCCCCCCCCOP(=O)([O-])OCc1ccc(COP(=O)([O-])OCCCCCCCCCCCC)cc1.[Na+].[Na+],anionic,gemini,
CCCCCCCCCCCCCCCCOP(=O)([O-])OCc1ccc(COP(=O)([O-])OCCCCCCCCCCCCCCCC)cc1.[Na+].[Na+],anionic,gemini,
CCCCCCCCCCCCOP(=O)([O-])OCc1ccc(/C=C/c2ccc(COP(=O)([O-])OCCCCCCCCCCCC)cc2)cc1.[Na+].[Na+],anionic,gemini,
CCCCCCCCCCCCCCCCOP(=O)([O-])OCc1ccc(/C=C/c2ccc(COP(=O)([O-])OCCCCCCCCCCCCCCCC)cc2)cc1.[Na+].[Na+],anionic,gemini,
CCCCCCCCCCCCCCCCCCCCOP(=O)([O-])OCc1ccc(/C=C/c2ccc(COP(=O)([O-])OCCCCCCCCCCCCCCCCCCCC)cc2)cc1.[Na+].[Na+],anionic,gemini,
CCCCCCCC[N+](C)(C)Cc1ccc(C[N+](C)(C)CCCCCCCC)cc1.[Br-].[Br-],cationic,gemini,
CCCCCCCCCCCC[N+](C)(C)Cc1ccc(C[N+](C)(C)CCCCCCCCCCCC)cc1.[Br-].[Br-],cationic,gemini,
CCCCCCCCCCCCCCCCCC[N+](C)(C)Cc1ccc(C[N+](C)(C)CCCCCCCCCCCCCCCCCC)cc1.[Br-].[Br-],cationic,gemini,
CCCCCCCCCCCCCCCCCCOP(=O)([O-])OCc1ccc(COP(=O)([O-])OCCCCCCCCCCCCCCCCCC)cc1.[Na+].[Na+],cationic,gemini,
CCCCCCCCCCCCOP(=O)([O-])OCc1ccccc1.[Na+],anionic,,
CCCCCCCCCCCCCCCCOP(=O)([O-])OCc1ccccc1.[Na+],anionic,,
CCCCCCCC[N+]1(CC#CC[N+]2(CCCCCCCC)CCCC2)CCCC1.[Br-].[Br-],cationic,gemini,
CCCCCCCCCC[N+]1(CC#CC[N+]2(CCCCCCCCCC)CCCC2)CCCC1.[Br-].[Br-],cationic,gemini,
CCCCCCCCCCCC[N+]1(CC#CC[N+]2(CCCCCCCCCCCC)CCCC2)CCCC1.[Br-].[Br-],cationic,gemini,
CCCCCCCCCCCCCC[N+]1(CC#CC[N+]2(CCCCCCCCCCCCCC)CCCC2)CCCC1.[Br-].[Br-],cationic,gemini,
CCCCCCCCCCCCCCCC[N+]1(CC#CC[N+]2(CCCCCCCCCCCCCCCC)CCCC2)CCCC1.[Br-].[Br-],cationic,gemini,
CCCCCCCCCCCCCCCCCC[N+]1(CC#CC[N+]2(CCCCCCCCCCCCCCCCCC)CCCC2)CCCC1.[Br-].[Br-],cationic,gemini,
CCCCCCCC[N+]1(CC#CC[N+]2(CCCCCCCC)CCCCC2)CCCCC1.[Br-].[Br-],cationic,gemini,
CCCCCCCCCC[N+]1(CC#CC[N+]2(CCCCCCCCCC)CCCCC2)CCCCC1.[Br-].[Br-],cationic,gemini,
CCCCCCCCCCCC[N+]1(CC#CC[N+]2(CCCCCCCCCCCC)CCCCC2)CCCCC1.[Br-].[Br-],cationic,gemini,
CCCCCCCCCCCCCC[N+]1(CC#CC[N+]2(CCCCCCCCCCCCCC)CCCCC2)CCCCC1.[Br-].[Br-],cationic,gemini,
CCCCCCCCCCCCCCCC[N+]1(CC#CC[N+]2(CCCCCCCCCCCCCCCC)CCCCC2)CCCCC1.[Br-].[Br-],cationic,gemini,
CCCCCCCCCCCCCCCCCC[N+]1(CC#CC[N+]2(CCCCCCCCCCCCCCCCCC)CCCCC2)CCCCC1.[Br-].[Br-],cationic,gemini,
CCCCCCCC[N+](C)(C)CC#CC[N+](C)(C)CCCCCCCC.[Br-].[Br-],cationic,gemini,
CCCCCCCCCC[N+](C)(C)CC#CC[N+](C)(C)CCCCCCCCCC.[Br-].[Br-],cationic,gemini,
CCCCCCCCCCCC[N+](C)(C)CC#CC[N+](C)(C)CCCCCCCCCCCC.[Br-].[Br-],cationic,gemini,
CCCCCCCCCCCCCC[N+](C)(C)CC#CC[N+](C)(C)CCCCCCCCCCCCCC.[Br-].[Br-],cationic,gemini,
CCCCCCCCCCCCCCCC[N+](C)(C)CC#CC[N+](C)(C)CCCCCCCCCCCCCCCC.[Br-].[Br-],cationic,gemini,
CCCCCCCCCCCCCCCCCC[N+](C)(C)CC#CC[N+](C)(C)CCCCCCCCCCCCCCCCCC.[Br-].[Br-],cationic,gemini,
CCCCCCCC[N+](C)(C)CC#CC[N+](C)(C)CCCCCCCC.[Cl-].[Cl-],cationic,gemini,
CCCCCCCCCC[N+](C)(C)CC#CC[N+](C)(C)CCCCCCCCCC.[Cl-].[Cl-],cationic,gemini,
CCCCCCCCCCCC[N+](C)(C)CC#CC[N+](C)(C)CCCCCCCCCCCC.[Cl-].[Cl-],cationic,gemini,
CCCCCCCCCCCCCC[N+](C)(C)CC#CC[N+](C)(C)CCCCCCCCCCCCCC.[Cl-].[Cl-],cationic,gemini,
CCCCCCCCCCCCCCCC[N+](C)(C)CC#CC[N+](C)(C)CCCCCCCCCCCCCCCC.[Cl-].[Cl-],cationic,gemini,
CCCCCCCCCCCCCCCCCC[N+](C)(C)CC#CC[N+](C)(C)CCCCCCCCCCCCCCCCCC.[Cl-].[Cl-],cationic,gemini,
CCCCCCCCCC(=O)OCCC[N+](C)(C)CCCN(CCCCCCCC)CCC[N+](C)(C)CCCOC(=O)CCCCCCCCC.[Cl-].[Cl-],cationic,gemini,
CCCCCCCCCC(=O)OCCC[N+](C)(C)CCCN(CCCCCC)CCC[N+](C)(C)CCCOC(=O)CCCCCCCCC.[Cl-].[Cl-],cationic,gemini,
CCCCCCCCCC(=O)OCCC[N+](C)(C)CCCN(CCCCC)CCC[N+](C)(C)CCCOC(=O)CCCCCCCCC.[Cl-].[Cl-],cationic,gemini,
CCCCCCCCCC(=O)OCCC[N+](C)(C)CCCN(CCCC)CCC[N+](C)(C)CCCOC(=O)CCCCCCCCC.[Cl-].[Cl-],cationic,gemini,
CCCCCCCCCCCC(=O)OCCC[N+](C)(C)CCCN(CCCCCCCC)CCC[N+](C)(C)CCCOC(=O)CCCCCCCCCCC.[Cl-].[Cl-],cationic,gemini,
CCCCCCCCCCCC(=O)OCCC[N+](C)(C)CCCN(CCCCCC)CCC[N+](C)(C)CCCOC(=O)CCCCCCCCCCC.[Cl-].[Cl-],cationic,gemini,
CCCCCCCCCCCC(=O)OCCC[N+](C)(C)CCCN(CCCCC)CCC[N+](C)(C)CCCOC(=O)CCCCCCCCCCC.[Cl-].[Cl-],cationic,gemini,
CCCCCCCCCCCC(=O)OCCC[N+](C)(C)CCCN(CCCC)CCC[N+](C)(C)CCCOC(=O)CCCCCCCCCCC.[Cl-].[Cl-],cationic,gemini,
CC(C)CCCC(C)CCOC1O[C@H](CO)[C@@H](O[C@H]2O[C@H](CO)[C@@H](O)[C@H](O)[C@H]2O)[C@H](O)[C@H]1O,non-ionic,sugar based,
CCCCCCCCCCOC1O[C@H](CO)[C@@H](O[C@H]2O[C@H](CO)[C@@H](O)[C@H](O)[C@H]2O)[C@H](O)[C@H]1O,non-ionic,sugar based,
CCCC(OS(=O)(=O)[O-])c1ccc(C(F)(F)C(F)(F)C(F)(F)C(F)(F)F)cc1.[Na+],anionic,,
CCCCCC(OS(=O)(=O)[O-])c1ccc(C(F)(F)C(F)(F)C(F)(F)C(F)(F)F)cc1.[Na+],anionic,,
CCCCCCCC(OS(=O)(=O)[O-])c1ccc(C(F)(F)C(F)(F)C(F)(F)C(F)(F)F)cc1.[Na+],anionic,,
CCCC(OS(=O)(=O)[O-])c1ccc(C(F)(F)C(F)(F)C(F)(F)C(F)(F)C(F)(F)C(F)(F)F)cc1.[Na+],anionic,,
CCCCCC(OS(=O)(=O)[O-])c1ccc(C(F)(F)C(F)(F)C(F)(F)C(F)(F)C(F)(F)C(F)(F)F)cc1.[Na+],anionic,,
CCCCCCCC(OS(=O)(=O)[O-])c1ccc(C(F)(F)C(F)(F)C(F)(F)C(F)(F)C(F)(F)C(F)(F)F)cc1.[Na+],anionic,,
CCCC(OS(=O)(=O)[O-])c1ccc(C(F)(F)C(F)(F)C(F)(F)C(F)(F)C(F)(F)C(F)(F)C(F)(F)C(F)(F)F)cc1.[Na+],anionic,,
CCCCCC(OS(=O)(=O)[O-])c1ccc(C(F)(F)C(F)(F)C(F)(F)C(F)(F)C(F)(F)C(F)(F)C(F)(F)C(F)(F)F)cc1.[Na+],anionic,,
CCCCCCCC(OS(=O)(=O)[O-])c1ccc(C(F)(F)C(F)(F)C(F)(F)C(F)(F)C(F)(F)C(F)(F)C(F)(F)C(F)(F)F)cc1.[Na+],anionic,,
COCCOCCOCCOC(=O)NC(CCC(F)(F)C(F)(F)C(F)(F)C(F)(F)C(F)(F)C(F)(F)F)NC(=O)OCCOCCOCCO,non-ionic,,
CCCCCCCCCC[N+](C)(C)CC(O)COCC(C)(COCC(O)C[N+](C)(C)CCCCCCCCCC)COCC(O)C[N+](C)(C)CCCCCCCCCC.[Cl-].[Cl-].[Cl-],cationic,gemini,
CCCCCCCCCCCCCC[N+](C)(C)CC(O)COCC(C)(COCC(O)C[N+](C)(C)CCCCCCCCCCCCCC)COCC(O)C[N+](C)(C)CCCCCCCCCCCCCC.[Cl-].[Cl-].[Cl-],cationic,gemini,
CCCCCCCCCCCCCCCCCC[N+](C)(C)CC(O)COCC(C)(COCC(O)C[N+](C)(C)CCCCCCCCCCCCCCCCCC)COCC(O)C[N+](C)(C)CCCCCCCCCCCCCCCCCC.[Cl-].[Cl-].[Cl-],cationic,gemini,
CCCCCCCCCCCCOC(=O)C[n+]1cccc2ccc(CN3CCCCC3)c(O)c21.[Br-],cationic,,
CCCCCCCCCCCCCCCCOC(=O)C[n+]1cccc2ccc(CN3CCCCC3)c(O)c21.[Br-],cationic,,
CCCCCCCCCCCCCCCCCCOC(=O)C[n+]1cccc2ccc(CN3CCCCC3)c(O)c21.[Br-],cationic,,
CCCCCCCCCCCCOC(=O)C[n+]1cccc2ccc(CN3CCOCC3)c(O)c21.[Br-],cationic,,
CCCCCCCCCCCCCCCCOC(=O)C[n+]1cccc2ccc(CN3CCOCC3)c(O)c21.[Br-],cationic,,
CCCCCCCCCCCCCCCCCCOC(=O)C[n+]1cccc2ccc(CN3CCOCC3)c(O)c21.[Br-],cationic,,
CCCCCCCCCCCCN=Cc1ccc([N+](C)(CC)CC)cc1.[I-],cationic,,
CCCCCCCCCCCCCCN=Cc1ccc([N+](C)(CC)CC)cc1.[I-],cationic,,
CCCCCCCCCCCCCCCCN=Cc1ccc([N+](C)(CC)CC)cc1.[I-],cationic,,
CCCCCCCCCCCCCCCCCCN=Cc1ccc([N+](C)(CC)CC)cc1.[I-],cationic,,
CCCCCCCCCCOC(=O)C[N+](CC)(CC)c1ccc(C=NCCN=Cc2ccc([N+](CC)(CC)CC(=O)OCCCCCCCC)cc2)cc1.[Cl-].[Cl-],cationic,gemini,
CCCCCCCCCCOC(=O)C[N+](CC)(CC)c1ccc(C=NCCN=Cc2ccc([N+](CC)(CC)CC(=O)OCCCCCCCCCC)cc2)cc1.[Cl-].[Cl-],cationic,gemini,
CCCCCCCCCCCCOC(=O)C[N+](CC)(CC)c1ccc(C=NCCN=Cc2ccc([N+](CC)(CC)CC(=O)OCCCCCCCCCCCC)cc2)cc1.[Cl-].[Cl-],cationic,gemini,
CCCCCCCCCCCCCCCCOC(=O)C[N+](CC)(CC)c1ccc(C=NCCN=Cc2ccc([N+](CC)(CC)CC(=O)OCCCCCCCCCCCCCCCC)cc2)cc1.[Cl-].[Cl-],cationic,gemini,
CCCCCCCCCCCCOC(=O)C[n+]1c(N=Cc2ccccc2)sc2ccccc21.[Br-],cationic,,
CCCCCCCCCCCCCCOC(=O)C[n+]1c(N=Cc2ccccc2)sc2ccccc21.[Br-],cationic,,
CCCCCCCCCCCCCCCCOC(=O)C[n+]1c(N=Cc2ccccc2)sc2ccccc21.[Br-],cationic,,
CCCCCCCCCCCCCCCCCCOC(=O)C[n+]1c(N=Cc2ccccc2)sc2ccccc21.[Br-],cationic,,
CCCCCCCCCCCCOC(=O)C[n+]1c(N=Cc2ccc(OC)cc2)sc2ccccc21.[Br-],cationic,,
CCCCCCCCCCCCCCOC(=O)C[n+]1c(N=Cc2ccc(OC)cc2)sc2ccccc21.[Br-],cationic,,
CCCCCCCCCCCCCCCCOC(=O)C[n+]1c(N=Cc2ccc(OC)cc2)sc2ccccc21.[Br-],cationic,,
CCCCCCCCCCCCCCCCCCOC(=O)C[n+]1c(N=Cc2ccc(OC)cc2)sc2ccccc21.[Br-],cationic,,
CCCCCCCCCCCCCCOC(=O)C[n+]1oc(C)cc1N=Cc1ccccc1.[Br-],cationic,,
CCCCCCCCCCCCCCCCOC(=O)C[n+]1oc(C)cc1N=Cc1ccccc1.[Br-],cationic,,
CCCCCCCCCCCCCCCCCCOC(=O)C[n+]1oc(C)cc1N=Cc1ccccc1.[Br-],cationic,,
CCCCCCCCCCCCCCCCCCCCOC(=O)C[n+]1oc(C)cc1N=Cc1ccccc1.[Br-],cationic,,
CCCCCCCCCCCCCCOC(=O)C[n+]1oc(C)cc1N=Cc1ccc(OC)cc1.[Br-],cationic,,
CCCCCCCCCCCCCCCCOC(=O)C[n+]1oc(C)cc1N=Cc1ccc(OC)cc1.[Br-],cationic,,
CCCCCCCCCCCCCCCCCCOC(=O)C[n+]1oc(C)cc1N=Cc1ccc(OC)cc1.[Br-],cationic,,
CCCCCCCCCCCCCCCCCCCCOC(=O)C[n+]1oc(C)cc1N=Cc1ccc(OC)cc1.[Br-],cationic,,
CCCCCCCCOC(=O)C[n+]1cccc(N=Cc2ccc(O)c(OC)c2)c1.[Br-],cationic,,
CCCCCCCCCCCCOC(=O)C[n+]1cccc(N=Cc2ccc(O)c(OC)c2)c1.[Br-],cationic,,
CCCCCCCCCCCCCCCCOC(=O)C[n+]1cccc(N=Cc2ccc(O)c(OC)c2)c1.[Br-],cationic,,
CCCCCCCCCCCC[N+]1(C)CCCCC1.[Br-],cationic,,
CCCCCCCCCCCC[N+]1(C)CC[N+](C)(CCCCCCCCCCCC)CC1.[Br-].[Br-],cationic,gemini,
CCCCCCCCCCCCCC[N+]1(C)CC[N+](C)(CCCCCCCCCCCCCC)CC1.[Br-].[Br-],cationic,gemini,
CCCCCCCCCCCCCCCC[N+]1(C)CC[N+](C)(CCCCCCCCCCCCCCCC)CC1.[Br-].[Br-],cationic,gemini,
CCCCCCCCCCCCCCCC(=O)NCCC[N+](C)(C)CCO[C@H]1O[C@H](CO)[C@@H](O)[C@H](O)[C@H]1O.[Cl-],cationic,,
CCCCCCCCCCCCCCCCCC(=O)NCCC[N+](C)(C)CCO[C@H]1O[C@H](CO)[C@@H](O)[C@H](O)[C@H]1O.[Cl-],cationic,,
CCCCCCCCCCCCCCCC(=O)NCCC[N+](C)(C)CC(O)CO[C@H]1O[C@H](CO)[C@@H](O)[C@H](O)[C@H]1O.[Cl-],cationic,,
CCCCCCCCCCCCCCCCCC(=O)NCCC[N+](C)(C)CC(O)CO[C@H]1O[C@H](CO)[C@@H](O)[C@H](O)[C@H]1O.[Cl-],cationic,,
CCCCCCCCCCCCC(C(=O)OCC)S(=O)(=O)[O-].[Na+],anionic,,
CCCCCCCCCCCCC(C(=O)OCCC)S(=O)(=O)[O-].[Na+],anionic,,
CCCCCCCCCCCCC(C(=O)OCCCC)S(=O)(=O)[O-].[Na+],anionic,,
CCCCCCCCCCCCC(C(=O)OCCCCC)S(=O)(=O)[O-].[Na+],anionic,,
Cn1cc[n+](COCCOC[n+]2ccn(C)c2)c1.[Cl-].[Cl-],cationic,gemini,
CCn1cc[n+](COCCOC[n+]2ccn(CC)c2)c1.[Cl-].[Cl-],cationic,gemini,
CCCn1cc[n+](COCCOC[n+]2ccn(CCC)c2)c1.[Cl-].[Cl-],cationic,gemini,
CCCCn1cc[n+](COCCOC[n+]2ccn(CCCC)c2)c1.[Cl-].[Cl-],cationic,gemini,
CCCCCn1cc[n+](COCCOC[n+]2ccn(CCCCC)c2)c1.[Cl-].[Cl-],cationic,gemini,
CCCCCCn1cc[n+](COCCOC[n+]2ccn(CCCCCC)c2)c1.[Cl-].[Cl-],cationic,gemini,
CCCCCCCn1cc[n+](COCCOC[n+]2ccn(CCCCCCC)c2)c1.[Cl-].[Cl-],cationic,gemini,
CCCCCCCCn1cc[n+](COCCOC[n+]2ccn(CCCCCCCC)c2)c1.[Cl-].[Cl-],cationic,gemini,
CCCCCCCCCn1cc[n+](COCCOC[n+]2ccn(CCCCCCCCC)c2)c1.[Cl-].[Cl-],cationic,gemini,
CCCCCCCCCCn1cc[n+](COCCOC[n+]2ccn(CCCCCCCCCC)c2)c1.[Cl-].[Cl-],cationic,gemini,
CCCCCCCCCCCn1cc[n+](COCCOC[n+]2ccn(CCCCCCCCCCC)c2)c1.[Cl-].[Cl-],cationic,gemini,
CCCCCCCCCCCCn1cc[n+](COCCOC[n+]2ccn(CCCCCCCCCCCC)c2)c1.[Cl-].[Cl-],cationic,gemini,
CCCCCCCCCCCCCCn1cc[n+](COCCOC[n+]2ccn(CCCCCCCCCCCCCC)c2)c1.[Cl-].[Cl-],cationic,gemini,
CCCCCCCCCCCCCCCCn1cc[n+](COCCOC[n+]2ccn(CCCCCCCCCCCCCCCC)c2)c1.[Cl-].[Cl-],cationic,gemini,
Cn1cc[n+](COCCCOC[n+]2ccn(C)c2)c1.[Cl-].[Cl-],cationic,gemini,
CCn1cc[n+](COCCCOC[n+]2ccn(CC)c2)c1.[Cl-].[Cl-],cationic,gemini,
CCCn1cc[n+](COCCCOC[n+]2ccn(CCC)c2)c1.[Cl-].[Cl-],cationic,gemini,
CCCCn1cc[n+](COCCCOC[n+]2ccn(CCCC)c2)c1.[Cl-].[Cl-],cationic,gemini,
CCCCCn1cc[n+](COCCCOC[n+]2ccn(CCCCC)c2)c1.[Cl-].[Cl-],cationic,gemini,
CCCCCCn1cc[n+](COCCCOC[n+]2ccn(CCCCCC)c2)c1.[Cl-].[Cl-],cationic,gemini,
CCCCCCCn1cc[n+](COCCCOC[n+]2ccn(CCCCCCC)c2)c1.[Cl-].[Cl-],cationic,gemini,
CCCCCCCCn1cc[n+](COCCCOC[n+]2ccn(CCCCCCCC)c2)c1.[Cl-].[Cl-],cationic,gemini,
CCCCCCCCCn1cc[n+](COCCCOC[n+]2ccn(CCCCCCCCC)c2)c1.[Cl-].[Cl-],cationic,gemini,
CCCCCCCCCCn1cc[n+](COCCCOC[n+]2ccn(CCCCCCCCCC)c2)c1.[Cl-].[Cl-],cationic,gemini,
CCCCCCCCCCCn1cc[n+](COCCCOC[n+]2ccn(CCCCCCCCCCC)c2)c1.[Cl-].[Cl-],cationic,gemini,
CCCCCCCCCCCCn1cc[n+](COCCCOC[n+]2ccn(CCCCCCCCCCCC)c2)c1.[Cl-].[Cl-],cationic,gemini,
CCCCCCCCCCCCCCn1cc[n+](COCCCOC[n+]2ccn(CCCCCCCCCCCCCC)c2)c1.[Cl-].[Cl-],cationic,gemini,
CCCCCCCCCCCCCCCCn1cc[n+](COCCCOC[n+]2ccn(CCCCCCCCCCCCCCCC)c2)c1.[Cl-].[Cl-],cationic,gemini,
Cn1cc[n+](COCCCCOC[n+]2ccn(C)c2)c1.[Cl-].[Cl-],cationic,gemini,
CCn1cc[n+](COCCCCOC[n+]2ccn(CC)c2)c1.[Cl-].[Cl-],cationic,gemini,
CCCn1cc[n+](COCCCCOC[n+]2ccn(CCC)c2)c1.[Cl-].[Cl-],cationic,gemini,
CCCCn1cc[n+](COCCCCOC[n+]2ccn(CCCC)c2)c1.[Cl-].[Cl-],cationic,gemini,
CCCCCn1cc[n+](COCCCCOC[n+]2ccn(CCCCC)c2)c1.[Cl-].[Cl-],cationic,gemini,
CCCCCCn1cc[n+](COCCCCOC[n+]2ccn(CCCCCC)c2)c1.[Cl-].[Cl-],cationic,gemini,
CCCCCCCn1cc[n+](COCCCCOC[n+]2ccn(CCCCCCC)c2)c1.[Cl-].[Cl-],cationic,gemini,
CCCCCCCCn1cc[n+](COCCCCOC[n+]2ccn(CCCCCCCC)c2)c1.[Cl-].[Cl-],cationic,gemini,
CCCCCCCCCn1cc[n+](COCCCCOC[n+]2ccn(CCCCCCCCC)c2)c1.[Cl-].[Cl-],cationic,gemini,
CCCCCCCCCCn1cc[n+](COCCCCOC[n+]2ccn(CCCCCCCCCC)c2)c1.[Cl-].[Cl-],cationic,gemini,
CCCCCCCCCCCn1cc[n+](COCCCCOC[n+]2ccn(CCCCCCCCCCC)c2)c1.[Cl-].[Cl-],cationic,gemini,
CCCCCCCCCCCCn1cc[n+](COCCCCOC[n+]2ccn(CCCCCCCCCCCC)c2)c1.[Cl-].[Cl-],cationic,gemini,
CCCCCCCCCCCCCCn1cc[n+](COCCCCOC[n+]2ccn(CCCCCCCCCCCCCC)c2)c1.[Cl-].[Cl-],cationic,gemini,
CCCCCCCCCCCCCCCCn1cc[n+](COCCCCOC[n+]2ccn(CCCCCCCCCCCCCCCC)c2)c1.[Cl-].[Cl-],cationic,gemini,
Cn1cc[n+](COCCCCCOC[n+]2ccn(C)c2)c1.[Cl-].[Cl-],cationic,gemini,
CCn1cc[n+](COCCCCCOC[n+]2ccn(CC)c2)c1.[Cl-].[Cl-],cationic,gemini,
CCCn1cc[n+](COCCCCCOC[n+]2ccn(CCC)c2)c1.[Cl-].[Cl-],cationic,gemini,
CCCCn1cc[n+](COCCCCCOC[n+]2ccn(CCCC)c2)c1.[Cl-].[Cl-],cationic,gemini,
CCCCCn1cc[n+](COCCCCCOC[n+]2ccn(CCCCC)c2)c1.[Cl-].[Cl-],cationic,gemini,
CCCCCCn1cc[n+](COCCCCCOC[n+]2ccn(CCCCCC)c2)c1.[Cl-].[Cl-],cationic,gemini,
CCCCCCCn1cc[n+](COCCCCCOC[n+]2ccn(CCCCCCC)c2)c1.[Cl-].[Cl-],cationic,gemini,
CCCCCCCCn1cc[n+](COCCCCCOC[n+]2ccn(CCCCCCCC)c2)c1.[Cl-].[Cl-],cationic,gemini,
CCCCCCCCCn1cc[n+](COCCCCCOC[n+]2ccn(CCCCCCCCC)c2)c1.[Cl-].[Cl-],cationic,gemini,
CCCCCCCCCCn1cc[n+](COCCCCCOC[n+]2ccn(CCCCCCCCCC)c2)c1.[Cl-].[Cl-],cationic,gemini,
CCCCCCCCCCCn1cc[n+](COCCCCCOC[n+]2ccn(CCCCCCCCCCC)c2)c1.[Cl-].[Cl-],cationic,gemini,
CCCCCCCCCCCCn1cc[n+](COCCCCCOC[n+]2ccn(CCCCCCCCCCCC)c2)c1.[Cl-].[Cl-],cationic,gemini,
CCCCCCCCCCCCCCn1cc[n+](COCCCCCOC[n+]2ccn(CCCCCCCCCCCCCC)c2)c1.[Cl-].[Cl-],cationic,gemini,
CCCCCCCCCCCCCCCCn1cc[n+](COCCCCCOC[n+]2ccn(CCCCCCCCCCCCCCCC)c2)c1.[Cl-].[Cl-],cationic,gemini,
Cn1cc[n+](COCCCCCCOC[n+]2ccn(C)c2)c1.[Cl-].[Cl-],cationic,gemini,
CCn1cc[n+](COCCCCCCOC[n+]2ccn(CC)c2)c1.[Cl-].[Cl-],cationic,gemini,
CCCn1cc[n+](COCCCCCCOC[n+]2ccn(CCC)c2)c1.[Cl-].[Cl-],cationic,gemini,
CCCCn1cc[n+](COCCCCCCOC[n+]2ccn(CCCC)c2)c1.[Cl-].[Cl-],cationic,gemini,
CCCCCn1cc[n+](COCCCCCCOC[n+]2ccn(CCCCC)c2)c1.[Cl-].[Cl-],cationic,gemini,
CCCCCCn1cc[n+](COCCCCCCOC[n+]2ccn(CCCCCC)c2)c1.[Cl-].[Cl-],cationic,gemini,
CCCCCCCn1cc[n+](COCCCCCCOC[n+]2ccn(CCCCCCC)c2)c1.[Cl-].[Cl-],cationic,gemini,
CCCCCCCCn1cc[n+](COCCCCCCOC[n+]2ccn(CCCCCCCC)c2)c1.[Cl-].[Cl-],cationic,gemini,
CCCCCCCCCn1cc[n+](COCCCCCCOC[n+]2ccn(CCCCCCCCC)c2)c1.[Cl-].[Cl-],cationic,gemini,
CCCCCCCCCCn1cc[n+](COCCCCCCOC[n+]2ccn(CCCCCCCCCC)c2)c1.[Cl-].[Cl-],cationic,gemini,
CCCCCCCCCCCn1cc[n+](COCCCCCCOC[n+]2ccn(CCCCCCCCCCC)c2)c1.[Cl-].[Cl-],cationic,gemini,
CCCCCCCCCCCCn1cc[n+](COCCCCCCOC[n+]2ccn(CCCCCCCCCCCC)c2)c1.[Cl-].[Cl-],cationic,gemini,
CCCCCCCCCCCCCCn1cc[n+](COCCCCCCOC[n+]2ccn(CCCCCCCCCCCCCC)c2)c1.[Cl-].[Cl-],cationic,gemini,
CCCCCCCCCCCCCCCCn1cc[n+](COCCCCCCOC[n+]2ccn(CCCCCCCCCCCCCCCC)c2)c1.[Cl-].[Cl-],cationic,gemini,
CCCCCCCCCCCC[N+](CC)(CC)CC.[Br-],cationic,,
CCCCCCCCCCCC[N+](CCC)(CCC)CCC.[Br-],cationic,,
CCCCCCCCCCCC[N+](CCCC)(CCCC)CCCC.[Br-],cationic,,
CCCCCCCCCC[N+](C)(C)CCCCCCCCCC.[Br-],cationic,,
CCCCCCCCCCCC[N+](C)(C)CCCCCCCCCCCC.[Br-],cationic,,
CCCCCCCCCCCCC[N+](C)(C)CCCC[N+](C)(C)CCCCCCCCCCCC.[Br-].[Br-],cationic,gemini,
CCCCCCCCCC[N+](C)(C)CCCCC[N+](C)(C)CCCCCCCCCC.[Cl-].[Cl-],cationic,gemini,
CCCCCCCCCCCC[N+](C)(C)CCCCC[N+](C)(C)CCCCCCCCCCCC.[Cl-].[Cl-],cationic,gemini,
CCCCCCCCCCCCCC[N+](C)(C)CCCCC[N+](C)(C)CCCCCCCCCCCCCC.[Cl-].[Cl-],cationic,gemini,
CCCCCCCCCC[N+](C)(C)CCCC(=O)OCCOC(=O)C[N+](C)(C)CCCCCCCCCC.[Cl-].[Cl-],cationic,gemini,
CCCCCCCCCCCC[N+](C)(C)CCCC(=O)OCCOC(=O)C[N+](C)(C)CCCCCCCCCCCC.[Cl-].[Cl-],cationic,gemini,
CCCCCCCCCCCCCC[N+](C)(C)CCCC(=O)OCCOC(=O)C[N+](C)(C)CCCCCCCCCCCCCC.[Cl-].[Cl-],cationic,gemini,
CCCCCCCCCC[N+](C)(C)CC(=O)NCCNC(=O)C[N+](C)(C)CCCCCCCCCC.[Cl-].[Cl-],cationic,gemini,
CCCCCCCCCCCC[N+](C)(C)CC(=O)NCCNC(=O)C[N+](C)(C)CCCCCCCCCCCC.[Cl-].[Cl-],cationic,gemini,
CCCCCCCCCCCCCC[N+](C)(C)CC(=O)NCCNC(=O)C[N+](C)(C)CCCCCCCCCCCCCC.[Cl-].[Cl-],cationic,gemini,
CCCCCCCCCCCCCCOCC(O)Cn1cc[n+](CC[n+]2ccn(CC(O)COCCCCCCCCCCCC)c2)c1.[Br-].[Br-],cationic,gemini,
CCCCCCCCCCCCCCCCOCC(O)Cn1cc[n+](CC[n+]2ccn(CC(O)COCCCCCCCCCCCCCC)c2)c1.[Br-].[Br-],cationic,gemini,
CCCCCCCCCCCCCCCCCCOCC(O)Cn1cc[n+](CC[n+]2ccn(CC(O)COCCCCCCCCCCCCCCCC)c2)c1.[Br-].[Br-],cationic,gemini,
CCCCCCCCCCCCOCC(O)Cn1cc[n+](CCC[n+]2ccn(CC(O)COCCCCCCCCCCCC)c2)c1.[Br-].[Br-],cationic,gemini,
CCCCCCCCCCCCCCOCC(O)Cn1cc[n+](CCC[n+]2ccn(CC(O)COCCCCCCCCCCCCCC)c2)c1.[Br-].[Br-],cationic,gemini,
CCCCCCCCCCCCCCCCOCC(O)Cn1cc[n+](CCC[n+]2ccn(CC(O)COCCCCCCCCCCCCCCCC)c2)c1.[Br-].[Br-],cationic,gemini,
CCCCCCCCCCCCCCCCOCC(O)Cn1cc[n+](CCC)c1.[Cl-],cationic,,
CCCCCCCCCCCCCCOCC(O)Cn1cc[n+](CCC)c1.[Cl-],cationic,,
CCCCCCCCCCCCOCC(O)Cn1cc[n+](CCC)c1.[Cl-],cationic,,
CCCCCCCCCCCCCCCCOCC(O)Cn1cc[n+](CCC)c1.[Br-],cationic,,
CCCCCCCCCCCCCCOCC(O)Cn1cc[n+](CCC)c1.[Br-],cationic,,
CCCCCCCCCCCCOCC(O)Cn1cc[n+](CCC)c1.[Br-],cationic,,
CCCCCCCCCCCC(=O)N(C)CC(=O)[O-].[Na+],anionic,,
CCCCCCCCCCCC(=O)NC(CCCNC(N)=[NH2+])C(=O)NCCCNC(=O)C(CCCNC(N)=[NH2+])NC(=O)CCCCCCCCCCC.[Cl-].[Cl-],cationic,gemini,
CCCCCCCCCCCC(=O)NC(CCCNC(N)=[NH2+])C(=O)NCCCCCCNC(=O)C(CCCNC(N)=[NH2+])NC(=O)CCCCCCCCCCC.[Cl-].[Cl-],cationic,gemini,
CCCCCCCCCCCC(=O)NC(CCCNC(N)=[NH2+])C(=O)NCCCCCCCCCNC(=O)C(CCCNC(N)=[NH2+])NC(=O)CCCCCCCCCCC.[Cl-].[Cl-],cationic,gemini,
CCCCCCCCCCCCOC(CO)N(CCCC[C@H](N)C(=O)O)C(O)CO.CCCCCCCCCCCCOCC(O)N(CCCC[C@H](N)C(=O)O)C(O)CO,non-ionic,mixture,
CCCCCCCCCCCCCCOC(CO)N(CCCC[C@H](N)C(=O)O)C(O)CO.CCCCCCCCCCCCCCOCC(O)N(CCCC[C@H](N)C(=O)O)C(O)CO,non-ionic,mixture,
CCCCCCCCCCCCOC(CO)N(CCCC[C@H](N)C(=O)O)C(CO)OCCCCCCCCCCCC.CCCCCCCCCCCCOCC(O)N(CCCC[C@H](N)C(=O)O)C(CO)OCCCCCCCCCCCC.CCCCCCCCCCCCOCC(O)N(CCCC[C@H](N)C(=O)O)C(O)COCCCCCCCCCCCC.CCCCCCCCCCCCOCC(OCCCCCCCCCCCC)N(CCCC[C@H](N)C(=O)O)C(O)CO,non-ionic,mixture,
CCCCCCCCCCCCCCOC(CO)N(CCCC[C@H](N)C(=O)O)C(CO)OCCCCCCCCCCCCCC.CCCCCCCCCCCCCCOCC(O)N(CCCC[C@H](N)C(=O)O)C(CO)OCCCCCCCCCCCCCC.CCCCCCCCCCCCCCOCC(O)N(CCCC[C@H](N)C(=O)O)C(O)COCCCCCCCCCCCCCC.CCCCCCCCCCCCCCOCC(OCCCCCCCCCCCCCC)N(CCCC[C@H](N)C(=O)O)C(O)CO,non-ionic,mixture,
CCCCCCCCCCCC(C)[N+](C)(C)CCC[N+](C)(C)C(C)CCCCCCCCCCC.[Br-].[Br-],cationic,gemini,
CCCCCCCCCCCC(C)[N+](C)(C)CCCC[N+](C)(C)C(C)CCCCCCCCCCC.[Br-].[Br-],cationic,gemini,
CCCCCCCCCCCC(C)[N+](C)(C)CCCCC[N+](C)(C)C(C)CCCCCCCCCCC.[Br-].[Br-],cationic,gemini,
CCCCCCCCCCCC(C)[N+](C)(C)CCCCCC[N+](C)(C)C(C)CCCCCCCCCCC.[Br-].[Br-],cationic,gemini,
CCCCCCCCCCCC(C)[N+](C)(C)CCCCCCCC[N+](C)(C)C(C)CCCCCCCCCCC.[Br-].[Br-],cationic,gemini,
CCCCCCCCCCCC(C)[N+](C)(C)CCCCCCCCCC[N+](C)(C)C(C)CCCCCCCCCCC.[Br-].[Br-],cationic,gemini,
CCCCCCCCCCCC(C)[N+](C)(C)CCCCCCCCCCCC[N+](C)(C)C(C)CCCCCCCCCCC.[Br-].[Br-],cationic,gemini,
CCCCCCCCCCCCCC1=[NH+]CCN1CCO.O=C([O-])O,cationic,organic counterion,
CCCCCCCCCCCCCCCC1=[NH+]CCN1CCO.O=C([O-])O,cationic,organic counterion,
CCCCCCCCCCCCCCCCCC1=[NH+]CCN1CCO.O=C([O-])O,cationic,organic counterion,
CCCCCCCCCCCCCCCCCCCC1=[NH+]CCN1CCO.O=C([O-])O,cationic,organic counterion,
CCCCCCCCCCCCCOCCOCCOCCOCCOCCO,non-ionic,,
CCCCCCCCCCCCCCCCOCCOCCOCCOCCOCCOCCOCCOCCOCCOCCOCCOCCOCCOCCOCCO,non-ionic,,
CCCCCCCCCCCCCCCCOCCOCCOCCOCCOCCOCCOCCOCCOCCOCCOCCOCCOCCOCCOCCOCCOCCOCCOCCOCCOCCO,non-ionic,,
CCCCCCNC(=O)C(O)C(O)C(OC1OC(CO)C(O)C(O)C1O)C(O)CO,non-ionic,,
CCCCCCCCC=CCCCCCCCC(=O)OC1(OC2(CO)OC(CO)C(O)C2O)OC(CO)C(O)C(O)C1O,non-ionic,,
CCCCCCCCCC(=O)CC(=O)NC1CCOC1=O,non-ionic,,
CCCCCC(=O)CC(=O)NC1CCOC1=O,non-ionic,,
CCCCCCCCCCCC(=O)NC1CCOC1=O,non-ionic,,
CCCCCCCCCCCCCCCC(=O)NC1CCOC1=O,non-ionic,,
CCCCCCCCOC1OC(CO)C(O)C(O)C1O,non-ionic,,
CCCCCC(CCCC)OC1OC(CO)C(O)C(O)C1O,non-ionic,,
CCCCCCCC(CC)OC1OC(CO)C(O)C(O)C1O,non-ionic,,
CCCCCCCCC(C)OC1OC(CO)C(O)C(O)C1O,non-ionic,,
CCCCCCC(CCC)OC1OC(CO)C(O)C(O)C1O,non-ionic,,
CCCCCCCCCCCC(=O)OCC1OC(OC2C(CO)OC(O)C(O)C2O)C(O)C(O)C1O,non-ionic,,
CCCCCCCC(CCCCCC)SCCC(=O)OCC1(O)C(O)C(O)C(O)C1O,non-ionic,,
CCCCCCCCCC(=O)N(C)CC(O)C(O)C(O)C(O)CO,non-ionic,,
CCCCCCCC(=O)N(C)CC(O)C(O)C(O)C(O)CO,non-ionic,,
CCCCCCCCCCCC(=O)OCC1OC(OCC2OC(OC3(CO)OC(CO)C(O)C3O)C(O)C(O)C2O)C(O)C(O)C1O,non-ionic,,
CCCCCCCCCCCC(=O)OCC1OC(OCC2OC(OCC3OC(OC4(CO)OC(CO)C(O)C4O)C(O)C(O)C3O)C(O)C(O)C2O)C(O)C(O)C1O,non-ionic,,
CCCCCCCCCCCC(=O)OCC1OC(OC2(CO)OC(CO)C(O)C2O)C(O)C(O)C1O,non-ionic,,
CCCCCCCCCCSCC(O)C(O)C(O)CO,non-ionic,,
CCCCCCCCCCSC1OC(=O)C(O)C1O,non-ionic,,
CCCCCCSC1OC(=O)C(O)C1O,non-ionic,,
CCCCCCCCSCC(O)C(O)C(O)CO,non-ionic,,
CCCCCCCCSC1OC(=O)C(O)C1O,non-ionic,,
CCCCCCCC(=O)NC1C(O)OC(CO)C(O)C1O,non-ionic,,
CCCCCCCC(=O)NC1OC(CO)C(O)C(O)C1O,non-ionic,,
CC(C)CCCC(C)CCOC1OC(CO)C(O)C(O)C1O,non-ionic,,
CC(C)CCCC(C)CCOC1OC(CO)C(OC2OC(CO)C(OC3OC(CO)C(O)C(O)C3O)C(O)C2O)C(O)C1O,non-ionic,,
CCCCCCCCCOC1OC(CO)C(O)C(O)C1N,non-ionic,,
CCCCCCCCOC1OC(CO)C(O)C(O)C1N,non-ionic,,
CCCCCCCCCCN(C)C(=O)C(O)C(O)C(O)C(O)CO,non-ionic,sugar based,
CCCCCCCCCCN(C)C(=O)C(O)C(O)C(OC1OC(CO)C(O)C(O)C1O)C(O)CO,non-ionic,,
CCCCCCCCCCCCN(C)C(=O)C(O)C(O)C(OC1OC(CO)C(O)C(O)C1O)C(O)CO,non-ionic,,
CCCCCCCCCCCCCCCCN(C)C(=O)C(O)C(O)C(OC1OC(CO)C(O)C(O)C1O)C(O)CO,non-ionic,,
CCCCCCCCCCCCCCCCCCN(C)C(=O)C(O)C(O)C(OC1OC(CO)C(O)C(O)C1O)C(O)CO,non-ionic,,
CCCCCCCCC=CCCCCCCCCN(C)C(=O)C(O)C(O)C(O)C(O)CO,non-ionic,,
CCCCCCCCC=CCCCCCCCCN(C)C(=O)C(O)C(O)C(OC1OC(CO)C(O)C(O)C1O)C(O)CO,non-ionic,,
CCCCCCCCCCCCCCN(C)C(=O)C(O)C(O)C(O)C(O)CO,non-ionic,,
CCCCCCCCCCCCCCN(C)C(=O)C(O)C(O)C(OC1OC(CO)C(O)C(O)C1O)C(O)CO,non-ionic,,
CCCCCCCCCCCC(=O)N(C)CC(O)CO,non-ionic,,
CCCCCCCCCCCC(=O)N(C)CC(O)C(O)C(O)CO,non-ionic,sugar based,
CCCCCCCCCCOC1OC(CO)C(O)C(O)C1O,non-ionic,,
CCCCCCCCCCOC1OC(CO)C(OC2OC(CO)C(O)C(O)C2O)C(O)C1O,non-ionic,,
CCCCCCCCCCCCOC1OC(CO)C(O)C(O)C1O,non-ionic,,
CCCCCCCCC=CCCCCCCCC(=O)NCCOC1OC(CO)C(OC2OC(CO)C(O)C(O)C2O)C(O)C1O,non-ionic,,
CCCCCCCCC=CCCCCCCCCOC1OC(CO)C(OC2OC(CO)C(O)C(O)C2O)C(O)C1O,non-ionic,,
CCCCCCCCC=CCCCCCCCCOC1OC(CO)C(OC2OC(CO)C(OC3OC(CO)C(O)C(O)C3O)C(O)C2O)C(O)C1O,non-ionic,,
CCCCCCCCCCNC(=O)C(O)C(O)C(OC1OC(CO)C(O)C(O)C1O)C(O)CO,non-ionic,,
CCCCCCCCCCCCNC(=O)C(O)C(O)C(OC1OC(CO)C(O)C(O)C1O)C(O)CO,non-ionic,,
CCCCCCCCCCCCOC1OC(CO)C(OC2OC(CO)C(O)C(O)C2O)C(O)C1O,non-ionic,,
CCCCCCCCNC(=O)C(O)C(O)C(OC1OC(CO)C(O)C(O)C1O)C(O)CO,non-ionic,,
CCCCCCCCCC(=O)N(C)CC(O)C(O)C(OC1OC(CO)C(O)C(O)C1O)C(O)CO,non-ionic,,
CCCCCCCCCCCC(=O)N(C)CC(O)C(O)C(OC1OC(CO)C(O)C(O)C1O)C(O)CO,non-ionic,,
CCCCCCCCCCCCCC(=O)N(C)CC(O)C(O)C(OC1OC(CO)C(O)C(O)C1O)C(O)CO,non-ionic,,
CCCCCCCCCOC1OC(CO)C(O)C(O)C1O,non-ionic,,
CCCCCCCCSC1OC(CO)C(O)C(O)C1O,non-ionic,sugar based,
CCCCCCCCOCCOCCOCCOCCOCCOCCOCCOCCO,non-ionic,,
CCCCCCCCCCCCCC[N+](C)(C)C.[Cl-],cationic,,
CCCCCCCCCC[n+]1ccccc1.[Br-],cationic,,
CCCCCCCCCCCCCC[n+]1ccccc1.[Cl-],cationic,,
CCCCCCCCCCCC[N+](C)(C)CCCC.[Br-],cationic,,
CCCCCCCCCCCC[N+](C)(C)CCCCCC.[Br-],cationic,,
CCCCCCCCCCCC[N+](C)(C)CCCCCCCC.[Br-],cationic,,
CCCCCCCCCC[N+](C)(C)Cc1ccccc1.[Cl-],cationic,,
CCCCCCCCCCCC[NH2+]CCO.[Cl-],cationic,,
CCCCCCCCCCCC[NH+](CCO)CCO.[Cl-],cationic,,
CCCCCCCCCCCC[N+](CCO)(CCO)CCO.[Cl-],cationic,,
CCCCCCCCCCCCCCCC(=O)NC(C(=O)[O-])C(C)C.[Na+],anionic,,
CCCCCCCCCCCCCCCC(=O)NC(CC(C)C)C(=O)[O-].[Na+],anionic,,
CCCCCCCCCCCCS(=O)(=O)[O-].[Li+],anionic,,
CCCCCCCCCCCCS(=O)(=O)[O-].[NH4+],anionic,,
CCCCCCCCCCCCS(=O)(=O)[O-].[K+],anionic,,
CCCCCCCCCCCCOS(=O)(=O)[O-].[Li+],anionic,,
CCCCCCCCC(CC)OS(=O)(=O)[O-].C[N+](C)(C)C,anionic,organic counterion,
CCCCCCCCC(CC)OS(=O)(=O)[O-].CCC[N+](CCC)(CCC)CCC,anionic-cationic mixture,,
CCCCCCCCCCCCCCCCOCCOCCOCCOCCOCCOS(=O)(=O)[O-].[Na+],anionic,,
CCCCCCCCC(CCCCCC)COCCOCCOCCOCCOCCOS(=O)(=O)[O-].[Na+],anionic,,
O=C([O-])C(F)(F)C(F)(F)C(F)(F)C(F)(F)C(F)(F)C(F)(F)C(F)(F)F.[K+],anionic,,
O=C([O-])C(F)(F)C(F)(F)C(F)(F)C(F)(F)C(F)(F)C(F)(F)C(F)(F)F.[Na+],anionic,,
O=C([O-])C(F)(F)C(F)(F)C(F)(F)C(F)(F)C(F)(F)C(F)(F)C(F)(F)F.[Li+],anionic,,
O=C([O-])C(F)(F)C(F)(F)C(F)(F)C(F)(F)C(F)(C(F)(F)F)C(F)(F)F.[Na+],anionic,,
O=C([O-])C(F)(F)C(F)(F)C(F)(F)C(F)(F)C(F)(F)C(F)(F)C(F)(F)C(F)(F)F.[Li+],anionic,,
O=S(=O)([O-])C(F)(F)C(F)(F)C(F)(F)C(F)(F)C(F)(F)C(F)(F)C(F)(F)C(F)(F)F.[Li+],anionic,,
CCCCCCCCCC[N+](C)(C)CC(=O)[O-],zwitterionic,,
CCCCCCCCCCCC[N+](C)(C)CC(=O)[O-],zwitterionic,,
CCCCCCCCCCCCCC[N+](C)(C)CC(=O)[O-],zwitterionic,,
CCCCCCCCCCCCCCCC[N+](C)(C)CC(=O)[O-],zwitterionic,,
CCCCCCCCCCCC[N+](C)(C)CCCC(=O)[O-],zwitterionic,,
CCCCCCCCCCCC[N+](C)(C)CCCCCC(=O)[O-],zwitterionic,,
CCCCCCCCCCCC[N+](C)(C)CCCCCCCC(=O)[O-],zwitterionic,,
CCCCCCCCCCC(C(=O)[O-])[n+]1ccccc1,zwitterionic,,
CCCCCCCCCCCCC(C(=O)[O-])[n+]1ccccc1,zwitterionic,,
CCCCCCCCCCCC[N+](C)(C)CCCS(=O)(=O)[O-],zwitterionic,,
CCCCCCCCCCCCCC[N+](C)(C)CCCS(=O)(=O)[O-],zwitterionic,,
CCCCCCCC[N+](C)(C)CCOC1OC(COC)C(OC)C(OC)C1OC.[Br-],cationic,,
CCCCCCCCCCCC[N+](C)(C)CCO[C@H]1O[C@@H](COC(C)=O)[C@H](OC(C)=O)[C@@H](OC(C)=O)[C@@H]1OC(C)=O.[Br-],cationic,,
CCCCCCCCCCCCCCCC[N+](C)(C)CCO[C@H]1O[C@@H](COC(C)=O)[C@H](OC(C)=O)[C@@H](OC(C)=O)[C@@H]1OC(C)=O.[Br-],cationic,,
CCCCCCCCCCCC[N+](C)(C)CCO[C@H]1O[C@@H](CO)[C@H](O)[C@@H](O)[C@@H]1O.[Br-],cationic,,
CCCCCCCCCCCCCCCC[N+](C)(C)CCO[C@H]1O[C@@H](CO)[C@H](O)[C@@H](O)[C@@H]1O.[Br-],cationic,,
CCCCCCCCCCCC[n+]1ccc(C)cc1.[Cl-],cationic,,
CCCCCCCCCCCC[n+]1ccc(C)cc1.[Br-],cationic,,
CCCCCCCCCCCC[n+]1ccc(C)c2ccccc21.[Cl-],cationic,,
CCCCCCCCCCCC[n+]1ccc(C)c2ccccc21.[Br-],cationic,,
CCCCCCCCC[NH+](CCCCCC[NH+](CCCCCCCCC)CC(C)O)CC(C)O.[Br-].[Br-],cationic,gemini,
CCCCCCCCCC[NH+](CCCCCC[NH+](CCCCCCCCCC)CC(C)O)CC(C)O.[Br-].[Br-],cationic,gemini,
CCCCCCCCCCCC[NH+](CCCCCC[NH+](CCCCCCCCCCCC)CC(C)O)CC(C)O.[Br-].[Br-],cationic,gemini,
CCCCCCCCCCCCCC[NH+](CCCCCC[NH+](CCCCCCCCCCCCCC)CC(C)O)CC(C)O.[Br-].[Br-],cationic,gemini,
CCCCCCCCC[N+](CCCCCC[N+](CCCCCCCCC)(CC(C)O)CC(C)O)(CC(C)O)CC(C)O.[Br-].[Br-],cationic,gemini,
CCCCCCCCCC[N+](CCCCCC[N+](CCCCCCCCCC)(CC(C)O)CC(C)O)(CC(C)O)CC(C)O.[Br-].[Br-],cationic,gemini,
CCCCCCCCCCCC[N+](CCCCCC[N+](CCCCCCCCCCCC)(CC(C)O)CC(C)O)(CC(C)O)CC(C)O.[Br-].[Br-],cationic,gemini,
CCCCCCCCCCCCCC[N+](CCCCCC[N+](CCCCCCCCCCCCCC)(CC(C)O)CC(C)O)(CC(C)O)CC(C)O.[Br-].[Br-],cationic,gemini,
CCCCCCCCCC[N+](C)(C)CC(O)C(O)C[N+](C)(C)CCCCCCCCCC.[Br-].[Br-],cationic,gemini,
CCCCCCCCCCCC[N+](C)(C)CC(O)C(O)C[N+](C)(C)CCCCCCCCCCCC.[Br-].[Br-],cationic,gemini,
CCCCCCCCCCCCCC[N+](C)(C)CC(O)C(O)C[N+](C)(C)CCCCCCCCCCCCCC.[Br-].[Br-],cationic,gemini,
CCCCCCCCCCCCCCCC[N+](C)(C)CC(O)C(O)C[N+](C)(C)CCCCCCCCCCCCCCCC.[Br-].[Br-],cationic,gemini,
CCCCCCCCCCCCCCCC[N+](C)(C)Cc1ccc(C[N+](C)(C)CCCCCCCCCCCCCCCC)cc1.[Br-].[Br-],cationic,gemini,
CCCCCCCCCCOCC(COCCOCC(COCCCCCCCCCC)OS(=O)(=O)[O-])OS(=O)(=O)[O-].[Na+].[Na+],anionic,gemini,
CCCCCCCCCCOCC(COCC(COCCCCCCCCCC)OCCCS(=O)(=O)[O-])OCCCS(=O)(=O)[O-].[Na+].[Na+],anionic,gemini,
CCCCCCCCCCOCC(COCC(COCCCCCCCCCC)OCC(=O)[O-])OCC(=O)[O-].[Na+].[Na+],anionic,gemini,
CCCCCCCCCCOCC(COCCOCCOCC(COCCCCCCCCCC)OCC(=O)[O-])OCC(=O)[O-].[Na+].[Na+],anionic,gemini,
CCCCCCCCCCCC1(CCCCCCCCCCC)OC(C(=O)[O-])C(C(=O)[O-])O1.[Na+].[Na+],anionic,gemini,
CCCCCCCCCCCCCCC(C(=O)OCCOC(=O)C(CCCCCCCCCCCCCC)S(=O)(=O)[O-])S(=O)(=O)[O-].[Na+].[Na+],anionic,gemini,
CCCCCCCCCCCCCC(C(=O)OCCO)S(=O)(=O)[O-].[Na+],anionic,,
CCCCCCCCCCCC(=O)[O-].[Na+],anionic,,
CCCCCCCCCCCC[N+](C)(C)CCc1ccc(CC[N+](C)(C)CCCCCCCCCCCC)cc1.[Br-].[Br-],cationic,gemini,
CCCCCCCCCCCC[N+](C)(C)C(C)C(O)c1ccccc1.[Br-],cationic,,
CCCCCCCCCCCCCCn1cc[n+](C)c1.[Br-],cationic,,
CCCCCCCCCCCCCCCCCC[n+]1ccn(C)c1.[Br-],cationic,,
CCCCCCCCCCCC(=O)NCCC[N+](C)(C)CCCCCC[N+](C)(C)CCCNC(=O)CCCCCCCCCCC.[Br-].[Br-],cationic,gemini,
CCCC[n+]1ccccc1.[Cl-],cationic,,
CCCCCC[n+]1ccccc1.[Cl-],cationic,,
CCCCCCCC[n+]1ccccc1.[Cl-],cationic,,
CCCCCC[n+]1ccccc1C.[Cl-],cationic,,
CCCCCC[n+]1cccc(C)c1.[Cl-],cationic,,
CCCCCC[n+]1ccc(C)cc1.[Cl-],cationic,,
CCCCCCCCCC(=O)N(CCOCCOCCOC)CCOCCOCCOC,non-ionic,,
CCCCCCCCCC(=O)N(CCOCCOCCOCCOC)CCOCCOCCOCCOC,non-ionic,,
CCCCCCCCCCCC(=O)N(CCOCCOC)CCOCCOC,non-ionic,,
CCCCCCCCCCCC(=O)N(CCOCCOCCOC)CCOCCOCCOC,non-ionic,,
CCCCCCCCCCCC(=O)N(CCOCCOCCOCCOC)CCOCCOCCOCCOC,non-ionic,,
COCCOCCOCCN(CCOCCOCCOC)C(=O)CC(F)(F)C(F)(F)C(F)(F)C(F)(F)C(F)(F)C(F)(F)C(F)(F)C(F)(F)C(F)(F)C(F)(F)F,non-ionic,,
CCCC=NCCC[N+](C)(C)CCCCCCCCCC.[Br-],cationic,,
CCCC=NCCC[N+](C)(C)CCCCCCCCCCCC.[Br-],cationic,,
CCCC=NCCC[N+](C)(C)CCCCCCCCCCCCCCCC.[Br-],cationic,,
CCCCCCCCCC[N+](C)(C)CCC/N=C/c1ccc(OC)c(OC)c1.[Br-],cationic,,
CCCCCCCCCCCC[N+](C)(C)CCC/N=C/c1ccc(OC)c(OC)c1.[Br-],cationic,,
CCCCCCCCCCCCCCCC[N+](C)(C)CCC/N=C/c1ccc(OC)c(OC)c1.[Br-],cationic,,
CCCCCCCCCCCCCC(=O)NCCC[N+](C)(C)CCCCCCCCCC.[Br-],cationic,,
CCCCCCCCCCCCCC(=O)NCCC[N+](C)(C)CCCCCCCCCCCC.[Br-],cationic,,
CCCCCCCCCCCCCCCC[N+](C)(C)CCCNC(=O)CCCCCCCCCCCCC.[Br-],cationic,,
CCCCCCCCCCCC(=O)NCCC[N+](C)(C)Cc1ccccc1.[Cl-],cationic,,
CCCCCCCCCCCCCC(=O)NCCC[N+](C)(C)Cc1ccccc1.[Cl-],cationic,,
CCCCCCCCCCCCCCCC(=O)NCCC[N+](C)(C)Cc1ccccc1.[Cl-],cationic,,
CCCCCCCC[N+](C)(C)CCOCCO.[Br-],cationic,,
CCCCCCCCCCCC[N+](C)(C)CCOCCO.[Br-],cationic,,
CCCCCCCCCCCCCCCC[N+](C)(C)CCOCCO.[Br-],cationic,,
CCCCCCCCCCOC(=O)C[N+](C)(C)CCOCCO.[Cl-],cationic,,
CCCCCCCCCCCCOC(=O)C[N+](C)(C)CCOCCO.[Cl-],cationic,,
CCCCCCCCCCCCCCCCOC(=O)C[N+](C)(C)CCOCCO.[Cl-],cationic,,
CCCCCCCC[N+](C)(C)CCN=Cc1ccc(OC)c(OC)c1.[Br-],cationic,,
CCCCCCCCCCCC[N+](C)(C)CCN=Cc1ccc(OC)c(OC)c1.[Br-],cationic,,
CCCCCCCCCCCCCCCC[N+](C)(C)CCN=Cc1ccc(OC)c(OC)c1.[Br-],cationic,,
CCCCCC[n+]1cccc(COC(=O)CC(O)(CC(=O)OCc2ccc[n+](CCCCCC)c2)C(=O)OCc2ccc[n+](CCCCCC)c2)c1.[Br-].[Br-].[Br-],cationic,gemini,
CCCCCCCCCCCC[n+]1cccc(COC(=O)CC(O)(CC(=O)OCc2ccc[n+](CCCCCCCCCCCC)c2)C(=O)OCc2ccc[n+](CCCCCCCCCCCC)c2)c1.[Br-].[Br-].[Br-],cationic,gemini,
CCCCCCCCCCCCCCCCCC[n+]1cccc(COC(=O)CC(O)(CC(=O)OCc2ccc[n+](CCCCCCCCCCCCCCCCCC)c2)C(=O)OCc2ccc[n+](CCCCCCCCCCCCCCCCCC)c2)c1.[Br-].[Br-].[Br-],cationic,gemini,
CCCCCCCCCCCC[n+]1cccc(CO)c1.[Br-],cationic,,
CCCCCCCCCCC(=O)NCC[N+](C)(C)Cc1ccccc1.[Cl-],cationic,,
CCCCCCCCCCCCC(=O)NCC[N+](C)(C)Cc1ccccc1.[Cl-],cationic,,
CCCCCCCCCCCCCCC(=O)NCC[N+](C)(C)Cc1ccccc1.[Cl-],cationic,,
CCCCCCCCCCCCCCCCC(=O)NCC[N+](C)(C)Cc1ccccc1.[Cl-],cationic,,
CCCCCCCCCCC(=O)NCC[N+](C)(C)CC.[Cl-],cationic,,
CCCCCCCCCCCCC(=O)NCC[N+](C)(C)CC.[Cl-],cationic,,
CCCCCCCCCCCCCCC(=O)NCC[N+](C)(C)CC.[Cl-],cationic,,
CCCCCCCCCCCCCCCCC(=O)NCC[N+](C)(C)CC.[Cl-],cationic,,
CCCCCCCCO,non-ionic,,
CCCCCCCC[n+]1ccccc1.[Br-],cationic,,
CCCCCCCCCC1OCC(C[N+](C)(C)C)O1.[Br-],cationic,,
CCCCCCCCCCCC1OCC(C[N+](C)(C)C)O1.[Br-],cationic,,
CCCCCCCCCCCCCC1OCC(C[N+](C)(C)C)O1.[Br-],cationic,,
CCCCCCCCC1(C)OCC(C[N+](C)(C)C)O1.[Br-],cationic,,
CCCCCCCCCCC1(C)OCC(C[N+](C)(C)C)O1.[Br-],cationic,,
CCCCCCC1(CCCCCC)OCC(C[N+](C)(C)C)O1.[Br-],cationic,,
CCCCCCCCCCCCC1OCC(C[N+](C)(C)C)O1.[Br-],cationic,organic counter ion,
CCCCCCCCCCCCCCC1OCC(C[N+](C)(C)C)O1.[Br-],cationic,,
CCCCCCCCCCCCCCCCC1OCC(C[N+](C)(C)C)O1.[Br-],cationic,,
CCCCCCCCCCCCOCC[N+](C)(C)C.[Br-],cationic,,
CCCCCCCCCCOCCOCC[N+](C)(C)C.[Br-],cationic,,
CCCCCCCCCCCCOCCOCC[N+](C)(C)C.[Br-],cationic,,
CCCCCCCCCCCCCCOCCOCC[N+](C)(C)C.[Br-],cationic,,
CCCCCCCCCCCCCCCCOCCOCC[N+](C)(C)C.[Br-],cationic,,
CCCCCCCCCCCCOCCOCCOCC[N+](C)(C)C.[Br-],cationic,,
CCCCCCCC[N+](C)(C)CCCCNC(=[NH2+])N(C)C.[Br-].[Br-],cationic,gemini,
CCCCCCCCCC[N+](C)(C)CCCCNC(=[NH2+])N(C)C.[Br-].[Br-],cationic,gemini,
CCCCCCCCCCCC[N+](C)(C)CCCCNC(=[NH2+])N(C)C.[Br-].[Br-],cationic,gemini,
C=CC(=O)OC(C[N+](C)(C)CCCCCCCCCCCC)C[N+](C)(C)CCCCCCCCCCCC.[Cl-].[Cl-],cationic,gemini,
CCCCCCCCCCCCC(C(=O)OC(C)C)S(=O)(=O)[O-].[Na+],anionic,,
CCCCC(C(=O)c1ccc(C(F)(F)C(F)(F)C(F)(F)C(F)(F)C(F)(F)C(F)(F)F)cc1)S(=O)(=O)[O-].[Na+],anionic,,
CCCCCCCCCCCCC(C[N+](C)(C)C)C(CCCCCCCCCCCC)C[N+](C)(C)C.[Br-].[Br-],cationic,gemini,
CCCCCCCCCCCC(=O)NCCC[N+](C)(C)CC(O)CO.[Cl-],cationic,,
CCCCCCCCCCC[N+](C)(C)CC(O)CO.[Cl-],cationic,,
CCCCCC[n+]1ccc(C(=O)NCCCCCCNC(=O)c2cc[n+](CCCCCC)cc2)cc1.[Br-].[Br-],cationic,gemini,
CCCCCCCCCC[n+]1ccc(C(=O)NCCCCCCNC(=O)c2cc[n+](CCCCCCCCCC)cc2)cc1.[Br-].[Br-],cationic,gemini,
CCCCCCCCCCCC[n+]1ccc(C(=O)NCCCCCCNC(=O)c2cc[n+](CCCCCCCCCCCC)cc2)cc1.[Br-].[Br-],cationic,gemini,
CCCCCCCCCCCCCC[n+]1ccc(C(=O)NCCCCCCNC(=O)c2cc[n+](CCCCCCCCCCCCCC)cc2)cc1.[Br-].[Br-],cationic,gemini,
CCCCCCCCCCOc1ccc(C[n+]2ccn(C)c2)cc1.[Br-],cationic,,
CCCCCCCCCCCCOc1ccc(C[n+]2ccn(C)c2)cc1.[Br-],cationic,,
CCCCCCCCCCCCCCOc1ccc(C[n+]2ccn(C)c2)cc1.[Br-],cationic,,
CCCCCCCCCCCCCCCCOc1ccc(C[n+]2ccn(C)c2)cc1.[Br-],cationic,,
CCCCCCCCCCOc1ccc(C[n+]2ccn(CCCn3cc[n+](Cc4ccc(OCCCCCCCCCC)cc4)c3)c2)cc1.[Br-].[Br-],cationic,gemini,
CCCCCCCCCCCCOc1ccc(C[n+]2ccn(CCCn3cc[n+](Cc4ccc(OCCCCCCCCCCCC)cc4)c3)c2)cc1.[Br-].[Br-],cationic,gemini,
CCCCCCCCCCCCCCOc1ccc(C[n+]2ccn(CCCn3cc[n+](Cc4ccc(OCCCCCCCCCCCCCC)cc4)c3)c2)cc1.[Br-].[Br-],cationic,gemini,
CCCCCCCCCCOc1ccc(C[n+]2ccn(CCCCCCn3cc[n+](Cc4ccc(OCCCCCCCCCC)cc4)c3)c2)cc1.[Br-].[Br-],cationic,gemini,
CCCCCCCCCCCCOc1ccc(C[n+]2ccn(CCCCCCn3cc[n+](Cc4ccc(OCCCCCCCCCCCC)cc4)c3)c2)cc1.[Br-].[Br-],cationic,gemini,
CCCCCCCCCCCCCCOc1ccc(C[n+]2ccn(CCCCCCn3cc[n+](Cc4ccc(OCCCCCCCCCCCCCC)cc4)c3)c2)cc1.[Br-].[Br-],cationic,gemini,
CCCCCCCCOc1ccc(NC(=O)C[N+](C)(C)CCCCCC[N+](C)(C)CC(=O)Nc2ccc(OCCCCCCCC)cc2)cc1.[Br-].[Br-],cationic,gemini,
CCCCCCCCOc1ccc(NC(=O)CCC[N+](C)(C)CCCCCC[N+](C)(C)CC(=O)Nc2ccc(OCCCCCCCC)cc2)cc1.[Br-].[Br-],cationic,gemini,
CCCCCCCCOc1ccc(NC(=O)CCCCC[N+](C)(C)CCCCCC[N+](C)(C)CC(=O)Nc2ccc(OCCCCCCCC)cc2)cc1.[Br-].[Br-],cationic,gemini,
CCCCCCCCCCOc1ccc(NC(=O)C[N+](C)(C)CCCCCC[N+](C)(C)CC(=O)Nc2ccc(OCCCCCCCCCC)cc2)cc1.[Br-].[Br-],cationic,gemini,
CCCCCCCCCCOc1ccc(NC(=O)CCC[N+](C)(C)CCCCCC[N+](C)(C)CC(=O)Nc2ccc(OCCCCCCCCCC)cc2)cc1.[Br-].[Br-],cationic,gemini,
CCCCCCCCCCOc1ccc(NC(=O)CCCCC[N+](C)(C)CCCCCC[N+](C)(C)CC(=O)Nc2ccc(OCCCCCCCCCC)cc2)cc1.[Br-].[Br-],cationic,gemini,
CCCCCCCCCCCCOc1ccc(NC(=O)C[N+](C)(C)CCCCCC[N+](C)(C)CC(=O)Nc2ccc(OCCCCCCCCCCCC)cc2)cc1.[Br-].[Br-],cationic,gemini,
CCCCCCCCCCCCOc1ccc(NC(=O)CCC[N+](C)(C)CCCCCC[N+](C)(C)CC(=O)Nc2ccc(OCCCCCCCCCCCC)cc2)cc1.[Br-].[Br-],cationic,gemini,
CCCCCCCCCCCCOc1ccc(NC(=O)CCCCC[N+](C)(C)CCCCCC[N+](C)(C)CC(=O)Nc2ccc(OCCCCCCCCCCCC)cc2)cc1.[Br-].[Br-],cationic,gemini,
CCCCCCCCCCCCCCOc1ccc(NC(=O)C[N+](C)(C)CCCCCC[N+](C)(C)CC(=O)Nc2ccc(OCCCCCCCCCCCCCC)cc2)cc1.[Br-].[Br-],cationic,gemini,
CCCCCCCCCCCCCCOc1ccc(NC(=O)CCC[N+](C)(C)CCCCCC[N+](C)(C)CC(=O)Nc2ccc(OCCCCCCCCCCCCCC)cc2)cc1.[Br-].[Br-],cationic,gemini,
CCCCCCCCCCCCCCOc1ccc(NC(=O)CCCCC[N+](C)(C)CCCCCC[N+](C)(C)CC(=O)Nc2ccc(OCCCCCCCCCCCCCC)cc2)cc1.[Br-].[Br-],cationic,gemini,
CCCCCCCCCCCCCCCCOc1ccc(NC(=O)C[N+](C)(C)CCCCCC[N+](C)(C)CC(=O)Nc2ccc(OCCCCCCCCCCCCCCCC)cc2)cc1.[Br-].[Br-],cationic,gemini,
CCCCCCCCCCCCCCCCOc1ccc(NC(=O)CCC[N+](C)(C)CCCCCC[N+](C)(C)CC(=O)Nc2ccc(OCCCCCCCCCCCCCCCC)cc2)cc1.[Br-].[Br-],cationic,gemini,
CCCCCCCCCCCCCCCCOc1ccc(NC(=O)CCCCC[N+](C)(C)CCCCCC[N+](C)(C)CC(=O)Nc2ccc(OCCCCCCCCCCCCCCCC)cc2)cc1.[Br-].[Br-],cationic,gemini,
C[N+](C)(CCO)CCC[Si](O[Si](C)(C)C)(O[Si](C)(C)C)O[Si](C)(C)C.[Cl-],cationic,,
Cn1cc[n+](CCC[Si](O[Si](C)(C)C)(O[Si](C)(C)C)O[Si](C)(C)C)c1.[Cl-],cationic,,
C[N+]1(CCC[Si](O[Si](C)(C)C)(O[Si](C)(C)C)O[Si](C)(C)C)CCCC1.[Cl-],cationic,,
C[Si](CCSCCCCOCCOCCOCCOCCOCCOCCOCCOCCOCCOCCOCCOCCOCCOCCOCCO)(O[Si](C)(C)c1ccccc1)O[Si](C)(C)c1ccccc1,non-ionic,,
C[Si](C)(O[Si](CCSCCCCOCCOCCOCCOCCOCCOCCOCCOCCOCCOCCOCCOCCOCCOCCOCCO)(O[Si](C)(C)c1ccccc1)O[Si](C)(C)c1ccccc1)c1ccccc1,non-ionic,,
C[Si](C)(C)O[Si](C)(CCSCCOCCOCCOCCOCCOCCOCCOCCOCCOCCOCCOCCOCCOCCOCCOCCO)O[Si](C)(C)C,non-ionic,silicon based,
C[Si](C)(C)O[Si](CCSCCOCCOCCOCCOCCOCCOCCOCCOCCOCCOCCOCCOCCOCCOCCOCCO)(O[Si](C)(C)C)O[Si](C)(C)C,non-ionic,silicon based,
C[Si](C)(C)O[Si](C)(O[Si](C)(C)C)O[Si](C)(C)CCSCCOCCOCCOCCOCCOCCOCCOCCOCCOCCOCCOCCOCCOCCOCCOCCO,non-ionic,silicon based,
CC[Si](CC)(CC)O[Si](C)(CCSCCOCCOCCOCCOCCOCCOCCOCCOCCOCCOCCOCCOCCOCCOCCOCCO)O[Si](CC)(CC)CC,non-ionic,silicon based,
CC(C)[Si](O[Si](C)(CCSCCOCCOCCOCCOCCOCCOCCOCCOCCOCCOCCOCCOCCOCCOCCOCCO)O[Si](C(C)C)(C(C)C)C(C)C)(C(C)C)C(C)C,non-ionic,silicon based,
CC(CO)OCC(C)OCC(C)OCC(C)OCC(C)OCC(C)OCCOCCOCCOCCOCCOCCOCCOCCOCCOCCOCCOCCOCCOCCOCCOCCOCCOCCOCCOCCOCCOCCOCCOCCOCCOCCOCCOCCCSCCC[Si](C)(C)C,non-ionic,,
CC[Si](C)(C)CCCSCCCOCCOCCOCCOCCOCCOCCOCCOCCOCCOCCOCCOCCOCCOCCOCCOCCOCCOCCOCCOCCOCCOCCOCCOCCOCCOCCOCCOC(C)COC(C)COC(C)COC(C)COC(C)COC(C)CO,non-ionic,silicon based,
CCC[Si](C)(C)CCCSCCCOCCOCCOCCOCCOCCOCCOCCOCCOCCOCCOCCOCCOCCOCCOCCOCCOCCOCCOCCOCCOCCOCCOCCOCCOCCOCCOCCOC(C)COC(C)COC(C)COC(C)COC(C)COC(C)CO,non-ionic,silicon based,
CCCC[Si](C)(C)CCCSCCCOCCOCCOCCOCCOCCOCCOCCOCCOCCOCCOCCOCCOCCOCCOCCOCCOCCOCCOCCOCCOCCOCCOCCOCCOCCOCCOCCOC(C)COC(C)COC(C)COC(C)COC(C)COC(C)CO,non-ionic,silicon based,
CC[Si](C)(CC)CCCSCCCOCCOCCOCCOCCOCCOCCOCCOCCOCCOCCOCCOCCOCCOCCOCCOCCOCCOCCOCCOCCOCCOCCOCCOCCOCCOCCOCCOC(C)COC(C)COC(C)COC(C)COC(C)COC(C)CO,non-ionic,silicon based,
CC[Si](CC)(CC)CCCSCCCOCCOCCOCCOCCOCCOCCOCCOCCOCCOCCOCCOCCOCCOCCOCCOCCOCCOCCOCCOCCOCCOCCOCCOCCOCCOCCOCCOC(C)COC(C)COC(C)COC(C)COC(C)COC(C)CO,non-ionic,silicon based,
CC(CO)OCC(C)OCC(C)OCC(C)OCC(C)OCC(C)OCCOCCOCCOCCOCCOCCOCCOCCOCCOCCOCCOCCOCCOCCOCCOCCOCCOCCOCCOCCOCCOCCOCCOCCOCCOCCOCCOCCCSCCC[Si](O[Si](C)(C)C)(O[Si](C)(C)C)O[Si](C)(C)C,non-ionic,,
C[Si](C)(C)O[Si](C)(CCCSCCCOCCOCCOCCOCCOCCOCCO)O[Si](C)(C)C,non-ionic,,
C[Si](C)(C)O[Si](C)(CCCSCCCOCCOCCOCCOCCOCCOCCOCCO)O[Si](C)(C)C,non-ionic,,
C[Si](C)(C)O[Si](C)(CCCSCCCOCCOCCOCCOCCOCCOCCOCCOCCO)O[Si](C)(C)C,non-ionic,,
C[Si](C)(C)O[Si](C)(CCCSCCCOCCOCCOCCOCCOCCOCCOCCOCCOCCOCCO)O[Si](C)(C)C,non-ionic,,
CCCCCCCCCCC(=O)OCC[N+](C)(C)CC(O)C[N+](C)(C)CCOC(=O)CCCCCCCCC.[Cl-].[Cl-],cationic,gemini,
CCCCCCCCCCCCC(=O)OCC[N+](C)(C)CC(O)C[N+](C)(C)CCOC(=O)CCCCCCCCCCC.[Cl-].[Cl-],cationic,gemini,
CCCCCCCCCCCCCCC(=O)OCC[N+](C)(C)CC(O)C[N+](C)(C)CCOC(=O)CCCCCCCCCCCCC.[Cl-].[Cl-],cationic,gemini,
CCCCCCCCCCCCCCCCC(=O)OCC[N+](C)(C)CC(O)C[N+](C)(C)CCOC(=O)CCCCCCCCCCCCCCC.[Cl-].[Cl-],cationic,gemini,
CCCCCCCCCCOCCCC[N+](C)(C)CC(O)C[N+](C)(C)CCCCOC(=O)CCCCCCCCCC.[Cl-].[Cl-],cationic,gemini,
CCCCCCCCCCC(=O)OCCCC[N+](C)(C)CC(O)C[N+](C)(C)CCCCOC(=O)CCCCCCCCC.[Cl-].[Cl-],cationic,gemini,
CCCCCCCCCCCCC(=O)OCC[N+](C)(C)C.[Cl-],cationic,,
CCCCCCCCCCCCC(=O)NCC[N+](C)(C)CC(O)C[N+](C)(C)CCNC(=O)CCCCCCCCCCC.[Cl-].[Cl-],cationic,gemini,
CCCCCCCCCCCCC(=O)NCC[N+](C)(C)C.[Cl-],cationic,,
CCCCCCCCCCC(=O)OCC[N+](C)(C)C/C=C/C[N+](C)(C)CCOC(=O)CCCCCCCCC.[Cl-].[Cl-],cationic,gemini,
CCCCCCCCCCCCC(=O)OCC[N+](C)(C)C/C=C/C[N+](C)(C)CCOC(=O)CCCCCCCCCCC.[Cl-].[Cl-],cationic,gemini,
CCCCCCCCCCC(=O)OCCCC[N+](C)(C)C/C=C/C[N+](C)(C)CCCCOC(=O)CCCCCCCCC.[Cl-].[Cl-],cationic,gemini,
CCCCCCCCCCC(=O)OCCCCCC[N+](C)(C)C/C=C/C[N+](C)(C)CCCCCCOC(=O)CCCCCCCCC.[Cl-].[Cl-],cationic,gemini,
CCCCCCCCCCCCCCC(=O)OCC[N+](C)(C)C/C=C/C[N+](C)(C)CCOC(=O)CCCCCCCCCCCCCC.[Cl-].[Cl-],cationic,gemini,
CCCCCCCCCCC(=O)OCCCCCC[N+](C)(C)C/C=C/C[N+](C)(C)CCCCOC(=O)CCCCCCCCC.[Cl-].[Cl-],cationic,gemini,
CCCCCCCCCCCCCCCCC(=O)OCC[N+](C)(C)C/C=C/C[N+](C)(C)CCOC(=O)CCCCCCCCCCCCCCCC.[Cl-].[Cl-],cationic,gemini,
CCCCCCCCCCCCCCCCCCC(=O)OCC[N+](C)(C)C/C=C/C[N+](C)(C)CCOC(=O)CCCCCCCCCCCCCCCCCC.[Cl-].[Cl-],cationic,gemini,
CCCCCCCCCCCCC(=O)OCC[N+](C)(C)C/C=C\C[N+](C)(C)CCOC(=O)CCCCCCCCCCCC.[Cl-].[Cl-],cationic,gemini,
CCCCCCCCCCCCC(=O)OCC[N+](C)(C)CC#CC[N+](C)(C)CCOC(=O)CCCCCCCCCCCC.[Cl-].[Cl-],cationic,gemini,
CCCCCCCCCCCCC(=O)OCC[N+](C)(C)CCCC[N+](C)(C)CCOC(=O)CCCCCCCCCCCC.[Cl-].[Cl-],cationic,gemini,
CCCCCCCCCCCCC(=O)OCC[N+](C)(C)CC(O)C[N+](C)(C)CCOC(=O)CCCCCCCCCCCC.[Cl-].[Cl-],cationic,gemini,
CCCCCCCCCCCC[N+](C)(C)C/C=C/C[N+](C)(C)CCCCCCCCCCCC.[Cl-].[Cl-],cationic,gemini,
CCCCCCCCCCCCCC[N+](C)(C)C/C=C/C[N+](C)(C)CCCCCCCCCCCCCC.[Cl-].[Cl-],cationic,gemini,
CCCCCCCCCC[N+](C)(C)C/C=C/C[N+](C)(C)CCCCCCCCCC.[Cl-].[Cl-],cationic,gemini,
CCCCCCCCCCCCCCCC[N+](C)(C)C/C=C/C[N+](C)(C)CCCCCCCCCCCCCCCC.[Cl-].[Cl-],cationic,gemini,
CCCCCCCCCC[N+](C)(C)C/C=C\C[N+](C)(C)CCCCCCCCCC.[Cl-].[Cl-],cationic,gemini,
CCCCCCCCCCCC[N+](C)(C)C/C=C\C[N+](C)(C)CCCCCCCCCCCC.[Cl-].[Cl-],cationic,gemini,
CCCCCCCCCCCCCC[N+](C)(C)C/C=C\C[N+](C)(C)CCCCCCCCCCCCCC.[Cl-].[Cl-],cationic,gemini,
CCCCCCCCCCCCCCCC[N+](C)(C)C/C=C\C[N+](C)(C)CCCCCCCCCCCCCCCC.[Cl-].[Cl-],cationic,gemini,
CCCCCCCCCC[N+](C)(C)CCCC[N+](C)(C)CCCCCCCCCC.[Cl-].[Cl-],cationic,gemini,
CCCCCCCCCCCC[N+](C)(C)CCCC[N+](C)(C)CCCCCCCCCCCC.[Cl-].[Cl-],cationic,gemini,
CCCCCCCCCCCCCC[N+](C)(C)CCCC[N+](C)(C)CCCCCCCCCCCCCC.[Cl-].[Cl-],cationic,gemini,
CCCCCCCCCCCCCCCC[N+](C)(C)CCCC[N+](C)(C)CCCCCCCCCCCCCCCC.[Cl-].[Cl-],cationic,gemini,
CCCCCCCCCCCCCCC(=O)OCC[N+](C)(CCO)CC[N+](C)(CCO)CCOC(=O)CCCCCCCCCCCCC.[Br-].[Br-],cationic,gemini,
CCCCCCCCCCCCCCC(=O)OCC[N+](C)(CCO)CCCCCC[N+](C)(CCO)CCOC(=O)CCCCCCCCCCCCC.[Br-].[Br-],cationic,gemini,
CCCCCCCCCCCCCCC(=O)OCC[N+](C)(CCO)CCCCCCCCCCCC[N+](C)(CCO)CCOC(=O)CCCCCCCCCCCCC.[Br-].[Br-],cationic,gemini,
CCCCCCCCCCCC[NH+](CCCCCCCCCCCC)CC[NH+](CCCCCCCCCCCC)CCCCCCCCCCCC.[Br-].[Br-],cationic,gemini,
CCCCCCCCCCCC[NH+](CCCCCCCCCCCC)CCC[NH+](CCCCCCCCCCCC)CCCCCCCCCCCC.[Br-].[Br-],cationic,gemini,
CCCCCCCCCCCC[NH+](CCCCCCCCCCCC)CCCCCC[NH+](CCCCCCCCCCCC)CCCCCCCCCCCC.[Br-].[Br-],cationic,gemini,
CCCCCCCCCCCC[N+](C)(C)CC(=O)O.[Br-],cationic,,
CCCCCCCCCCCC[N+](C)(C)CCO.[Br-],cationic,,
CCCCCCCCCCCC[N+](C)(C)CC(=O)O.CCCCCCCCCCCC[N+](C)(C)CCO.[Br-].[Br-],cationic,gemini,
CCCCCCCCCCCC[N+](C)(C)CCOC(=O)CC[N+](C)(C)CCCCCCCCCCCC.[Br-].[Br-],cationic,gemini,
CCCCCCCCCCCCc1cc[n+](CCC[N+](CC)(CC)CC)cc1.[Br-].[Br-],cationic,gemini,
CCCCCCCCCCCCc1cc[n+]([C@@H]2O[C@H](CO)[C@@H](O)[C@H](O)[C@H]2O)cc1.[Br-],cationic,,
CCCCCCCCCCCCc1cc[n+](C[C@H]2O[C@H](CO)[C@@H](O)[C@H](O)[C@H]2O)cc1.[Br-],cationic,,
CCCCCCCCCCCCc1cc[n+](C)cc1.[Br-],cationic,,
CCCCCCCCCCCC[N+](C)(C)Cc1ccccc1.[Br-],cationic,,
CCCCCCCCCCCCOCCOCCOCCOCCCOCCCOCCCOCCCOCCCOCCCO,non-ionic,,
CCCCCCCCCCCCOCCOCCOCCOCCOCCCOCCCOCCCOCCCOCCCO,non-ionic,,
CCCCCCCCCCCCOCCOCCOCCOCCOCCOCCCOCCCOCCCOCCCO,non-ionic,,
C=CC[N+](C)(C)CCCCCCCCCCCC.[Br-],cationic,,
C=CC[N+](C)(C)CCCCCCCCCCCCCCCC.[Br-],cationic,,
C=CC[N+](C)(C)CCCCCCCCCCCCCCCCCC.[Br-],cationic,,
CCCCCCCCCCCCCCCCCC[N+](C)(C)CC(O)CN1CCN(CC(O)C[N+](C)(C)CCCCCCCCCCCCCCCCCC)CC1.[Cl-].[Cl-],cationic,gemini,
CCCCCCCCCCCCCCCC[N+](C)(C)CC(O)CN1CCN(CC(O)C[N+](C)(C)CCCCCCCCCCCCCCCC)CC1.[Cl-].[Cl-],cationic,gemini,
CCCCCCCCCCCC[N+](C)(C)CC(O)CN1CCN(CC(O)C[N+](C)(C)CCCCCCCCCCCC)CC1.[Cl-].[Cl-],cationic,gemini,
CCCCCCCCCCCCCCCCCC[N+](C)(C)CC1CO1.[Cl-],cationic,,
CCCCCCCCCCCCCCCCCC[N+](C)(C)CC(O)COCCOCCOCCOCCOCCOCCOCCOCCOCCOCCCCCCCCCCCC.[Cl-],cationic,,
CCCCCCCC(=O)NCCC[N+](C)(C)CC(O)C[N+](C)(C)CCCNC(=O)CCCCCCC.[Cl-].[Cl-],cationic,gemini,
CCCCCCCCCCCC(=O)NCCC[N+](C)(C)CC(O)C[N+](C)(C)CCCNC(=O)CCCCCCCCCCC.[Cl-].[Cl-],cationic,gemini,
CCCCCCCCCCCCCCCC(=O)NCCC[N+](C)(C)CC(O)C[N+](C)(C)CCCNC(=O)CCCCCCCCCCCCCCC.[Cl-].[Cl-],cationic,gemini,
CCCCCCCCCCCCCCCC[N+](C)(C)CC(=O)Nc1ccccc1.[Cl-],cationic,,
CCCCCCCCCCCC[N+](C)(C)CC(O)CN(CC)CC(O)C[N+](C)(C)CCCCCCCCCCCC.[Cl-].[Cl-],cationic,gemini,
CCCCCCCCCCCC[N+](C)(C)CC(O)CN(CCCCCC)CC(O)C[N+](C)(C)CCCCCCCCCCCC.[Cl-].[Cl-],cationic,gemini,
CCCCCCCCCCCC[N+](C)(C)CC(O)C[N+](CC)(CC)CC(O)C[N+](C)(C)CCCCCCCCCCCC.[Cl-].[Cl-].[Cl-],cationic,gemini,
CCCCCCCCCCCC[N+](C)(C)CC(O)C[N+](CCCCCC)(CCCCCC)CC(O)C[N+](C)(C)CCCCCCCCCCCC.[Cl-].[Cl-].[Cl-],cationic,gemini,
CCCCCCCCCCCCn1cc[n+](C)c1.F[B-](F)(F)F,cationic,,
CCCCCCCCCCCCCCn1cc[n+](C)c1.F[B-](F)(F)F,cationic,,
CCCCCCCCCCCCCCCCn1cc[n+](C)c1.F[B-](F)(F)F,cationic,,
CCCCCCCCCCCCn1cc[n+](C)c1.[Cl-],cationic,,
CCCCCCCCCCCCCCn1cc[n+](C)c1.[Cl-],cationic,,
CCCCCCCCCCCCCCCCn1cc[n+](C)c1.[Cl-],cationic,,
CCCCCCCCCC(=O)N(C)C[C@H](O)[C@@H](O)[C@H](O[C@@H]1O[C@H](CO)[C@H](O)[C@H](O)[C@H]1O)[C@H](O)CO,non-ionic,sugar based,
CCCCCCCCCCCC(=O)N(C)C[C@H](O)[C@@H](O)[C@H](O[C@@H]1O[C@H](CO)[C@H](O)[C@H](O)[C@H]1O)[C@H](O)CO,non-ionic,sugar based,
CCCCCCCCCCCCCC(=O)N(C)C[C@H](O)[C@@H](O)[C@H](O[C@@H]1O[C@H](CO)[C@H](O)[C@H](O)[C@H]1O)[C@H](O)CO,non-ionic,sugar based,
CCCCCCCCCCCCCCCC(=O)N(C)C[C@H](O)[C@@H](O)[C@H](O[C@@H]1O[C@H](CO)[C@H](O)[C@H](O)[C@H]1O)[C@H](O)CO,non-ionic,sugar based,
CCCCCCCCCCCCCCCCCC(=O)N(C)C[C@H](O)[C@@H](O)[C@H](O[C@@H]1O[C@H](CO)[C@H](O)[C@H](O)[C@H]1O)[C@H](O)CO,non-ionic,sugar based,
CCCCCCCCCCCCCC(=O)N(C)C[C@H](O)[C@@H](O)[C@H](O)[C@H](O)CO,cationic,gemini,
CCCCCCCCCCCCOC(=O)C(C)[N+](C)(C)CC[N+](C)(C)C(C)C(=O)OCCCCCCCCCCCC.[Br-].[Br-],cationic,gemini,
CCCCCCCCCCOC(=O)C(C)[N+](C)(C)CC[N+](C)(C)C(C)C(=O)OCCCCCCCCCC.[Br-].[Br-],cationic,gemini,
CCCCCCCCCCCC[N+](C)(C)CC(=O)NCCN(CCNC(=O)C[N+](C)(C)CCCCCCCCCCCC)CCNC(=O)C[N+](C)(C)CCCCCCCCCCCC.[Cl-].[Cl-].[Cl-],cationic,gemini,
CCCCCCCCCCCC[N+](C)(C)CC(=O)NCCN(CCNC(=O)C[N+](C)(C)CCCCCCCCCCCC)C(=O)C[N+](C)(C)CCCCCCCCCCCC.[Cl-].[Cl-].[Cl-],cationic,gemini,
CCCCCCCCCCCC(=O)OCC[N+](C)(C)CC(O)C[N+](C)(C)CCOC(=O)CCCCCCC.[Cl-].[Cl-],cationic,gemini,
CCCCCCCCCCCC(=O)OCC[N+](C)(C)CC(O)C[N+](C)(C)CCOC(=O)CCCCCCCCC.[Cl-].[Cl-],cationic,gemini,
CCCCCCCCCCCCCCCC(=O)OCC[N+](C)(C)CC(O)C[N+](C)(C)CCOC(=O)CCCCCCCCCCC.[Cl-].[Cl-],cationic,gemini,
CCCCCCCCCCCC[N+](C)(C)CCCNC(=O)c1ccc(C(=O)NCCC[N+](C)(C)CCCCCCCCCCCC)cc1.[Br-].[Br-],cationic,gemini,
CCCCCCCCCCCCCC[N+](C)(C)CCCNC(=O)c1ccc(C(=O)NCCC[N+](C)(C)CCCCCCCCCCCCCC)cc1.[Br-].[Br-],cationic,gemini,
CCCCCCCCCCCCCCCC[N+](C)(C)CCCNC(=O)c1ccc(C(=O)NCCC[N+](C)(C)CCCCCCCCCCCCCCCC)cc1.[Br-].[Br-],cationic,gemini,
CCCCCCCCCCCC[N+](C)(C)CC(=O)OCCCOC(=O)C[N+](C)(C)CCCCCCCCCCCC.[Cl-].[Cl-],cationic,gemini,
CCCCCCCCCCCCCC[N+](C)(C)CC(=O)OCCCOC(=O)C[N+](C)(C)CCCCCCCCCCCCCC.[Cl-].[Cl-],cationic,gemini,
CCCCCCCCCCCCCCCC[N+](C)(C)CC(=O)OCCCOC(=O)C[N+](C)(C)CCCCCCCCCCCCCCCC.[Cl-].[Cl-],cationic,gemini,
CCCCCCCC[N+](C)(C)CC[N+](C)(CCCCCCCC)CC[N+](C)(C)CCCCCCCC.[Br-].[Br-].[Br-],cationic,gemini,
CCCCCCCCCC[N+](C)(C)CC[N+](C)(CCCCCCCCCC)CC[N+](C)(C)CCCCCCCCCC.[Br-].[Br-].[Br-],cationic,gemini,
CCCCCCCCCCCC[N+](C)(C)CC[N+](C)(CCCCCCCCCCCC)CC[N+](C)(C)CCCCCCCCCCCC.[Br-].[Br-].[Br-],cationic,gemini,
CCCCCCCC[N+](C)(C)CCN(CC[N+](C)(C)CCCCCCCC)CC[N+](C)(C)CCCCCCCC.[Br-].[Br-].[Br-],cationic,gemini,
CCCCCCCCCC[N+](C)(C)CCN(CC[N+](C)(C)CCCCCCCCCC)CC[N+](C)(C)CCCCCCCCCC.[Br-].[Br-].[Br-],cationic,gemini,
CCCCCCCCCCCC[N+](C)(C)CCN(CC[N+](C)(C)CCCCCCCCCCCC)CC[N+](C)(C)CCCCCCCCCCCC.[Br-].[Br-].[Br-],cationic,gemini,
CCCCCCCCCCCCCC[N+](C)(C)CCN(CC[N+](C)(C)CCCCCCCCCCCCCC)CC[N+](C)(C)CCCCCCCCCCCCCC.[Br-].[Br-].[Br-],cationic,gemini,
CCCCCCCCCCCC[N+](C)(C)CCC[N+](C)(CCCCCCCCCCCC)CCC[N+](C)(C)CCCCCCCCCCCC.[Br-].[Br-].[Br-],cationic,gemini,
CCCCCCCCCCCC[N+](C)(C)CCCCCC[N+](C)(CCCCCCCCCCCC)CCCCCC[N+](C)(C)CCCCCCCCCCCC.[Br-].[Br-].[Br-],cationic,gemini,
CCCCCCCCCC[N+](C)(C)CCN(CCC(=O)OC)CCC(=O)OC.[Br-],cationic,,
CCCCCCCCCCCCCC[N+](C)(C)CCN(CCC(=O)OC)CCC(=O)OC.[Br-],cationic,,
CCCCCCCCCCCCCCCCCC[N+](C)(C)CCN(CCC(=O)OC)CCC(=O)OC.[Br-],cationic,,
CCCCCCCCCC[N+](C)(C)CCN(CCC(=O)NCCN(CCC(=O)OC)CCC(=O)OC)CCC(=O)NCCN(CCC(=O)OC)CCC(=O)OC.[Br-],cationic,,
CCCCCCCCCCCCCC[N+](C)(C)CCN(CCC(=O)NCCN(CCC(=O)OC)CCC(=O)OC)CCC(=O)NCCN(CCC(=O)OC)CCC(=O)OC.[Br-],cationic,,
CCCCCCCCCCCCCCCCCC[N+](C)(C)CCN(CCC(=O)NCCN(CCC(=O)OC)CCC(=O)OC)CCC(=O)NCCN(CCC(=O)OC)CCC(=O)OC.[Br-],cationic,,
CCCCCCCCCC[N+](C)(C)CCN(CCC(=O)NCCN(CCC(=O)NCCC(=O)OC)CCC(=O)NCCC(=O)OC)CCC(=O)NCCN(CCC(=O)NCCC(=O)OC)CCC(=O)NCCC(=O)OC.[Br-],cationic,,
CCCCCCCCCCCCCC[N+](C)(C)CCN(CCC(=O)NCCN(CCC(=O)NCCC(=O)OC)CCC(=O)NCCC(=O)OC)CCC(=O)NCCN(CCC(=O)NCCC(=O)OC)CCC(=O)NCCC(=O)OC.[Br-],cationic,,
CCCCCCCCCCCCCCCCCC[N+](C)(C)CCN(CCC(=O)NCCN(CCC(=O)NCCC(=O)OC)CCC(=O)NCCC(=O)OC)CCC(=O)NCCN(CCC(=O)NCCC(=O)OC)CCC(=O)NCCC(=O)OC.[Br-],cationic,,
CCCCCCCCCCCC[N+](C)(C)CCC[N+](C)(CCCCCCCCCCCC)CCC[N+](C)(C)CCCCCCCCCCCC.[Cl-].[Cl-].[Cl-],cationic,gemini,
CCCCCCCCCCCCNC(=O)[C@H](O)[C@@H](O)[C@H](O)[C@H](O)COC1O[C@H](COC2O[C@H](COC3O[C@H](COC4O[C@H](COC5O[C@H](COC6O[C@H](COC7O[C@H](COC8O[C@H](CO)[C@@H](O)[C@H](O)[C@H]8O)[C@@H](O)[C@H](O)[C@H]7O)[C@@H](O)[C@H](O)[C@H]6O)[C@@H](O)[C@H](O)[C@H]5O)[C@@H](O)[C@H](O)[C@H]4O)[C@@H](O)[C@H](O)[C@H]3O)[C@@H](O)[C@H](O)[C@H]2O)[C@@H](O)[C@H](O)[C@H]1O,non-ionic,sugar based,
CCCCCCCCCC[N+](CC)(CC)CC(=O)NCCNC(=O)C[N+](CC)(CC)CCCCCCCCCC.[Cl-].[Cl-],cationic,gemini,
CCCCCCCCCCCC[N+](CC)(CC)CC(=O)NCCNC(=O)C[N+](CC)(CC)CCCCCCCCCCCC.[Cl-].[Cl-],cationic,gemini,
CCCCCCCCCCCCCC[N+](CC)(CC)CC(=O)NCCNC(=O)C[N+](CC)(CC)CCCCCCCCCCCCCC.[Cl-].[Cl-],cationic,gemini,
CCCCCCCCCCCCCCCC[N+](CC)(CC)CC(=O)NCCNC(=O)C[N+](CC)(CC)CCCCCCCCCCCCCCCC.[Cl-].[Cl-],cationic,gemini,
CCCCCCCCCCCC[N+](C)(C)CCOC(C)=O.[Br-],cationic,,
CCCCCCCCCCCC[N+](C)(C)CCOC(=O)CCC(=O)OCC[N+](C)(C)CCCCCCCCCCCC.[Br-].[Br-],cationic,gemini,
CCCCCCCCCCCC[N+](C)(C)CCOC(=O)/C=C/C(=O)OCC[N+](C)(C)CCCCCCCCCCCC.[Br-].[Br-],cationic,gemini,
CCCCCCCCC(CCCCCC)C[N+](C)(C)CCO.[Cl-],cationic,,
CCCCCCCCC(CCCCCC)C[N+](C)(C)C.[Cl-],cationic,,
CCCCCCCCCCCC(=O)N[C@@H](CCC(=O)O)C(=O)[O-].[Na+],anionic,,
CCCCCCCCCCCC[N+](C)(C)Cc1cccc(OC)c1.[Cl-],cationic,,
CCCCCCCCCCCCCC[N+](C)(C)Cc1cccc(OC)c1.[Cl-],cationic,,
CCCCCCCCCCCCCCCC[N+](C)(C)Cc1cccc(OC)c1.[Cl-],cationic,,
CCCCCCCCCCCCCCCCCC[N+](C)(C)Cc1cccc(OC)c1.[Cl-],cationic,,
CCCCCCCCCCCC[NH+]1CCOCC1.[Br-],cationic,,
CCCCCCCCCCCCCCCC[NH+]1CCOCC1.[Br-],cationic,,
CCCCCCCCCC[N+]1(Cc2ccc(C[N+]3(CCCCCCCCCC)CCOCC3)cc2)CCOCC1.[Cl-].[Cl-],cationic,gemini,
CCCCCCCCCCCC[N+]1(Cc2ccc(C[N+]3(CCCCCCCCCCCC)CCOCC3)cc2)CCOCC1.[Cl-].[Cl-],cationic,gemini,
CCCCCCCCCCCCCC[N+]1(Cc2ccc(C[N+]3(CCCCCCCCCCCCCC)CCOCC3)cc2)CCOCC1.[Cl-].[Cl-],cationic,gemini,
CCCCCCCCCCCCCCCC[N+]1(Cc2ccc(C[N+]3(CCCCCCCCCCCCCCCC)CCOCC3)cc2)CCOCC1.[Cl-].[Cl-],cationic,gemini,
CCCCCCCCCC[N+]1(Cc2ccc(-c3ccc(C[N+]4(CCCCCCCCCC)CCOCC4)cc3)cc2)CCOCC1.[Cl-].[Cl-],cationic,gemini,
CCCCCCCCCCCC[N+]1(Cc2ccc(-c3ccc(C[N+]4(CCCCCCCCCCCC)CCOCC4)cc3)cc2)CCOCC1.[Cl-].[Cl-],cationic,gemini,
CCCCCCCCCCCCCC[N+]1(Cc2ccc(-c3ccc(C[N+]4(CCCCCCCCCCCCCC)CCOCC4)cc3)cc2)CCOCC1.[Cl-].[Cl-],cationic,gemini,
CCCCCCCCCCCCCC[N+](C)(C)CCCNC(=O)[C@H](O)[C@@H](O)[C@H](O)[C@H](O)CO.[Br-],cationic,sugar based,
CCCCCCCCCCCC[N+](C)(C)CCCNC(=O)[C@H](O)[C@@H](O)[C@H](O)[C@H](O)CO.[Br-],cationic,sugar based,
CCCCCCCCCCCCCC[N+](C)(C)CCCNC(=O)[C@H](O)[C@@H](O)[C@H](O[C@@H]1O[C@H](CO)[C@H](O)[C@H](O)[C@H]1O)[C@H](O)CO.[Br-],cationic,sugar based,
CCCCCCCCCCCC[N+](C)(C)CCCNC(=O)[C@H](O)[C@@H](O)[C@H](O[C@@H]1O[C@H](CO)[C@H](O)[C@H](O)[C@H]1O)[C@H](O)CO.[Br-],cationic,sugar based,
CCCCCCCCCC[N+](C)(C)CCCNC(=O)[C@H](O)[C@@H](O)[C@H](O[C@@H]1O[C@H](CO)[C@H](O)[C@H](O)[C@H]1O)[C@H](O)CO.[Br-],cationic,sugar based,
CCCCCCCCCCCCCC[N+](C)(CCO)CCCNC(=O)[C@H](O)[C@@H](O)[C@H](O)[C@H](O)CO.[Br-],cationic,,
CCCCCCCCCCCC[N+](C)(CCO)CCCNC(=O)[C@H](O)[C@@H](O)[C@H](O)[C@H](O)CO.[Br-],cationic,,
CCCCCCCCCC[N+](C)(CCO)CCCNC(=O)[C@H](O)[C@@H](O)[C@H](O)[C@H](O)CO.[Br-],cationic,,
CCCCCCCCc1cccc[n+]1CCCC[n+]1ccccc1CCCCCCCC.[Br-].[Br-],cationic,gemini,
CCCCCCCCCCc1cccc[n+]1CCCC[n+]1ccccc1CCCCCCCCCC.[Br-].[Br-],cationic,gemini,
CCCCCCCCCCCCc1cccc[n+]1CCCC[n+]1ccccc1CCCCCCCCCCCC.[Br-].[Br-],cationic,gemini,
CCCCCCCCc1cccc[n+]1CCCCCC[n+]1ccccc1CCCCCCCC.[Br-].[Br-],cationic,gemini,
CCCCCCCCCCc1cccc[n+]1CCCCCC[n+]1ccccc1CCCCCCCCCC.[Br-].[Br-],cationic,gemini,
CCCCCCCCCCCCc1cccc[n+]1CCCCCC[n+]1ccccc1CCCCCCCCCCCC.[Br-].[Br-],cationic,gemini,
CCCCCCCCCCc1cccc[n+]1CC.[Br-],cationic,,
CCCCCCCCCCc1cccc[n+]1CCC.[Br-],cationic,,
CCCCCCCCCCCCc1cccc[n+]1CC.[Br-],cationic,,
CCCCCCCCCCCCc1cccc[n+]1CCC.[Br-],cationic,,
CCCCCCCCOCC(COCCOCC(COCCCCCCCC)OS(=O)(=O)[O-])OS(=O)(=O)[O-].[Na+].[Na+],anionic,gemini,
CCCCCCCCOCC(COCCCCOCC(COCCCCCCCC)OS(=O)(=O)[O-])OS(=O)(=O)[O-].[Na+].[Na+],anionic,gemini,
CCCCCCCCOCC(COCCOCCOCCOCC(COCCCCCCCC)OS(=O)(=O)[O-])OS(=O)(=O)[O-].[Na+].[Na+],anionic,gemini,
CCCCCCCCOCC(COc1ccc(OCC(COCCCCCCCC)OS(=O)(=O)[O-])cc1)OS(=O)(=O)[O-].[Na+].[Na+],anionic,gemini,
CCCCCCCCOCC(COc1ccccc1OCC(COCCCCCCCC)OS(=O)(=O)[O-])OS(=O)(=O)[O-].[Na+].[Na+],anionic,gemini,
CCCCCCCCOCC(COc1ccccc1OCC(COCCCCCCCC)OS(=O)(=O)[O-])OS(=O)(=O)[O-].[Na+].[Na+],anionic,gemini,
CCCCCCCCCCOCC(COCCCCOCC(COCCCCCCCCCC)OS(=O)(=O)[O-])OS(=O)(=O)[O-].[Na+].[Na+],anionic,gemini,
CCCCCCCCCCOCC(COCCOCCOCCOCC(COCCCCCCCCCC)OS(=O)(=O)[O-])OS(=O)(=O)[O-].[Na+].[Na+],anionic,gemini,
CCCCCCCCCCOCC(COc1ccc(OCC(COCCCCCCCCCC)OS(=O)(=O)[O-])cc1)OS(=O)(=O)[O-].[Na+].[Na+],anionic,gemini,
CCCCCCCCCCOCC(COc1ccccc1OCC(COCCCCCCCCCC)OS(=O)(=O)[O-])OS(=O)(=O)[O-].[Na+].[Na+],anionic,gemini,
CCCCCCCCCCCC[N+](C)(C)CC(=O)Oc1ccc(OC(=O)C[N+](C)(C)CCCCCCCCCCCC)cc1.[Cl-].[Cl-],cationic,gemini,
CCCCCCCCCCCCCC[N+](C)(C)CC(=O)Oc1ccc(OC(=O)C[N+](C)(C)CCCCCCCCCCCCCC)cc1.[Cl-].[Cl-],cationic,gemini,
CCCCCCCCCCCC[N+](C)(C)CC(=O)OCc1ccc(COC(=O)C[N+](C)(C)CCCCCCCCCCCC)cc1.[Cl-].[Cl-],cationic,gemini,
CCCCCCCCCCCCCC[N+](C)(C)CC(=O)OCc1ccc(COC(=O)C[N+](C)(C)CCCCCCCCCCCCCC)cc1.[Cl-].[Cl-],cationic,gemini,
CCCCCCCCCCCCC(=O)OCC(COC(=O)CCCCCCCCCCCC)(C[n+]1ccn(C)c1)C[n+]1ccn(C)c1.[Br-].[Br-],cationic,gemini,
CCCCCCCCCCCCCCC(=O)OCC(COC(=O)CCCCCCCCCCCCCC)(C[n+]1ccn(C)c1)C[n+]1ccn(C)c1.[Br-].[Br-],cationic,gemini,
CCCCCCCCCCCCCCCCC(=O)OCC(COC(=O)CCCCCCCCCCCCCCCC)(C[n+]1ccn(C)c1)C[n+]1ccn(C)c1.[Br-].[Br-],cationic,gemini,
CCCCCCCCCCOC(=O)CC[N+](C)(C)CCC(=O)OCCCCCCCCCC.[Br-],cationic,,
CCCCCCCCCCCCOC(=O)CC[N+](C)(C)CCC(=O)OCCCCCCCCCCCC.[Br-],cationic,,
CCCCCCCCNC(=O)CC[N+](C)(C)CCC(=O)NCCCCCCCC.[Br-],cationic,,
CCCCCCCCCCNC(=O)CC[N+](C)(C)CCC(=O)NCCCCCCCCCC.[Br-],cationic,,
CCCCCCCCCCCCNC(=O)CC[N+](C)(C)CCC(=O)NCCCCCCCCCCCC.[Br-],cationic,,
